time="2025-04-30T14:44:28+02:00" level=info msg="Process all redistributable repositories."
time="2025-04-30T14:44:28+02:00" level=info msg="Start Processing."
time="2025-04-30T14:44:28+02:00" level=info msg="Processing 280 repositories with 8 workers"
time="2025-04-30T14:44:28+02:00" level=info msg="Processing repository 911609151" repository_id=911609151 worker_id=4
time="2025-04-30T14:44:28+02:00" level=info msg="Processing repository 912763381" repository_id=912763381 worker_id=1
time="2025-04-30T14:44:28+02:00" level=info msg="Processing repository 911215496" repository_id=911215496 worker_id=3
time="2025-04-30T14:44:28+02:00" level=info msg="Cloning https://github.com/Azure/terraform-azurerm-avm-ptn-ai-foundry-enterprise.git" repository_id=911215496 worker_id=3
time="2025-04-30T14:44:28+02:00" level=info msg="Cloning https://github.com/ironexdev/ent-stack-devops.git" repository_id=911609151 worker_id=4
time="2025-04-30T14:44:28+02:00" level=info msg="Cloning https://github.com/cookielab/terraform-kubernetes-grafana-alloy.git" repository_id=912763381 worker_id=1
time="2025-04-30T14:44:28+02:00" level=info msg="Processing repository 911867589" repository_id=911867589 worker_id=6
time="2025-04-30T14:44:28+02:00" level=info msg="Cloning https://github.com/akhileshmishrabiz/devops-bootcamp.git" repository_id=911867589 worker_id=6
time="2025-04-30T14:44:28+02:00" level=info msg="Processing repository 911709939" repository_id=911709939 worker_id=5
time="2025-04-30T14:44:28+02:00" level=info msg="Processing repository 912014989" repository_id=912014989 worker_id=8
time="2025-04-30T14:44:28+02:00" level=info msg="Cloning https://github.com/matt-FFFFFF/terraform-azure-minecraft-server.git" repository_id=911709939 worker_id=5
time="2025-04-30T14:44:28+02:00" level=info msg="Cloning https://github.com/evereven-tech/horizons-omnichat.git" repository_id=912014989 worker_id=8
time="2025-04-30T14:44:28+02:00" level=info msg="Processing repository 911940098" repository_id=911940098 worker_id=7
time="2025-04-30T14:44:28+02:00" level=info msg="Cloning https://github.com/rithwiksrivastav4/terraform.git" repository_id=911940098 worker_id=7
time="2025-04-30T14:44:28+02:00" level=info msg="Processing repository 912596248" repository_id=912596248 worker_id=2
time="2025-04-30T14:44:28+02:00" level=info msg="Cloning https://github.com/dellabeneta/project-argocd.git" repository_id=912596248 worker_id=2
time="2025-04-30T14:44:29+02:00" level=debug msg="Found 3 module directories" repository_id=911709939 worker_id=5
time="2025-04-30T14:44:29+02:00" level=info msg="Analyzed 3 modules" repository_id=911709939 worker_id=5
time="2025-04-30T14:44:29+02:00" level=debug msg="Found 10 module directories" repository_id=912763381 worker_id=1
time="2025-04-30T14:44:29+02:00" level=info msg="Created TAR GZ file repositories/911709939.tar.gz" repository_id=911709939 worker_id=5
time="2025-04-30T14:44:29+02:00" level=info msg="Removed repository directory repositories/911709939" repository_id=911709939 worker_id=5
time="2025-04-30T14:44:29+02:00" level=info msg="Processing repository 912787854" repository_id=912787854 worker_id=5
time="2025-04-30T14:44:29+02:00" level=info msg="Cloning https://github.com/boozt-platform/terraform-cloudflare-tunnel.git" repository_id=912787854 worker_id=5
time="2025-04-30T14:44:29+02:00" level=info msg="Updated commit SHA ba7910823895ae88c9740a04f909bb551fe6e587" repository_id=911709939
time="2025-04-30T14:44:29+02:00" level=info msg="Analyzed 10 modules" repository_id=912763381 worker_id=1
time="2025-04-30T14:44:29+02:00" level=info msg="Stored module examples/basic" repository_id=911709939
time="2025-04-30T14:44:29+02:00" level=info msg="Stored module examples/curseforge" repository_id=911709939
time="2025-04-30T14:44:29+02:00" level=info msg="Stored module ." repository_id=911709939
time="2025-04-30T14:44:29+02:00" level=info msg="Created TAR GZ file repositories/912763381.tar.gz" repository_id=912763381 worker_id=1
time="2025-04-30T14:44:29+02:00" level=debug msg="Found 15 module directories" repository_id=911940098 worker_id=7
time="2025-04-30T14:44:29+02:00" level=info msg="Removed repository directory repositories/912763381" repository_id=912763381 worker_id=1
time="2025-04-30T14:44:29+02:00" level=info msg="Processing repository 912818912" repository_id=912818912 worker_id=1
time="2025-04-30T14:44:29+02:00" level=info msg="Cloning https://github.com/energy-dsi/dpn-deployment.git" repository_id=912818912 worker_id=1
time="2025-04-30T14:44:29+02:00" level=info msg="Updated commit SHA 3f68b3492508ab71e7d8d1444b2a0ede78a9a206" repository_id=912763381
time="2025-04-30T14:44:29+02:00" level=info msg="Stored module ." repository_id=912763381
time="2025-04-30T14:44:29+02:00" level=info msg="Stored module examples" repository_id=912763381
time="2025-04-30T14:44:29+02:00" level=info msg="Stored module modules/aws" repository_id=912763381
time="2025-04-30T14:44:29+02:00" level=info msg="Stored module modules/cluster" repository_id=912763381
time="2025-04-30T14:44:29+02:00" level=info msg="Stored module modules/custom" repository_id=912763381
time="2025-04-30T14:44:29+02:00" level=info msg="Stored module modules/kafka" repository_id=912763381
time="2025-04-30T14:44:29+02:00" level=info msg="Stored module modules/loki-logs" repository_id=912763381
time="2025-04-30T14:44:29+02:00" level=info msg="Stored module modules/node" repository_id=912763381
time="2025-04-30T14:44:29+02:00" level=info msg="Stored module modules/otel-collector" repository_id=912763381
time="2025-04-30T14:44:29+02:00" level=info msg="Stored module modules/single" repository_id=912763381
time="2025-04-30T14:44:29+02:00" level=info msg="Analyzed 15 modules" repository_id=911940098 worker_id=7
time="2025-04-30T14:44:29+02:00" level=info msg="Created TAR GZ file repositories/911940098.tar.gz" repository_id=911940098 worker_id=7
time="2025-04-30T14:44:29+02:00" level=info msg="Removed repository directory repositories/911940098" repository_id=911940098 worker_id=7
time="2025-04-30T14:44:29+02:00" level=info msg="Processing repository 913326228" repository_id=913326228 worker_id=7
time="2025-04-30T14:44:29+02:00" level=info msg="Cloning https://github.com/abarrak/terraform-oci-users.git" repository_id=913326228 worker_id=7
time="2025-04-30T14:44:29+02:00" level=info msg="Updated commit SHA c3664be9343186c19d3159b032455a8b2971c0aa" repository_id=911940098
time="2025-04-30T14:44:29+02:00" level=info msg="Stored module aws/Ntire_arc" repository_id=911940098
time="2025-04-30T14:44:29+02:00" level=info msg="Stored module aws/activity1" repository_id=911940098
time="2025-04-30T14:44:29+02:00" level=info msg="Stored module aws/activity2" repository_id=911940098
time="2025-04-30T14:44:29+02:00" level=info msg="Stored module aws/activity3" repository_id=911940098
time="2025-04-30T14:44:29+02:00" level=info msg="Stored module aws/activity4" repository_id=911940098
time="2025-04-30T14:44:29+02:00" level=info msg="Stored module aws/activity5" repository_id=911940098
time="2025-04-30T14:44:29+02:00" level=info msg="Stored module aws/activity6" repository_id=911940098
time="2025-04-30T14:44:29+02:00" level=info msg="Stored module aws/module_usage" repository_id=911940098
time="2025-04-30T14:44:29+02:00" level=info msg="Stored module aws/modules" repository_id=911940098
time="2025-04-30T14:44:29+02:00" level=info msg="Stored module aws/modules_demo" repository_id=911940098
time="2025-04-30T14:44:29+02:00" level=info msg="Stored module aws/modules_demo/modules/vpc" repository_id=911940098
time="2025-04-30T14:44:29+02:00" level=info msg="Stored module azure/activity1" repository_id=911940098
time="2025-04-30T14:44:29+02:00" level=info msg="Stored module azure/activity2" repository_id=911940098
time="2025-04-30T14:44:29+02:00" level=info msg="Stored module azure/activity3" repository_id=911940098
time="2025-04-30T14:44:29+02:00" level=info msg="Stored module azure/aks-cluster" repository_id=911940098
time="2025-04-30T14:44:29+02:00" level=debug msg="Found 7 module directories" repository_id=911609151 worker_id=4
time="2025-04-30T14:44:29+02:00" level=info msg="Analyzed 7 modules" repository_id=911609151 worker_id=4
time="2025-04-30T14:44:29+02:00" level=info msg="Created TAR GZ file repositories/911609151.tar.gz" repository_id=911609151 worker_id=4
time="2025-04-30T14:44:29+02:00" level=info msg="Removed repository directory repositories/911609151" repository_id=911609151 worker_id=4
time="2025-04-30T14:44:29+02:00" level=info msg="Processing repository 913604887" repository_id=913604887 worker_id=4
time="2025-04-30T14:44:29+02:00" level=info msg="Cloning https://github.com/MookieWAF/learn-terraform-github-actions.git" repository_id=913604887 worker_id=4
time="2025-04-30T14:44:29+02:00" level=info msg="Updated commit SHA 2841927a94f699d27c3c4fb30fd373c27cbece7d" repository_id=911609151
time="2025-04-30T14:44:29+02:00" level=info msg="Stored module infrastructure/app-uat" repository_id=911609151
time="2025-04-30T14:44:29+02:00" level=info msg="Stored module infrastructure/app-uat/modules/cloudfront" repository_id=911609151
time="2025-04-30T14:44:29+02:00" level=info msg="Stored module infrastructure/app-uat/modules/ecs" repository_id=911609151
time="2025-04-30T14:44:29+02:00" level=info msg="Stored module infrastructure/app-uat/modules/vpc" repository_id=911609151
time="2025-04-30T14:44:29+02:00" level=info msg="Stored module infrastructure/media-uat" repository_id=911609151
time="2025-04-30T14:44:29+02:00" level=info msg="Stored module infrastructure/media-uat/modules/cloudfront" repository_id=911609151
time="2025-04-30T14:44:29+02:00" level=info msg="Stored module infrastructure/media-uat/modules/s3" repository_id=911609151
time="2025-04-30T14:44:29+02:00" level=debug msg="Found 1 module directories" repository_id=912596248 worker_id=2
time="2025-04-30T14:44:29+02:00" level=info msg="Analyzed 1 modules" repository_id=912596248 worker_id=2
time="2025-04-30T14:44:29+02:00" level=info msg="Created TAR GZ file repositories/912596248.tar.gz" repository_id=912596248 worker_id=2
time="2025-04-30T14:44:29+02:00" level=info msg="Removed repository directory repositories/912596248" repository_id=912596248 worker_id=2
time="2025-04-30T14:44:29+02:00" level=info msg="Processing repository 913609755" repository_id=913609755 worker_id=2
time="2025-04-30T14:44:29+02:00" level=info msg="Cloning https://github.com/ionfury/homelab-modules.git" repository_id=913609755 worker_id=2
time="2025-04-30T14:44:29+02:00" level=info msg="Updated commit SHA 56cb9cdb700b9d861c7265f78e53e8fedb29cdb0" repository_id=912596248
time="2025-04-30T14:44:29+02:00" level=info msg="Stored module infra/terraform" repository_id=912596248
time="2025-04-30T14:44:30+02:00" level=debug msg="Found 1 module directories" repository_id=912014989 worker_id=8
time="2025-04-30T14:44:30+02:00" level=info msg="Analyzed 1 modules" repository_id=912014989 worker_id=8
time="2025-04-30T14:44:30+02:00" level=debug msg="Found 7 module directories" repository_id=911215496 worker_id=3
time="2025-04-30T14:44:30+02:00" level=info msg="Created TAR GZ file repositories/912014989.tar.gz" repository_id=912014989 worker_id=8
time="2025-04-30T14:44:30+02:00" level=info msg="Analyzed 7 modules" repository_id=911215496 worker_id=3
time="2025-04-30T14:44:30+02:00" level=info msg="Removed repository directory repositories/912014989" repository_id=912014989 worker_id=8
time="2025-04-30T14:44:30+02:00" level=info msg="Processing repository 913633122" repository_id=913633122 worker_id=8
time="2025-04-30T14:44:30+02:00" level=info msg="Cloning https://github.com/quixoticmonk/awscc-hooks-sample.git" repository_id=913633122 worker_id=8
time="2025-04-30T14:44:30+02:00" level=info msg="Updated commit SHA 289d4d8ad55c217fb6ad19e40dacea0943930ebc" repository_id=912014989
time="2025-04-30T14:44:30+02:00" level=info msg="Stored module aws" repository_id=912014989
time="2025-04-30T14:44:30+02:00" level=info msg="Created TAR GZ file repositories/911215496.tar.gz" repository_id=911215496 worker_id=3
time="2025-04-30T14:44:30+02:00" level=info msg="Removed repository directory repositories/911215496" repository_id=911215496 worker_id=3
time="2025-04-30T14:44:30+02:00" level=info msg="Processing repository 913849077" repository_id=913849077 worker_id=3
time="2025-04-30T14:44:30+02:00" level=info msg="Cloning https://github.com/mirceanton/mikrotik-terraform.git" repository_id=913849077 worker_id=3
time="2025-04-30T14:44:30+02:00" level=info msg="Updated commit SHA 44f410515412303e7f6ba63c4384e76de6077651" repository_id=911215496
time="2025-04-30T14:44:30+02:00" level=info msg="Stored module examples/default" repository_id=911215496
time="2025-04-30T14:44:30+02:00" level=info msg="Stored module ." repository_id=911215496
time="2025-04-30T14:44:30+02:00" level=info msg="Stored module modules/ai-foundry-core" repository_id=911215496
time="2025-04-30T14:44:30+02:00" level=info msg="Stored module modules/ai-foundry-identity" repository_id=911215496
time="2025-04-30T14:44:30+02:00" level=info msg="Stored module modules/ai-foundry-network" repository_id=911215496
time="2025-04-30T14:44:30+02:00" level=info msg="Stored module modules/ai-foundry-services" repository_id=911215496
time="2025-04-30T14:44:30+02:00" level=info msg="Stored module modules/ai-foundry-shared-resources" repository_id=911215496
time="2025-04-30T14:44:30+02:00" level=debug msg="Found 1 module directories" repository_id=913604887 worker_id=4
time="2025-04-30T14:44:30+02:00" level=info msg="Analyzed 1 modules" repository_id=913604887 worker_id=4
time="2025-04-30T14:44:30+02:00" level=info msg="Created TAR GZ file repositories/913604887.tar.gz" repository_id=913604887 worker_id=4
time="2025-04-30T14:44:30+02:00" level=info msg="Removed repository directory repositories/913604887" repository_id=913604887 worker_id=4
time="2025-04-30T14:44:30+02:00" level=info msg="Processing repository 913946335" repository_id=913946335 worker_id=4
time="2025-04-30T14:44:30+02:00" level=info msg="Cloning https://github.com/firetiger-inc/public.git" repository_id=913946335 worker_id=4
time="2025-04-30T14:44:30+02:00" level=info msg="Updated commit SHA ed8f7a2a680584f95041324d1424e9b730a02f83" repository_id=913604887
time="2025-04-30T14:44:30+02:00" level=info msg="Stored module ." repository_id=913604887
time="2025-04-30T14:44:30+02:00" level=debug msg="Found 11 module directories" repository_id=912818912 worker_id=1
time="2025-04-30T14:44:30+02:00" level=info msg="Analyzed 11 modules" repository_id=912818912 worker_id=1
time="2025-04-30T14:44:30+02:00" level=info msg="Created TAR GZ file repositories/912818912.tar.gz" repository_id=912818912 worker_id=1
time="2025-04-30T14:44:30+02:00" level=info msg="Removed repository directory repositories/912818912" repository_id=912818912 worker_id=1
time="2025-04-30T14:44:30+02:00" level=info msg="Processing repository 914049940" repository_id=914049940 worker_id=1
time="2025-04-30T14:44:30+02:00" level=info msg="Cloning https://github.com/alexrf45/home-ops.git" repository_id=914049940 worker_id=1
time="2025-04-30T14:44:30+02:00" level=info msg="Updated commit SHA 740cc41cc702ad9a8eaa7c8375249532452b4e27" repository_id=912818912
time="2025-04-30T14:44:30+02:00" level=info msg="Stored module azure_modules/aks" repository_id=912818912
time="2025-04-30T14:44:30+02:00" level=info msg="Stored module azure_modules/container_registry" repository_id=912818912
time="2025-04-30T14:44:30+02:00" level=info msg="Stored module azure_modules/cosmos" repository_id=912818912
time="2025-04-30T14:44:30+02:00" level=info msg="Stored module azure_modules/eventhub" repository_id=912818912
time="2025-04-30T14:44:30+02:00" level=info msg="Stored module azure_modules/loganalytics" repository_id=912818912
time="2025-04-30T14:44:30+02:00" level=info msg="Stored module azure_modules/networking" repository_id=912818912
time="2025-04-30T14:44:30+02:00" level=info msg="Stored module azure_modules/storage_account" repository_id=912818912
time="2025-04-30T14:44:30+02:00" level=info msg="Stored module deployment_module/dpn" repository_id=912818912
time="2025-04-30T14:44:30+02:00" level=info msg="Stored module deployment_module/networking" repository_id=912818912
time="2025-04-30T14:44:30+02:00" level=info msg="Stored module environment/sandbox/dpn_deployment" repository_id=912818912
time="2025-04-30T14:44:30+02:00" level=info msg="Stored module environment/sandbox/networking" repository_id=912818912
time="2025-04-30T14:44:30+02:00" level=debug msg="Found 6 module directories" repository_id=912787854 worker_id=5
time="2025-04-30T14:44:30+02:00" level=info msg="Analyzed 6 modules" repository_id=912787854 worker_id=5
time="2025-04-30T14:44:30+02:00" level=info msg="Created TAR GZ file repositories/912787854.tar.gz" repository_id=912787854 worker_id=5
time="2025-04-30T14:44:30+02:00" level=info msg="Removed repository directory repositories/912787854" repository_id=912787854 worker_id=5
time="2025-04-30T14:44:30+02:00" level=info msg="Processing repository 914059006" repository_id=914059006 worker_id=5
time="2025-04-30T14:44:30+02:00" level=info msg="Cloning https://github.com/azure-way/terraform-azure-managed-devops-pool.git" repository_id=914059006 worker_id=5
time="2025-04-30T14:44:30+02:00" level=info msg="Updated commit SHA abebd06bde7f173f9b4e1692ff23eb1ab9ef259d" repository_id=912787854
time="2025-04-30T14:44:30+02:00" level=info msg="Stored module examples/cloudflare-bastion-tunnel-and-gsm" repository_id=912787854
time="2025-04-30T14:44:30+02:00" level=info msg="Stored module examples/cloudflare-tunnel" repository_id=912787854
time="2025-04-30T14:44:30+02:00" level=info msg="Stored module examples/tunnel-with-virtual-networks-and-routing" repository_id=912787854
time="2025-04-30T14:44:30+02:00" level=info msg="Stored module ." repository_id=912787854
time="2025-04-30T14:44:30+02:00" level=info msg="Stored module modules/tunnel-route" repository_id=912787854
time="2025-04-30T14:44:30+02:00" level=info msg="Stored module modules/virtual-network" repository_id=912787854
time="2025-04-30T14:44:30+02:00" level=debug msg="Found 1 module directories" repository_id=913326228 worker_id=7
time="2025-04-30T14:44:30+02:00" level=info msg="Analyzed 1 modules" repository_id=913326228 worker_id=7
time="2025-04-30T14:44:30+02:00" level=info msg="Created TAR GZ file repositories/913326228.tar.gz" repository_id=913326228 worker_id=7
time="2025-04-30T14:44:30+02:00" level=info msg="Removed repository directory repositories/913326228" repository_id=913326228 worker_id=7
time="2025-04-30T14:44:30+02:00" level=info msg="Processing repository 914163652" repository_id=914163652 worker_id=7
time="2025-04-30T14:44:30+02:00" level=info msg="Cloning https://github.com/matrix-tf/matrix-tf-aws.git" repository_id=914163652 worker_id=7
time="2025-04-30T14:44:30+02:00" level=info msg="Updated commit SHA fe04aad5b193436ca26f7d248770d9aabaac0f56" repository_id=913326228
time="2025-04-30T14:44:30+02:00" level=info msg="Stored module ." repository_id=913326228
time="2025-04-30T14:44:30+02:00" level=debug msg="Found 3 module directories" repository_id=913633122 worker_id=8
time="2025-04-30T14:44:30+02:00" level=info msg="Analyzed 3 modules" repository_id=913633122 worker_id=8
time="2025-04-30T14:44:30+02:00" level=info msg="Created TAR GZ file repositories/913633122.tar.gz" repository_id=913633122 worker_id=8
time="2025-04-30T14:44:30+02:00" level=info msg="Removed repository directory repositories/913633122" repository_id=913633122 worker_id=8
time="2025-04-30T14:44:30+02:00" level=info msg="Processing repository 914452806" repository_id=914452806 worker_id=8
time="2025-04-30T14:44:30+02:00" level=info msg="Cloning https://github.com/IT-Anthony/K8S-terraform-vsphere8.git" repository_id=914452806 worker_id=8
time="2025-04-30T14:44:30+02:00" level=info msg="Updated commit SHA 3c982a373a3af852aab680f5093c72f1db697562" repository_id=913633122
time="2025-04-30T14:44:30+02:00" level=info msg="Stored module ." repository_id=913633122
time="2025-04-30T14:44:30+02:00" level=info msg="Stored module test/fail" repository_id=913633122
time="2025-04-30T14:44:30+02:00" level=info msg="Stored module test/pass" repository_id=913633122
time="2025-04-30T14:44:31+02:00" level=debug msg="Found 3 module directories" repository_id=913946335 worker_id=4
time="2025-04-30T14:44:31+02:00" level=info msg="Analyzed 3 modules" repository_id=913946335 worker_id=4
time="2025-04-30T14:44:31+02:00" level=info msg="Created TAR GZ file repositories/913946335.tar.gz" repository_id=913946335 worker_id=4
time="2025-04-30T14:44:31+02:00" level=info msg="Removed repository directory repositories/913946335" repository_id=913946335 worker_id=4
time="2025-04-30T14:44:31+02:00" level=info msg="Processing repository 914728200" repository_id=914728200 worker_id=4
time="2025-04-30T14:44:31+02:00" level=info msg="Cloning https://github.com/philips-labs/terraform-aws-github-runner.git" repository_id=914728200 worker_id=4
time="2025-04-30T14:44:31+02:00" level=info msg="Updated commit SHA 3dd61d0ae4318bf89071e7d0996bf579bbda5fa1" repository_id=913946335
time="2025-04-30T14:44:31+02:00" level=info msg="Stored module aws/configuration" repository_id=913946335
time="2025-04-30T14:44:31+02:00" level=info msg="Stored module gcp/configuration" repository_id=913946335
time="2025-04-30T14:44:31+02:00" level=info msg="Stored module iceberg/table_metadata" repository_id=913946335
time="2025-04-30T14:44:31+02:00" level=debug msg="Found 2 module directories" repository_id=914059006 worker_id=5
time="2025-04-30T14:44:31+02:00" level=info msg="Analyzed 2 modules" repository_id=914059006 worker_id=5
time="2025-04-30T14:44:31+02:00" level=info msg="Created TAR GZ file repositories/914059006.tar.gz" repository_id=914059006 worker_id=5
time="2025-04-30T14:44:31+02:00" level=info msg="Removed repository directory repositories/914059006" repository_id=914059006 worker_id=5
time="2025-04-30T14:44:31+02:00" level=info msg="Processing repository 914778381" repository_id=914778381 worker_id=5
time="2025-04-30T14:44:31+02:00" level=info msg="Cloning https://github.com/kvendingoldo/terraform-module-template.git" repository_id=914778381 worker_id=5
time="2025-04-30T14:44:31+02:00" level=info msg="Updated commit SHA 2005777385d968bc7f931dc9b5ee143c289b9729" repository_id=914059006
time="2025-04-30T14:44:31+02:00" level=info msg="Stored module terraform/agents_schedule" repository_id=914059006
time="2025-04-30T14:44:31+02:00" level=info msg="Stored module terraform/standard" repository_id=914059006
time="2025-04-30T14:44:31+02:00" level=debug msg="Found 17 module directories" repository_id=914049940 worker_id=1
time="2025-04-30T14:44:31+02:00" level=info msg="Analyzed 17 modules" repository_id=914049940 worker_id=1
time="2025-04-30T14:44:31+02:00" level=info msg="Created TAR GZ file repositories/914049940.tar.gz" repository_id=914049940 worker_id=1
time="2025-04-30T14:44:31+02:00" level=info msg="Removed repository directory repositories/914049940" repository_id=914049940 worker_id=1
time="2025-04-30T14:44:31+02:00" level=info msg="Processing repository 914850309" repository_id=914850309 worker_id=1
time="2025-04-30T14:44:31+02:00" level=info msg="Cloning https://github.com/yash509/DevSecOps-ReactVite-Passwd-Gnrtr-WebApp-Deployment.git" repository_id=914850309 worker_id=1
time="2025-04-30T14:44:31+02:00" level=info msg="Updated commit SHA 9ca4cf2ce9504df099b815abbc994d1ba831b82e" repository_id=914049940
time="2025-04-30T14:44:31+02:00" level=info msg="Stored module infra/terraform/cf" repository_id=914049940
time="2025-04-30T14:44:31+02:00" level=info msg="Stored module infra/terraform/pv-backups/dev/longhorn-s3-backup" repository_id=914049940
time="2025-04-30T14:44:31+02:00" level=info msg="Stored module infra/terraform/pv-backups/dev/longhorn-s3-backup/module" repository_id=914049940
time="2025-04-30T14:44:31+02:00" level=info msg="Stored module infra/terraform/pv-backups/etcd-s3-backup" repository_id=914049940
time="2025-04-30T14:44:31+02:00" level=info msg="Stored module infra/terraform/pv-backups/etcd-s3-backup/module" repository_id=914049940
time="2025-04-30T14:44:31+02:00" level=info msg="Stored module infra/terraform/pv-backups/prod/longhorn-s3-backup" repository_id=914049940
time="2025-04-30T14:44:31+02:00" level=info msg="Stored module infra/terraform/pv-backups/prod/longhorn-s3-backup/module" repository_id=914049940
time="2025-04-30T14:44:31+02:00" level=info msg="Stored module infra/terraform/remote-state" repository_id=914049940
time="2025-04-30T14:44:31+02:00" level=info msg="Stored module infra/terraform/talos/dev" repository_id=914049940
time="2025-04-30T14:44:31+02:00" level=info msg="Stored module infra/terraform/talos/dev/module" repository_id=914049940
time="2025-04-30T14:44:31+02:00" level=info msg="Stored module infra/terraform/talos/dev/module/example" repository_id=914049940
time="2025-04-30T14:44:31+02:00" level=info msg="Stored module infra/terraform/talos/dev/storage/module" repository_id=914049940
time="2025-04-30T14:44:31+02:00" level=info msg="Stored module infra/terraform/talos/dev/storage/securecodebox" repository_id=914049940
time="2025-04-30T14:44:31+02:00" level=info msg="Stored module infra/terraform/talos/prod" repository_id=914049940
time="2025-04-30T14:44:31+02:00" level=info msg="Stored module infra/terraform/talos/prod/module" repository_id=914049940
time="2025-04-30T14:44:31+02:00" level=info msg="Stored module infra/terraform/talos/prod/module/example" repository_id=914049940
time="2025-04-30T14:44:31+02:00" level=info msg="Stored module infra/terraform/vps" repository_id=914049940
time="2025-04-30T14:44:31+02:00" level=debug msg="Found 7 module directories" repository_id=911867589 worker_id=6
time="2025-04-30T14:44:31+02:00" level=info msg="Analyzed 7 modules" repository_id=911867589 worker_id=6
time="2025-04-30T14:44:31+02:00" level=info msg="Created TAR GZ file repositories/911867589.tar.gz" repository_id=911867589 worker_id=6
time="2025-04-30T14:44:31+02:00" level=info msg="Removed repository directory repositories/911867589" repository_id=911867589 worker_id=6
time="2025-04-30T14:44:31+02:00" level=info msg="Processing repository 914872169" repository_id=914872169 worker_id=6
time="2025-04-30T14:44:31+02:00" level=info msg="Cloning https://github.com/yash509/DevSecOps-AutoTestCheck-WebApp-Deployment.git" repository_id=914872169 worker_id=6
time="2025-04-30T14:44:31+02:00" level=info msg="Updated commit SHA 179d33715dc8cd9c4823da94e4c465b27b4248a3" repository_id=911867589
time="2025-04-30T14:44:31+02:00" level=info msg="Stored module day27/postgres-migration-terraform-ecs-lambda" repository_id=911867589
time="2025-04-30T14:44:31+02:00" level=info msg="Stored module day29" repository_id=911867589
time="2025-04-30T14:44:31+02:00" level=info msg="Stored module day6/infra" repository_id=911867589
time="2025-04-30T14:44:31+02:00" level=info msg="Stored module day8/day6/infra" repository_id=911867589
time="2025-04-30T14:44:31+02:00" level=info msg="Stored module multi-lambda/python-lambda/infra" repository_id=911867589
time="2025-04-30T14:44:31+02:00" level=debug msg="Found 3 module directories" repository_id=913849077 worker_id=3
time="2025-04-30T14:44:31+02:00" level=info msg="Stored module python-lambda/infra" repository_id=911867589
time="2025-04-30T14:44:31+02:00" level=info msg="Stored module terraform-import" repository_id=911867589
time="2025-04-30T14:44:31+02:00" level=info msg="Analyzed 3 modules" repository_id=913849077 worker_id=3
time="2025-04-30T14:44:31+02:00" level=info msg="Created TAR GZ file repositories/913849077.tar.gz" repository_id=913849077 worker_id=3
time="2025-04-30T14:44:31+02:00" level=info msg="Removed repository directory repositories/913849077" repository_id=913849077 worker_id=3
time="2025-04-30T14:44:31+02:00" level=info msg="Processing repository 914876534" repository_id=914876534 worker_id=3
time="2025-04-30T14:44:31+02:00" level=info msg="Cloning https://github.com/GoogleCloudPlatform/government-data-platform.git" repository_id=914876534 worker_id=3
time="2025-04-30T14:44:31+02:00" level=info msg="Updated commit SHA 314a5d4502552a20b6a90376fe51228585e0453e" repository_id=913849077
time="2025-04-30T14:44:31+02:00" level=info msg="Stored module ." repository_id=913849077
time="2025-04-30T14:44:31+02:00" level=info msg="Stored module modules/base" repository_id=913849077
time="2025-04-30T14:44:31+02:00" level=info msg="Stored module modules/dhcp-server" repository_id=913849077
time="2025-04-30T14:44:31+02:00" level=debug msg="Found 1 module directories" repository_id=914163652 worker_id=7
time="2025-04-30T14:44:31+02:00" level=info msg="Analyzed 1 modules" repository_id=914163652 worker_id=7
time="2025-04-30T14:44:31+02:00" level=info msg="Created TAR GZ file repositories/914163652.tar.gz" repository_id=914163652 worker_id=7
time="2025-04-30T14:44:31+02:00" level=info msg="Removed repository directory repositories/914163652" repository_id=914163652 worker_id=7
time="2025-04-30T14:44:31+02:00" level=info msg="Processing repository 914919965" repository_id=914919965 worker_id=7
time="2025-04-30T14:44:31+02:00" level=info msg="Cloning https://github.com/netascode/terraform-catalystcenter-nac-catalystcenter.git" repository_id=914919965 worker_id=7
time="2025-04-30T14:44:31+02:00" level=info msg="Updated commit SHA 8bc7d6194399b1fddeb027ce83b8928bc42ab248" repository_id=914163652
time="2025-04-30T14:44:31+02:00" level=info msg="Stored module module" repository_id=914163652
time="2025-04-30T14:44:31+02:00" level=debug msg="Found 1 module directories" repository_id=914452806 worker_id=8
time="2025-04-30T14:44:31+02:00" level=info msg="Analyzed 1 modules" repository_id=914452806 worker_id=8
time="2025-04-30T14:44:31+02:00" level=info msg="Created TAR GZ file repositories/914452806.tar.gz" repository_id=914452806 worker_id=8
time="2025-04-30T14:44:31+02:00" level=info msg="Removed repository directory repositories/914452806" repository_id=914452806 worker_id=8
time="2025-04-30T14:44:31+02:00" level=info msg="Processing repository 915323175" repository_id=915323175 worker_id=8
time="2025-04-30T14:44:31+02:00" level=info msg="Cloning https://github.com/ahmadharkouss/ansible_terraform_gitea.git" repository_id=915323175 worker_id=8
time="2025-04-30T14:44:31+02:00" level=info msg="Updated commit SHA a60bf811fd3477bb94fc148c1e40d7a9fb408c98" repository_id=914452806
time="2025-04-30T14:44:31+02:00" level=info msg="Stored module ." repository_id=914452806
time="2025-04-30T14:44:32+02:00" level=debug msg="Found 3 module directories" repository_id=914778381 worker_id=5
time="2025-04-30T14:44:32+02:00" level=info msg="Analyzed 3 modules" repository_id=914778381 worker_id=5
time="2025-04-30T14:44:32+02:00" level=info msg="Created TAR GZ file repositories/914778381.tar.gz" repository_id=914778381 worker_id=5
time="2025-04-30T14:44:32+02:00" level=info msg="Removed repository directory repositories/914778381" repository_id=914778381 worker_id=5
time="2025-04-30T14:44:32+02:00" level=info msg="Processing repository 915570524" repository_id=915570524 worker_id=5
time="2025-04-30T14:44:32+02:00" level=info msg="Cloning https://github.com/grendel-consulting/terraform-aws-securely_parked_domain.git" repository_id=915570524 worker_id=5
time="2025-04-30T14:44:32+02:00" level=info msg="Updated commit SHA 326e321263ed7bcc79cb5e4c35805a979016093d" repository_id=914778381
time="2025-04-30T14:44:32+02:00" level=info msg="Stored module examples/basic" repository_id=914778381
time="2025-04-30T14:44:32+02:00" level=info msg="Stored module ." repository_id=914778381
time="2025-04-30T14:44:32+02:00" level=info msg="Stored module wrappers" repository_id=914778381
time="2025-04-30T14:44:32+02:00" level=debug msg="Found 2 module directories" repository_id=914919965 worker_id=7
time="2025-04-30T14:44:32+02:00" level=info msg="Analyzed 2 modules" repository_id=914919965 worker_id=7
time="2025-04-30T14:44:32+02:00" level=info msg="Created TAR GZ file repositories/914919965.tar.gz" repository_id=914919965 worker_id=7
time="2025-04-30T14:44:32+02:00" level=info msg="Removed repository directory repositories/914919965" repository_id=914919965 worker_id=7
time="2025-04-30T14:44:32+02:00" level=info msg="Processing repository 915581164" repository_id=915581164 worker_id=7
time="2025-04-30T14:44:32+02:00" level=info msg="Cloning https://github.com/carlzxc71/azure-terraform-metricalerts.git" repository_id=915581164 worker_id=7
time="2025-04-30T14:44:32+02:00" level=info msg="Updated commit SHA fb8294fb3f39c4c5bc44245ee2358cfbc36ca61f" repository_id=914919965
time="2025-04-30T14:44:32+02:00" level=info msg="Stored module ." repository_id=914919965
time="2025-04-30T14:44:32+02:00" level=info msg="Stored module examples/site" repository_id=914919965
time="2025-04-30T14:44:32+02:00" level=debug msg="Found 1 module directories" repository_id=914850309 worker_id=1
time="2025-04-30T14:44:32+02:00" level=info msg="Analyzed 1 modules" repository_id=914850309 worker_id=1
time="2025-04-30T14:44:32+02:00" level=info msg="Created TAR GZ file repositories/914850309.tar.gz" repository_id=914850309 worker_id=1
time="2025-04-30T14:44:32+02:00" level=info msg="Removed repository directory repositories/914850309" repository_id=914850309 worker_id=1
time="2025-04-30T14:44:32+02:00" level=info msg="Processing repository 915598594" repository_id=915598594 worker_id=1
time="2025-04-30T14:44:32+02:00" level=info msg="Cloning https://github.com/cloudon-one/multi-cloud-runway.git" repository_id=915598594 worker_id=1
time="2025-04-30T14:44:32+02:00" level=info msg="Updated commit SHA 567140dc82761f0c8320494c3e809ce5209fa9b0" repository_id=914850309
time="2025-04-30T14:44:32+02:00" level=info msg="Stored module EKS-Terraform" repository_id=914850309
time="2025-04-30T14:44:32+02:00" level=debug msg="Found 1 module directories" repository_id=914872169 worker_id=6
time="2025-04-30T14:44:32+02:00" level=info msg="Analyzed 1 modules" repository_id=914872169 worker_id=6
time="2025-04-30T14:44:32+02:00" level=info msg="Created TAR GZ file repositories/914872169.tar.gz" repository_id=914872169 worker_id=6
time="2025-04-30T14:44:32+02:00" level=info msg="Removed repository directory repositories/914872169" repository_id=914872169 worker_id=6
time="2025-04-30T14:44:32+02:00" level=info msg="Processing repository 915671043" repository_id=915671043 worker_id=6
time="2025-04-30T14:44:32+02:00" level=info msg="Cloning https://github.com/erwan-simon/aws-emr-serverless-local-execution-demo.git" repository_id=915671043 worker_id=6
time="2025-04-30T14:44:32+02:00" level=info msg="Updated commit SHA cf83a9ec0bab5262e1c2be3b01e576e3280934b5" repository_id=914872169
time="2025-04-30T14:44:32+02:00" level=info msg="Stored module EKS-Terraform" repository_id=914872169
time="2025-04-30T14:44:33+02:00" level=debug msg="Found 1 module directories" repository_id=915570524 worker_id=5
time="2025-04-30T14:44:33+02:00" level=info msg="Analyzed 1 modules" repository_id=915570524 worker_id=5
time="2025-04-30T14:44:33+02:00" level=info msg="Created TAR GZ file repositories/915570524.tar.gz" repository_id=915570524 worker_id=5
time="2025-04-30T14:44:33+02:00" level=info msg="Removed repository directory repositories/915570524" repository_id=915570524 worker_id=5
time="2025-04-30T14:44:33+02:00" level=info msg="Processing repository 915692228" repository_id=915692228 worker_id=5
time="2025-04-30T14:44:33+02:00" level=info msg="Cloning https://github.com/olav-st/homelab.git" repository_id=915692228 worker_id=5
time="2025-04-30T14:44:33+02:00" level=info msg="Updated commit SHA 12fb8fcade9c00c4660a1ade1e8701ef0da6072f" repository_id=915570524
time="2025-04-30T14:44:33+02:00" level=info msg="Stored module ." repository_id=915570524
time="2025-04-30T14:44:33+02:00" level=debug msg="Found 1 module directories" repository_id=915581164 worker_id=7
time="2025-04-30T14:44:33+02:00" level=info msg="Analyzed 1 modules" repository_id=915581164 worker_id=7
time="2025-04-30T14:44:33+02:00" level=info msg="Created TAR GZ file repositories/915581164.tar.gz" repository_id=915581164 worker_id=7
time="2025-04-30T14:44:33+02:00" level=info msg="Removed repository directory repositories/915581164" repository_id=915581164 worker_id=7
time="2025-04-30T14:44:33+02:00" level=info msg="Processing repository 916254072" repository_id=916254072 worker_id=7
time="2025-04-30T14:44:33+02:00" level=info msg="Cloning https://github.com/Yivensky/vscode-browser.git" repository_id=916254072 worker_id=7
time="2025-04-30T14:44:33+02:00" level=info msg="Updated commit SHA b8ca2b4ff1b0e434e7108a938477361c1dd43636" repository_id=915581164
time="2025-04-30T14:44:33+02:00" level=info msg="Stored module ." repository_id=915581164
time="2025-04-30T14:44:34+02:00" level=debug msg="Found 1 module directories" repository_id=915671043 worker_id=6
time="2025-04-30T14:44:34+02:00" level=info msg="Analyzed 1 modules" repository_id=915671043 worker_id=6
time="2025-04-30T14:44:34+02:00" level=info msg="Created TAR GZ file repositories/915671043.tar.gz" repository_id=915671043 worker_id=6
time="2025-04-30T14:44:34+02:00" level=info msg="Removed repository directory repositories/915671043" repository_id=915671043 worker_id=6
time="2025-04-30T14:44:34+02:00" level=info msg="Processing repository 916255432" repository_id=916255432 worker_id=6
time="2025-04-30T14:44:34+02:00" level=info msg="Cloning https://github.com/prasanna-p/PersonaBrief.git" repository_id=916255432 worker_id=6
time="2025-04-30T14:44:34+02:00" level=info msg="Updated commit SHA 18d3a3fab5b6680f11f6773b7bba2ad490968e5b" repository_id=915671043
time="2025-04-30T14:44:34+02:00" level=info msg="Stored module terraform" repository_id=915671043
time="2025-04-30T14:44:34+02:00" level=debug msg="Found 1 module directories" repository_id=914876534 worker_id=3
time="2025-04-30T14:44:34+02:00" level=info msg="Analyzed 1 modules" repository_id=914876534 worker_id=3
time="2025-04-30T14:44:34+02:00" level=info msg="Created TAR GZ file repositories/914876534.tar.gz" repository_id=914876534 worker_id=3
time="2025-04-30T14:44:34+02:00" level=info msg="Removed repository directory repositories/914876534" repository_id=914876534 worker_id=3
time="2025-04-30T14:44:34+02:00" level=info msg="Processing repository 916274287" repository_id=916274287 worker_id=3
time="2025-04-30T14:44:34+02:00" level=info msg="Cloning https://github.com/aws-samples/eks-hybrid-examples.git" repository_id=916274287 worker_id=3
time="2025-04-30T14:44:34+02:00" level=info msg="Updated commit SHA 8daa9f5aa86eee3cb69fc1aae5cf83e4702dfdd2" repository_id=914876534
time="2025-04-30T14:44:34+02:00" level=info msg="Stored module 1-foundations" repository_id=914876534
time="2025-04-30T14:44:35+02:00" level=debug msg="Found 15 module directories" repository_id=913609755 worker_id=2
time="2025-04-30T14:44:35+02:00" level=info msg="Analyzed 15 modules" repository_id=913609755 worker_id=2
time="2025-04-30T14:44:35+02:00" level=info msg="Created TAR GZ file repositories/913609755.tar.gz" repository_id=913609755 worker_id=2
time="2025-04-30T14:44:35+02:00" level=info msg="Removed repository directory repositories/913609755" repository_id=913609755 worker_id=2
time="2025-04-30T14:44:35+02:00" level=info msg="Processing repository 916388257" repository_id=916388257 worker_id=2
time="2025-04-30T14:44:35+02:00" level=info msg="Cloning https://github.com/iKnowJavaScript/terraform-aws-vulne-soldier.git" repository_id=916388257 worker_id=2
time="2025-04-30T14:44:35+02:00" level=info msg="Updated commit SHA 286f20b3a90be134249f4ef73d1e01389773fcf0" repository_id=913609755
time="2025-04-30T14:44:35+02:00" level=info msg="Stored module modules/bootstrap" repository_id=913609755
time="2025-04-30T14:44:35+02:00" level=info msg="Stored module modules/bootstrap/tests/harness/random" repository_id=913609755
time="2025-04-30T14:44:35+02:00" level=info msg="Stored module modules/cluster" repository_id=913609755
time="2025-04-30T14:44:35+02:00" level=info msg="Stored module modules/cluster/tests/harness/random" repository_id=913609755
time="2025-04-30T14:44:35+02:00" level=info msg="Stored module modules/params-get" repository_id=913609755
time="2025-04-30T14:44:35+02:00" level=info msg="Stored module modules/params-put" repository_id=913609755
time="2025-04-30T14:44:35+02:00" level=info msg="Stored module modules/pxe-pi" repository_id=913609755
time="2025-04-30T14:44:35+02:00" level=info msg="Stored module modules/talos-cluster" repository_id=913609755
time="2025-04-30T14:44:35+02:00" level=info msg="Stored module modules/talos-cluster/tests/harness/kubernetes" repository_id=913609755
time="2025-04-30T14:44:35+02:00" level=info msg="Stored module modules/talos-cluster/tests/harness/random" repository_id=913609755
time="2025-04-30T14:44:35+02:00" level=info msg="Stored module modules/talos-cluster/tests/harness/talos" repository_id=913609755
time="2025-04-30T14:44:35+02:00" level=info msg="Stored module modules/talos-cluster/tests/harness/talos-pre-flight-check" repository_id=913609755
time="2025-04-30T14:44:35+02:00" level=info msg="Stored module modules/talos-cluster/tests/harness/wait" repository_id=913609755
time="2025-04-30T14:44:35+02:00" level=info msg="Stored module modules/unifi-dns" repository_id=913609755
time="2025-04-30T14:44:35+02:00" level=info msg="Stored module modules/unifi-users" repository_id=913609755
time="2025-04-30T14:44:35+02:00" level=debug msg="Found 1 module directories" repository_id=916255432 worker_id=6
time="2025-04-30T14:44:35+02:00" level=info msg="Analyzed 1 modules" repository_id=916255432 worker_id=6
time="2025-04-30T14:44:35+02:00" level=info msg="Created TAR GZ file repositories/916255432.tar.gz" repository_id=916255432 worker_id=6
time="2025-04-30T14:44:35+02:00" level=info msg="Removed repository directory repositories/916255432" repository_id=916255432 worker_id=6
time="2025-04-30T14:44:35+02:00" level=info msg="Processing repository 916493791" repository_id=916493791 worker_id=6
time="2025-04-30T14:44:35+02:00" level=info msg="Cloning https://github.com/CheckPointSW-Community/CPX-2025-automation-ws.git" repository_id=916493791 worker_id=6
time="2025-04-30T14:44:35+02:00" level=info msg="Updated commit SHA 44bc19c0528fa0f4a9af9685642248554e083fdf" repository_id=916255432
time="2025-04-30T14:44:35+02:00" level=info msg="Stored module k8s/terraform_root" repository_id=916255432
time="2025-04-30T14:44:35+02:00" level=debug msg="Found 1 module directories" repository_id=916254072 worker_id=7
time="2025-04-30T14:44:35+02:00" level=info msg="Analyzed 1 modules" repository_id=916254072 worker_id=7
time="2025-04-30T14:44:35+02:00" level=info msg="Created TAR GZ file repositories/916254072.tar.gz" repository_id=916254072 worker_id=7
time="2025-04-30T14:44:35+02:00" level=info msg="Removed repository directory repositories/916254072" repository_id=916254072 worker_id=7
time="2025-04-30T14:44:35+02:00" level=info msg="Processing repository 916515463" repository_id=916515463 worker_id=7
time="2025-04-30T14:44:35+02:00" level=info msg="Cloning https://github.com/Salazander/hc-vault-with-entra-oidc.git" repository_id=916515463 worker_id=7
time="2025-04-30T14:44:35+02:00" level=info msg="Updated commit SHA 4df7182c9ef6007dbc9ce4ca90db64b7dfced5ee" repository_id=916254072
time="2025-04-30T14:44:35+02:00" level=info msg="Stored module ." repository_id=916254072
time="2025-04-30T14:44:35+02:00" level=debug msg="Found 0 module directories" repository_id=916274287 worker_id=3
time="2025-04-30T14:44:35+02:00" level=info msg="Analyzed 0 modules" repository_id=916274287 worker_id=3
time="2025-04-30T14:44:35+02:00" level=info msg="Created TAR GZ file repositories/916274287.tar.gz" repository_id=916274287 worker_id=3
time="2025-04-30T14:44:35+02:00" level=info msg="Removed repository directory repositories/916274287" repository_id=916274287 worker_id=3
time="2025-04-30T14:44:35+02:00" level=info msg="Processing repository 916639782" repository_id=916639782 worker_id=3
time="2025-04-30T14:44:35+02:00" level=info msg="Cloning https://github.com/ryan-almeida/terraform-concepts-project.git" repository_id=916639782 worker_id=3
time="2025-04-30T14:44:35+02:00" level=info msg="Updated commit SHA 27a0e772b819b0423bf5ddaeca089a5d88979b22" repository_id=916274287
time="2025-04-30T14:44:35+02:00" level=debug msg="Found 15 module directories" repository_id=915598594 worker_id=1
time="2025-04-30T14:44:35+02:00" level=info msg="Analyzed 15 modules" repository_id=915598594 worker_id=1
time="2025-04-30T14:44:35+02:00" level=info msg="Created TAR GZ file repositories/915598594.tar.gz" repository_id=915598594 worker_id=1
time="2025-04-30T14:44:35+02:00" level=info msg="Removed repository directory repositories/915598594" repository_id=915598594 worker_id=1
time="2025-04-30T14:44:35+02:00" level=info msg="Processing repository 916686069" repository_id=916686069 worker_id=1
time="2025-04-30T14:44:35+02:00" level=info msg="Cloning https://github.com/BennettDixon/k8s-flux-starter.git" repository_id=916686069 worker_id=1
time="2025-04-30T14:44:35+02:00" level=info msg="Updated commit SHA f7e1c0a27077b36143ed85e6e6f3344b889513c1" repository_id=915598594
time="2025-04-30T14:44:35+02:00" level=info msg="Stored module gcp-terragrunt-configuration/tf-modules/terraform-google-admin" repository_id=915598594
time="2025-04-30T14:44:35+02:00" level=info msg="Stored module gcp-terragrunt-configuration/tf-modules/terraform-google-audit" repository_id=915598594
time="2025-04-30T14:44:35+02:00" level=info msg="Stored module gcp-terragrunt-configuration/tf-modules/terraform-google-dd" repository_id=915598594
time="2025-04-30T14:44:35+02:00" level=info msg="Stored module gcp-terragrunt-configuration/tf-modules/terraform-google-dns" repository_id=915598594
time="2025-04-30T14:44:35+02:00" level=info msg="Stored module gcp-terragrunt-configuration/tf-modules/terraform-google-firewalls" repository_id=915598594
time="2025-04-30T14:44:35+02:00" level=info msg="Stored module gcp-terragrunt-configuration/tf-modules/terraform-google-gke" repository_id=915598594
time="2025-04-30T14:44:35+02:00" level=info msg="Stored module gcp-terragrunt-configuration/tf-modules/terraform-google-glb" repository_id=915598594
time="2025-04-30T14:44:35+02:00" level=info msg="Stored module gcp-terragrunt-configuration/tf-modules/terraform-google-iam-permissions" repository_id=915598594
time="2025-04-30T14:44:35+02:00" level=info msg="Stored module gcp-terragrunt-configuration/tf-modules/terraform-google-iam-permissions/modules/workload_identity_iam" repository_id=915598594
time="2025-04-30T14:44:35+02:00" level=info msg="Stored module gcp-terragrunt-configuration/tf-modules/terraform-google-memorystore" repository_id=915598594
time="2025-04-30T14:44:35+02:00" level=info msg="Stored module gcp-terragrunt-configuration/tf-modules/terraform-google-peering" repository_id=915598594
time="2025-04-30T14:44:35+02:00" level=info msg="Stored module gcp-terragrunt-configuration/tf-modules/terraform-google-projects" repository_id=915598594
time="2025-04-30T14:44:35+02:00" level=info msg="Stored module gcp-terragrunt-configuration/tf-modules/terraform-google-sql" repository_id=915598594
time="2025-04-30T14:44:35+02:00" level=info msg="Stored module gcp-terragrunt-configuration/tf-modules/terraform-google-svpc" repository_id=915598594
time="2025-04-30T14:44:35+02:00" level=info msg="Stored module gcp-terragrunt-configuration/tf-modules/terraform-google-vpn" repository_id=915598594
time="2025-04-30T14:44:36+02:00" level=debug msg="Found 1 module directories" repository_id=915323175 worker_id=8
time="2025-04-30T14:44:36+02:00" level=info msg="Analyzed 1 modules" repository_id=915323175 worker_id=8
time="2025-04-30T14:44:36+02:00" level=info msg="Created TAR GZ file repositories/915323175.tar.gz" repository_id=915323175 worker_id=8
time="2025-04-30T14:44:36+02:00" level=info msg="Removed repository directory repositories/915323175" repository_id=915323175 worker_id=8
time="2025-04-30T14:44:36+02:00" level=info msg="Processing repository 916704008" repository_id=916704008 worker_id=8
time="2025-04-30T14:44:36+02:00" level=info msg="Cloning https://github.com/sporestudio/hiddenbox.git" repository_id=916704008 worker_id=8
time="2025-04-30T14:44:36+02:00" level=info msg="Updated commit SHA 5917c1eb157d265dbd2570b3a0e6361a22b8e01e" repository_id=915323175
time="2025-04-30T14:44:36+02:00" level=info msg="Stored module terraform" repository_id=915323175
time="2025-04-30T14:44:36+02:00" level=debug msg="Found 9 module directories" repository_id=915692228 worker_id=5
time="2025-04-30T14:44:36+02:00" level=info msg="Analyzed 9 modules" repository_id=915692228 worker_id=5
time="2025-04-30T14:44:36+02:00" level=info msg="Created TAR GZ file repositories/915692228.tar.gz" repository_id=915692228 worker_id=5
time="2025-04-30T14:44:36+02:00" level=info msg="Removed repository directory repositories/915692228" repository_id=915692228 worker_id=5
time="2025-04-30T14:44:36+02:00" level=info msg="Processing repository 916708508" repository_id=916708508 worker_id=5
time="2025-04-30T14:44:36+02:00" level=info msg="Cloning https://github.com/cloudquery/terraform-cloudquery-modules.git" repository_id=916708508 worker_id=5
time="2025-04-30T14:44:36+02:00" level=info msg="Updated commit SHA d3f991b31099e5ba2ab4703506315b0e4606cd6f" repository_id=915692228
time="2025-04-30T14:44:36+02:00" level=info msg="Stored module home-assistant" repository_id=915692228
time="2025-04-30T14:44:36+02:00" level=info msg="Stored module kubernetes/bootstrap" repository_id=915692228
time="2025-04-30T14:44:36+02:00" level=info msg="Stored module kubernetes" repository_id=915692228
time="2025-04-30T14:44:36+02:00" level=info msg="Stored module kubernetes/volumes/k8s-persistent-volume" repository_id=915692228
time="2025-04-30T14:44:36+02:00" level=info msg="Stored module kubernetes/volumes" repository_id=915692228
time="2025-04-30T14:44:36+02:00" level=info msg="Stored module kubernetes/volumes/proxmox-volume" repository_id=915692228
time="2025-04-30T14:44:36+02:00" level=info msg="Stored module ." repository_id=915692228
time="2025-04-30T14:44:36+02:00" level=info msg="Stored module proxmox" repository_id=915692228
time="2025-04-30T14:44:36+02:00" level=info msg="Stored module proxmox/ansible" repository_id=915692228
time="2025-04-30T14:44:36+02:00" level=debug msg="Found 3 module directories" repository_id=916493791 worker_id=6
time="2025-04-30T14:44:36+02:00" level=info msg="Analyzed 3 modules" repository_id=916493791 worker_id=6
time="2025-04-30T14:44:36+02:00" level=info msg="Created TAR GZ file repositories/916493791.tar.gz" repository_id=916493791 worker_id=6
time="2025-04-30T14:44:36+02:00" level=info msg="Removed repository directory repositories/916493791" repository_id=916493791 worker_id=6
time="2025-04-30T14:44:36+02:00" level=info msg="Processing repository 916758427" repository_id=916758427 worker_id=6
time="2025-04-30T14:44:36+02:00" level=info msg="Cloning https://github.com/DimitarDTsonev/DevOps_Project.git" repository_id=916758427 worker_id=6
time="2025-04-30T14:44:36+02:00" level=info msg="Updated commit SHA 9a21e2c66224d3d6a827f8e66ea80bc115db9aac" repository_id=916493791
time="2025-04-30T14:44:36+02:00" level=info msg="Stored module 01-terraform" repository_id=916493791
time="2025-04-30T14:44:36+02:00" level=info msg="Stored module 01-terraform/policy" repository_id=916493791
time="2025-04-30T14:44:36+02:00" level=info msg="Stored module 01-terraform/system-data" repository_id=916493791
time="2025-04-30T14:44:36+02:00" level=debug msg="Found 3 module directories" repository_id=916515463 worker_id=7
time="2025-04-30T14:44:36+02:00" level=info msg="Analyzed 3 modules" repository_id=916515463 worker_id=7
time="2025-04-30T14:44:36+02:00" level=info msg="Created TAR GZ file repositories/916515463.tar.gz" repository_id=916515463 worker_id=7
time="2025-04-30T14:44:36+02:00" level=info msg="Removed repository directory repositories/916515463" repository_id=916515463 worker_id=7
time="2025-04-30T14:44:36+02:00" level=info msg="Processing repository 917156947" repository_id=917156947 worker_id=7
time="2025-04-30T14:44:36+02:00" level=info msg="Cloning https://github.com/ultravioletrs/cocos-infra.git" repository_id=917156947 worker_id=7
time="2025-04-30T14:44:36+02:00" level=info msg="Updated commit SHA 41b13a7b39a58a6799b71859d7b0aedc91b13506" repository_id=916515463
time="2025-04-30T14:44:36+02:00" level=info msg="Stored module terraform/entra-app-registration" repository_id=916515463
time="2025-04-30T14:44:36+02:00" level=info msg="Stored module terraform" repository_id=916515463
time="2025-04-30T14:44:36+02:00" level=info msg="Stored module terraform/vault-auth-configuration" repository_id=916515463
time="2025-04-30T14:44:36+02:00" level=debug msg="Found 3 module directories" repository_id=916686069 worker_id=1
time="2025-04-30T14:44:36+02:00" level=info msg="Analyzed 3 modules" repository_id=916686069 worker_id=1
time="2025-04-30T14:44:36+02:00" level=info msg="Created TAR GZ file repositories/916686069.tar.gz" repository_id=916686069 worker_id=1
time="2025-04-30T14:44:36+02:00" level=info msg="Removed repository directory repositories/916686069" repository_id=916686069 worker_id=1
time="2025-04-30T14:44:36+02:00" level=info msg="Processing repository 917303449" repository_id=917303449 worker_id=1
time="2025-04-30T14:44:36+02:00" level=info msg="Cloning https://github.com/Gustavo-RibMartins/learn-cloud-aws-storage.git" repository_id=917303449 worker_id=1
time="2025-04-30T14:44:36+02:00" level=info msg="Updated commit SHA 2675b5eac74f38feab0e4f11e688da79e9f6a043" repository_id=916686069
time="2025-04-30T14:44:36+02:00" level=info msg="Stored module terraform" repository_id=916686069
time="2025-04-30T14:44:36+02:00" level=info msg="Stored module terraform/modules/iam" repository_id=916686069
time="2025-04-30T14:44:36+02:00" level=info msg="Stored module terraform/modules/secrets_manager" repository_id=916686069
time="2025-04-30T14:44:37+02:00" level=debug msg="Found 1 module directories" repository_id=916704008 worker_id=8
time="2025-04-30T14:44:37+02:00" level=info msg="Analyzed 1 modules" repository_id=916704008 worker_id=8
time="2025-04-30T14:44:37+02:00" level=info msg="Created TAR GZ file repositories/916704008.tar.gz" repository_id=916704008 worker_id=8
time="2025-04-30T14:44:37+02:00" level=info msg="Removed repository directory repositories/916704008" repository_id=916704008 worker_id=8
time="2025-04-30T14:44:37+02:00" level=info msg="Processing repository 917368777" repository_id=917368777 worker_id=8
time="2025-04-30T14:44:37+02:00" level=info msg="Cloning https://github.com/pascalinthecloud/terraform-proxmox-talos-cluster.git" repository_id=917368777 worker_id=8
time="2025-04-30T14:44:37+02:00" level=info msg="Updated commit SHA 6de5e331715690f79125b6ffa8f8cebe7779a6a9" repository_id=916704008
time="2025-04-30T14:44:37+02:00" level=info msg="Stored module ." repository_id=916704008
time="2025-04-30T14:44:37+02:00" level=debug msg="Found 1 module directories" repository_id=916639782 worker_id=3
time="2025-04-30T14:44:37+02:00" level=info msg="Analyzed 1 modules" repository_id=916639782 worker_id=3
time="2025-04-30T14:44:37+02:00" level=info msg="Created TAR GZ file repositories/916639782.tar.gz" repository_id=916639782 worker_id=3
time="2025-04-30T14:44:37+02:00" level=info msg="Removed repository directory repositories/916639782" repository_id=916639782 worker_id=3
time="2025-04-30T14:44:37+02:00" level=info msg="Processing repository 918070431" repository_id=918070431 worker_id=3
time="2025-04-30T14:44:37+02:00" level=info msg="Cloning https://github.com/btp-automation-scenarios/btp-staged-terramate.git" repository_id=918070431 worker_id=3
time="2025-04-30T14:44:37+02:00" level=info msg="Updated commit SHA 727beb09ff41bbb562d282a2bc544d33acc0de40" repository_id=916639782
time="2025-04-30T14:44:37+02:00" level=info msg="Stored module ." repository_id=916639782
time="2025-04-30T14:44:37+02:00" level=debug msg="Found 2 module directories" repository_id=917156947 worker_id=7
time="2025-04-30T14:44:37+02:00" level=info msg="Analyzed 2 modules" repository_id=917156947 worker_id=7
time="2025-04-30T14:44:37+02:00" level=info msg="Created TAR GZ file repositories/917156947.tar.gz" repository_id=917156947 worker_id=7
time="2025-04-30T14:44:37+02:00" level=info msg="Removed repository directory repositories/917156947" repository_id=917156947 worker_id=7
time="2025-04-30T14:44:37+02:00" level=info msg="Processing repository 918422762" repository_id=918422762 worker_id=7
time="2025-04-30T14:44:37+02:00" level=info msg="Cloning https://github.com/andersonvilanova/AppStream-Terraform.git" repository_id=918422762 worker_id=7
time="2025-04-30T14:44:37+02:00" level=info msg="Updated commit SHA 0109afac3a7924ef80990c92871e00893deb9a08" repository_id=917156947
time="2025-04-30T14:44:37+02:00" level=info msg="Stored module azure" repository_id=917156947
time="2025-04-30T14:44:37+02:00" level=info msg="Stored module gcp" repository_id=917156947
time="2025-04-30T14:44:37+02:00" level=debug msg="Found 1 module directories" repository_id=916758427 worker_id=6
time="2025-04-30T14:44:37+02:00" level=info msg="Analyzed 1 modules" repository_id=916758427 worker_id=6
time="2025-04-30T14:44:37+02:00" level=info msg="Created TAR GZ file repositories/916758427.tar.gz" repository_id=916758427 worker_id=6
time="2025-04-30T14:44:37+02:00" level=info msg="Removed repository directory repositories/916758427" repository_id=916758427 worker_id=6
time="2025-04-30T14:44:37+02:00" level=info msg="Processing repository 918443873" repository_id=918443873 worker_id=6
time="2025-04-30T14:44:37+02:00" level=info msg="Cloning https://github.com/benxgao/coworkout-terraform.git" repository_id=918443873 worker_id=6
time="2025-04-30T14:44:37+02:00" level=info msg="Updated commit SHA 61859aed0bb353e6c96ed97ea7d3b7f829c9641a" repository_id=916758427
time="2025-04-30T14:44:37+02:00" level=info msg="Stored module terraform" repository_id=916758427
time="2025-04-30T14:44:37+02:00" level=debug msg="Found 2 module directories" repository_id=916388257 worker_id=2
time="2025-04-30T14:44:37+02:00" level=info msg="Analyzed 2 modules" repository_id=916388257 worker_id=2
time="2025-04-30T14:44:37+02:00" level=info msg="Created TAR GZ file repositories/916388257.tar.gz" repository_id=916388257 worker_id=2
time="2025-04-30T14:44:37+02:00" level=info msg="Removed repository directory repositories/916388257" repository_id=916388257 worker_id=2
time="2025-04-30T14:44:37+02:00" level=info msg="Processing repository 918608253" repository_id=918608253 worker_id=2
time="2025-04-30T14:44:37+02:00" level=info msg="Cloning https://github.com/bansikah22/spacelift-demo.git" repository_id=918608253 worker_id=2
time="2025-04-30T14:44:37+02:00" level=info msg="Updated commit SHA ffad25b7a9042f17991ed3269ec9add56e5640dd" repository_id=916388257
time="2025-04-30T14:44:37+02:00" level=info msg="Stored module examples/basic" repository_id=916388257
time="2025-04-30T14:44:37+02:00" level=info msg="Stored module ." repository_id=916388257
time="2025-04-30T14:44:37+02:00" level=debug msg="Found 9 module directories" repository_id=916708508 worker_id=5
time="2025-04-30T14:44:37+02:00" level=info msg="Analyzed 9 modules" repository_id=916708508 worker_id=5
time="2025-04-30T14:44:37+02:00" level=info msg="Created TAR GZ file repositories/916708508.tar.gz" repository_id=916708508 worker_id=5
time="2025-04-30T14:44:37+02:00" level=info msg="Removed repository directory repositories/916708508" repository_id=916708508 worker_id=5
time="2025-04-30T14:44:37+02:00" level=info msg="Processing repository 918615213" repository_id=918615213 worker_id=5
time="2025-04-30T14:44:37+02:00" level=info msg="Cloning https://github.com/patsevanton/sentry-external-kf-ch-pg-rd.git" repository_id=918615213 worker_id=5
time="2025-04-30T14:44:37+02:00" level=info msg="Updated commit SHA 8b0a3abdda39b17f726980d409c39da7a2aa9838" repository_id=916708508
time="2025-04-30T14:44:37+02:00" level=info msg="Stored module clickhouse" repository_id=916708508
time="2025-04-30T14:44:37+02:00" level=info msg="Stored module clickhouse/examples/multi-shard" repository_id=916708508
time="2025-04-30T14:44:37+02:00" level=info msg="Stored module clickhouse/examples/single-shard" repository_id=916708508
time="2025-04-30T14:44:37+02:00" level=info msg="Stored module clickhouse/examples/tls-encryption" repository_id=916708508
time="2025-04-30T14:44:37+02:00" level=info msg="Stored module platform-cx-s3-to-sqs/examples/clickhouse-integration" repository_id=916708508
time="2025-04-30T14:44:37+02:00" level=info msg="Stored module platform-cx-s3-to-sqs/examples/cloudquery-integration" repository_id=916708508
time="2025-04-30T14:44:37+02:00" level=info msg="Stored module platform-cx-s3-to-sqs/examples/dual-inegration" repository_id=916708508
time="2025-04-30T14:44:37+02:00" level=info msg="Stored module platform-cx-s3-to-sqs" repository_id=916708508
time="2025-04-30T14:44:37+02:00" level=info msg="Stored module platform-cx-s3-to-sqs/modules/iam-role-for-serviceaccount" repository_id=916708508
time="2025-04-30T14:44:38+02:00" level=debug msg="Found 1 module directories" repository_id=917368777 worker_id=8
time="2025-04-30T14:44:38+02:00" level=info msg="Analyzed 1 modules" repository_id=917368777 worker_id=8
time="2025-04-30T14:44:38+02:00" level=info msg="Created TAR GZ file repositories/917368777.tar.gz" repository_id=917368777 worker_id=8
time="2025-04-30T14:44:38+02:00" level=info msg="Removed repository directory repositories/917368777" repository_id=917368777 worker_id=8
time="2025-04-30T14:44:38+02:00" level=info msg="Processing repository 918766782" repository_id=918766782 worker_id=8
time="2025-04-30T14:44:38+02:00" level=info msg="Cloning https://github.com/mkuthan/homelab-public.git" repository_id=918766782 worker_id=8
time="2025-04-30T14:44:38+02:00" level=info msg="Updated commit SHA fbe0533aebe95d0728fbe2c80888e0ee77aa9e0b" repository_id=917368777
time="2025-04-30T14:44:38+02:00" level=debug msg="Found 1 module directories" repository_id=918422762 worker_id=7
time="2025-04-30T14:44:38+02:00" level=info msg="Stored module ." repository_id=917368777
time="2025-04-30T14:44:38+02:00" level=info msg="Analyzed 1 modules" repository_id=918422762 worker_id=7
time="2025-04-30T14:44:38+02:00" level=info msg="Created TAR GZ file repositories/918422762.tar.gz" repository_id=918422762 worker_id=7
time="2025-04-30T14:44:38+02:00" level=info msg="Removed repository directory repositories/918422762" repository_id=918422762 worker_id=7
time="2025-04-30T14:44:38+02:00" level=info msg="Processing repository 918786303" repository_id=918786303 worker_id=7
time="2025-04-30T14:44:38+02:00" level=info msg="Cloning https://github.com/JoseIgnacioTamayo/aws-terraform-lab.git" repository_id=918786303 worker_id=7
time="2025-04-30T14:44:38+02:00" level=info msg="Updated commit SHA a85a4f4cff892ca6c615ac93b686b1d558309e85" repository_id=918422762
time="2025-04-30T14:44:38+02:00" level=info msg="Stored module ." repository_id=918422762
time="2025-04-30T14:44:38+02:00" level=debug msg="Found 6 module directories" repository_id=918070431 worker_id=3
time="2025-04-30T14:44:38+02:00" level=info msg="Analyzed 6 modules" repository_id=918070431 worker_id=3
time="2025-04-30T14:44:38+02:00" level=info msg="Created TAR GZ file repositories/918070431.tar.gz" repository_id=918070431 worker_id=3
time="2025-04-30T14:44:38+02:00" level=info msg="Removed repository directory repositories/918070431" repository_id=918070431 worker_id=3
time="2025-04-30T14:44:38+02:00" level=info msg="Processing repository 919010129" repository_id=919010129 worker_id=3
time="2025-04-30T14:44:38+02:00" level=info msg="Cloning https://github.com/probably-not/artifix.git" repository_id=919010129 worker_id=3
time="2025-04-30T14:44:38+02:00" level=info msg="Updated commit SHA cf8749a7b9f888e5d3a7bace7cc8791884b3f325" repository_id=918070431
time="2025-04-30T14:44:38+02:00" level=info msg="Stored module stacks/btp_dev" repository_id=918070431
time="2025-04-30T14:44:38+02:00" level=info msg="Stored module stacks/btp_prod" repository_id=918070431
time="2025-04-30T14:44:38+02:00" level=info msg="Stored module stacks/btp_test" repository_id=918070431
time="2025-04-30T14:44:38+02:00" level=info msg="Stored module stacks/cloudfoundry_dev" repository_id=918070431
time="2025-04-30T14:44:38+02:00" level=info msg="Stored module stacks/cloudfoundry_prod" repository_id=918070431
time="2025-04-30T14:44:38+02:00" level=info msg="Stored module stacks/cloudfoundry_test" repository_id=918070431
time="2025-04-30T14:44:38+02:00" level=debug msg="Found 1 module directories" repository_id=918608253 worker_id=2
time="2025-04-30T14:44:38+02:00" level=info msg="Analyzed 1 modules" repository_id=918608253 worker_id=2
time="2025-04-30T14:44:38+02:00" level=info msg="Created TAR GZ file repositories/918608253.tar.gz" repository_id=918608253 worker_id=2
time="2025-04-30T14:44:38+02:00" level=info msg="Removed repository directory repositories/918608253" repository_id=918608253 worker_id=2
time="2025-04-30T14:44:38+02:00" level=info msg="Processing repository 919094626" repository_id=919094626 worker_id=2
time="2025-04-30T14:44:38+02:00" level=info msg="Cloning https://github.com/adanalvarez/bedrock-secure-questionnaire-automation.git" repository_id=919094626 worker_id=2
time="2025-04-30T14:44:38+02:00" level=info msg="Updated commit SHA f72fa319fcc9df634d9b3e2e8de4e7779d6302a0" repository_id=918608253
time="2025-04-30T14:44:38+02:00" level=info msg="Stored module ." repository_id=918608253
time="2025-04-30T14:44:38+02:00" level=debug msg="Found 5 module directories" repository_id=918443873 worker_id=6
time="2025-04-30T14:44:38+02:00" level=info msg="Analyzed 5 modules" repository_id=918443873 worker_id=6
time="2025-04-30T14:44:38+02:00" level=info msg="Created TAR GZ file repositories/918443873.tar.gz" repository_id=918443873 worker_id=6
time="2025-04-30T14:44:38+02:00" level=info msg="Removed repository directory repositories/918443873" repository_id=918443873 worker_id=6
time="2025-04-30T14:44:38+02:00" level=info msg="Processing repository 919237293" repository_id=919237293 worker_id=6
time="2025-04-30T14:44:38+02:00" level=info msg="Cloning https://github.com/harshitdevops/3-tier-iac-azure.git" repository_id=919237293 worker_id=6
time="2025-04-30T14:44:38+02:00" level=info msg="Updated commit SHA 7cce2da8615a9be71a138cd572fcd16e5c17917d" repository_id=918443873
time="2025-04-30T14:44:38+02:00" level=info msg="Stored module terraform/environments/k8s" repository_id=918443873
time="2025-04-30T14:44:38+02:00" level=info msg="Stored module terraform/environments/staging" repository_id=918443873
time="2025-04-30T14:44:38+02:00" level=info msg="Stored module terraform" repository_id=918443873
time="2025-04-30T14:44:38+02:00" level=info msg="Stored module terraform/modules/compute_instance" repository_id=918443873
time="2025-04-30T14:44:38+02:00" level=info msg="Stored module terraform/modules/random-file" repository_id=918443873
time="2025-04-30T14:44:38+02:00" level=debug msg="Found 1 module directories" repository_id=918615213 worker_id=5
time="2025-04-30T14:44:38+02:00" level=info msg="Analyzed 1 modules" repository_id=918615213 worker_id=5
time="2025-04-30T14:44:38+02:00" level=info msg="Created TAR GZ file repositories/918615213.tar.gz" repository_id=918615213 worker_id=5
time="2025-04-30T14:44:38+02:00" level=info msg="Removed repository directory repositories/918615213" repository_id=918615213 worker_id=5
time="2025-04-30T14:44:38+02:00" level=info msg="Processing repository 919331444" repository_id=919331444 worker_id=5
time="2025-04-30T14:44:38+02:00" level=info msg="Cloning https://github.com/fpittelo/iaac-gcp-vm.git" repository_id=919331444 worker_id=5
time="2025-04-30T14:44:38+02:00" level=info msg="Updated commit SHA 28b00dd64ff6a877e7c769de3cbf714d1134b84e" repository_id=918615213
time="2025-04-30T14:44:38+02:00" level=info msg="Stored module ." repository_id=918615213
time="2025-04-30T14:44:38+02:00" level=debug msg="Found 5 module directories" repository_id=918786303 worker_id=7
time="2025-04-30T14:44:39+02:00" level=info msg="Analyzed 5 modules" repository_id=918786303 worker_id=7
time="2025-04-30T14:44:39+02:00" level=info msg="Created TAR GZ file repositories/918786303.tar.gz" repository_id=918786303 worker_id=7
time="2025-04-30T14:44:39+02:00" level=info msg="Removed repository directory repositories/918786303" repository_id=918786303 worker_id=7
time="2025-04-30T14:44:39+02:00" level=info msg="Processing repository 919713725" repository_id=919713725 worker_id=7
time="2025-04-30T14:44:39+02:00" level=info msg="Cloning https://github.com/2maro/homelab-infra.git" repository_id=919713725 worker_id=7
time="2025-04-30T14:44:39+02:00" level=info msg="Updated commit SHA abe1b7e004149951011e1cda5ee0c88e4b40d6af" repository_id=918786303
time="2025-04-30T14:44:39+02:00" level=info msg="Stored module tf" repository_id=918786303
time="2025-04-30T14:44:39+02:00" level=info msg="Stored module tf/modules/inelastic_k8s_service" repository_id=918786303
time="2025-04-30T14:44:39+02:00" level=info msg="Stored module tf/modules/inelastic_k8s_service/tests/setup" repository_id=918786303
time="2025-04-30T14:44:39+02:00" level=info msg="Stored module tf/modules/mirror_random_id" repository_id=918786303
time="2025-04-30T14:44:39+02:00" level=info msg="Stored module tf/modules/random" repository_id=918786303
time="2025-04-30T14:44:39+02:00" level=debug msg="Found 1 module directories" repository_id=919094626 worker_id=2
time="2025-04-30T14:44:39+02:00" level=debug msg="Found 1 module directories" repository_id=919010129 worker_id=3
time="2025-04-30T14:44:39+02:00" level=info msg="Analyzed 1 modules" repository_id=919010129 worker_id=3
time="2025-04-30T14:44:39+02:00" level=info msg="Analyzed 1 modules" repository_id=919094626 worker_id=2
time="2025-04-30T14:44:39+02:00" level=info msg="Created TAR GZ file repositories/919010129.tar.gz" repository_id=919010129 worker_id=3
time="2025-04-30T14:44:39+02:00" level=info msg="Created TAR GZ file repositories/919094626.tar.gz" repository_id=919094626 worker_id=2
time="2025-04-30T14:44:39+02:00" level=info msg="Removed repository directory repositories/919010129" repository_id=919010129 worker_id=3
time="2025-04-30T14:44:39+02:00" level=info msg="Processing repository 919795706" repository_id=919795706 worker_id=3
time="2025-04-30T14:44:39+02:00" level=info msg="Cloning https://github.com/icemann8286/aws-armgeddon-tfe.git" repository_id=919795706 worker_id=3
time="2025-04-30T14:44:39+02:00" level=info msg="Updated commit SHA 32d8e2b9e18d03e9f727dc8d86ac2f627a7e23d7" repository_id=919010129
time="2025-04-30T14:44:39+02:00" level=info msg="Removed repository directory repositories/919094626" repository_id=919094626 worker_id=2
time="2025-04-30T14:44:39+02:00" level=info msg="Processing repository 919977459" repository_id=919977459 worker_id=2
time="2025-04-30T14:44:39+02:00" level=info msg="Cloning https://github.com/win-runner/terragrunt-azure-template.git" repository_id=919977459 worker_id=2
time="2025-04-30T14:44:39+02:00" level=info msg="Stored module terraform" repository_id=919010129
time="2025-04-30T14:44:39+02:00" level=info msg="Updated commit SHA 88bb6b6c2fa2da868848a6ffe6c7e7b1e6f49633" repository_id=919094626
time="2025-04-30T14:44:39+02:00" level=info msg="Stored module ." repository_id=919094626
time="2025-04-30T14:44:39+02:00" level=debug msg="Found 1 module directories" repository_id=919237293 worker_id=6
time="2025-04-30T14:44:39+02:00" level=info msg="Analyzed 1 modules" repository_id=919237293 worker_id=6
time="2025-04-30T14:44:39+02:00" level=info msg="Created TAR GZ file repositories/919237293.tar.gz" repository_id=919237293 worker_id=6
time="2025-04-30T14:44:39+02:00" level=info msg="Removed repository directory repositories/919237293" repository_id=919237293 worker_id=6
time="2025-04-30T14:44:39+02:00" level=info msg="Processing repository 920163026" repository_id=920163026 worker_id=6
time="2025-04-30T14:44:39+02:00" level=info msg="Cloning https://github.com/lean-delivery/autoscaled-gitlab-runner.git" repository_id=920163026 worker_id=6
time="2025-04-30T14:44:39+02:00" level=info msg="Updated commit SHA 9b2f3e65175b08e50d6c7c54ecb12512327e42d1" repository_id=919237293
time="2025-04-30T14:44:39+02:00" level=info msg="Stored module ." repository_id=919237293
time="2025-04-30T14:44:39+02:00" level=debug msg="Found 2 module directories" repository_id=919331444 worker_id=5
time="2025-04-30T14:44:39+02:00" level=info msg="Analyzed 2 modules" repository_id=919331444 worker_id=5
time="2025-04-30T14:44:39+02:00" level=info msg="Created TAR GZ file repositories/919331444.tar.gz" repository_id=919331444 worker_id=5
time="2025-04-30T14:44:39+02:00" level=info msg="Removed repository directory repositories/919331444" repository_id=919331444 worker_id=5
time="2025-04-30T14:44:39+02:00" level=info msg="Processing repository 920228454" repository_id=920228454 worker_id=5
time="2025-04-30T14:44:39+02:00" level=info msg="Cloning https://github.com/zloeber/cdktf-for-tf-engineers.git" repository_id=920228454 worker_id=5
time="2025-04-30T14:44:39+02:00" level=info msg="Updated commit SHA 6834eec59c6ebd0c3e5fab1ce9d4175bdc826d9a" repository_id=919331444
time="2025-04-30T14:44:39+02:00" level=info msg="Stored module infra" repository_id=919331444
time="2025-04-30T14:44:39+02:00" level=info msg="Stored module modules/vm-instance" repository_id=919331444
time="2025-04-30T14:44:40+02:00" level=debug msg="Found 4 module directories" repository_id=919713725 worker_id=7
time="2025-04-30T14:44:40+02:00" level=info msg="Analyzed 4 modules" repository_id=919713725 worker_id=7
time="2025-04-30T14:44:40+02:00" level=info msg="Created TAR GZ file repositories/919713725.tar.gz" repository_id=919713725 worker_id=7
time="2025-04-30T14:44:40+02:00" level=info msg="Removed repository directory repositories/919713725" repository_id=919713725 worker_id=7
time="2025-04-30T14:44:40+02:00" level=info msg="Processing repository 920241613" repository_id=920241613 worker_id=7
time="2025-04-30T14:44:40+02:00" level=info msg="Cloning https://github.com/judesantos/ml_mentalhealth_gcp.git" repository_id=920241613 worker_id=7
time="2025-04-30T14:44:40+02:00" level=info msg="Updated commit SHA 3c8ad77cb9d2add9d7ed2cade412ee21d2b24a77" repository_id=919713725
time="2025-04-30T14:44:40+02:00" level=info msg="Stored module terraform" repository_id=919713725
time="2025-04-30T14:44:40+02:00" level=info msg="Stored module terraform/modules/aggregator" repository_id=919713725
time="2025-04-30T14:44:40+02:00" level=info msg="Stored module terraform/modules/k8s" repository_id=919713725
time="2025-04-30T14:44:40+02:00" level=info msg="Stored module terraform/modules/vmsmith" repository_id=919713725
time="2025-04-30T14:44:40+02:00" level=debug msg="Found 1 module directories" repository_id=919795706 worker_id=3
time="2025-04-30T14:44:40+02:00" level=info msg="Analyzed 1 modules" repository_id=919795706 worker_id=3
time="2025-04-30T14:44:40+02:00" level=info msg="Created TAR GZ file repositories/919795706.tar.gz" repository_id=919795706 worker_id=3
time="2025-04-30T14:44:40+02:00" level=info msg="Removed repository directory repositories/919795706" repository_id=919795706 worker_id=3
time="2025-04-30T14:44:40+02:00" level=info msg="Processing repository 920281333" repository_id=920281333 worker_id=3
time="2025-04-30T14:44:40+02:00" level=info msg="Cloning https://github.com/thestrugglingblack/the-docker-playbook.git" repository_id=920281333 worker_id=3
time="2025-04-30T14:44:40+02:00" level=info msg="Updated commit SHA d74c404ee496f9dd9da630a77bf5ddaad30d4b88" repository_id=919795706
time="2025-04-30T14:44:40+02:00" level=info msg="Stored module ." repository_id=919795706
time="2025-04-30T14:44:40+02:00" level=debug msg="Found 0 module directories" repository_id=919977459 worker_id=2
time="2025-04-30T14:44:40+02:00" level=info msg="Analyzed 0 modules" repository_id=919977459 worker_id=2
time="2025-04-30T14:44:40+02:00" level=info msg="Created TAR GZ file repositories/919977459.tar.gz" repository_id=919977459 worker_id=2
time="2025-04-30T14:44:40+02:00" level=info msg="Removed repository directory repositories/919977459" repository_id=919977459 worker_id=2
time="2025-04-30T14:44:40+02:00" level=info msg="Processing repository 920537038" repository_id=920537038 worker_id=2
time="2025-04-30T14:44:40+02:00" level=info msg="Cloning https://github.com/aztfmodnew/terraform-azurerm-caf.git" repository_id=920537038 worker_id=2
time="2025-04-30T14:44:40+02:00" level=info msg="Updated commit SHA ebfa396376380b929ebdb969d40a019e920e360d" repository_id=919977459
time="2025-04-30T14:44:41+02:00" level=debug msg="Found 1 module directories" repository_id=920163026 worker_id=6
time="2025-04-30T14:44:41+02:00" level=info msg="Analyzed 1 modules" repository_id=920163026 worker_id=6
time="2025-04-30T14:44:41+02:00" level=info msg="Created TAR GZ file repositories/920163026.tar.gz" repository_id=920163026 worker_id=6
time="2025-04-30T14:44:41+02:00" level=info msg="Removed repository directory repositories/920163026" repository_id=920163026 worker_id=6
time="2025-04-30T14:44:41+02:00" level=info msg="Processing repository 920619447" repository_id=920619447 worker_id=6
time="2025-04-30T14:44:41+02:00" level=info msg="Cloning https://github.com/Excoriate/terragrunt-ref-arch-v3.git" repository_id=920619447 worker_id=6
time="2025-04-30T14:44:41+02:00" level=info msg="Updated commit SHA de9aec204fb6beaccb818d898d3c568ceaa45cab" repository_id=920163026
time="2025-04-30T14:44:41+02:00" level=info msg="Stored module ." repository_id=920163026
time="2025-04-30T14:44:41+02:00" level=debug msg="Found 27 module directories" repository_id=914728200 worker_id=4
time="2025-04-30T14:44:41+02:00" level=info msg="Analyzed 27 modules" repository_id=914728200 worker_id=4
time="2025-04-30T14:44:41+02:00" level=info msg="Created TAR GZ file repositories/914728200.tar.gz" repository_id=914728200 worker_id=4
time="2025-04-30T14:44:41+02:00" level=info msg="Removed repository directory repositories/914728200" repository_id=914728200 worker_id=4
time="2025-04-30T14:44:41+02:00" level=info msg="Processing repository 920987826" repository_id=920987826 worker_id=4
time="2025-04-30T14:44:41+02:00" level=info msg="Cloning https://github.com/GoogleCloudPlatform/architecture-center-samples.git" repository_id=920987826 worker_id=4
time="2025-04-30T14:44:41+02:00" level=info msg="Updated commit SHA 3355ae029d598d7baf096eebafd19bfd5429bbaa" repository_id=914728200
time="2025-04-30T14:44:41+02:00" level=info msg="Stored module examples/base" repository_id=914728200
time="2025-04-30T14:44:41+02:00" level=info msg="Stored module examples/default" repository_id=914728200
time="2025-04-30T14:44:41+02:00" level=info msg="Stored module examples/ephemeral" repository_id=914728200
time="2025-04-30T14:44:41+02:00" level=info msg="Stored module examples/lambdas-download" repository_id=914728200
time="2025-04-30T14:44:41+02:00" level=info msg="Stored module examples/multi-runner" repository_id=914728200
time="2025-04-30T14:44:41+02:00" level=info msg="Stored module examples/permissions-boundary" repository_id=914728200
time="2025-04-30T14:44:41+02:00" level=info msg="Stored module examples/permissions-boundary/setup" repository_id=914728200
time="2025-04-30T14:44:41+02:00" level=info msg="Stored module examples/prebuilt" repository_id=914728200
time="2025-04-30T14:44:41+02:00" level=info msg="Stored module examples/termination-watcher" repository_id=914728200
time="2025-04-30T14:44:41+02:00" level=info msg="Stored module ." repository_id=914728200
time="2025-04-30T14:44:41+02:00" level=info msg="Stored module modules/ami-housekeeper" repository_id=914728200
time="2025-04-30T14:44:41+02:00" level=info msg="Stored module modules/download-lambda" repository_id=914728200
time="2025-04-30T14:44:41+02:00" level=info msg="Stored module modules/lambda" repository_id=914728200
time="2025-04-30T14:44:41+02:00" level=info msg="Stored module modules/multi-runner" repository_id=914728200
time="2025-04-30T14:44:41+02:00" level=info msg="Stored module modules/runner-binaries-syncer" repository_id=914728200
time="2025-04-30T14:44:41+02:00" level=info msg="Stored module modules/runners/job-retry" repository_id=914728200
time="2025-04-30T14:44:41+02:00" level=info msg="Stored module modules/runners" repository_id=914728200
time="2025-04-30T14:44:41+02:00" level=info msg="Stored module modules/runners/pool" repository_id=914728200
time="2025-04-30T14:44:41+02:00" level=info msg="Stored module modules/setup-iam-permissions" repository_id=914728200
time="2025-04-30T14:44:41+02:00" level=info msg="Stored module modules/ssm" repository_id=914728200
time="2025-04-30T14:44:41+02:00" level=info msg="Stored module modules/termination-watcher" repository_id=914728200
time="2025-04-30T14:44:41+02:00" level=info msg="Stored module modules/termination-watcher/notification" repository_id=914728200
time="2025-04-30T14:44:41+02:00" level=info msg="Stored module modules/termination-watcher/termination" repository_id=914728200
time="2025-04-30T14:44:41+02:00" level=info msg="Stored module modules/webhook/direct" repository_id=914728200
time="2025-04-30T14:44:41+02:00" level=info msg="Stored module modules/webhook/eventbridge" repository_id=914728200
time="2025-04-30T14:44:41+02:00" level=info msg="Stored module modules/webhook" repository_id=914728200
time="2025-04-30T14:44:41+02:00" level=info msg="Stored module modules/webhook-github-app" repository_id=914728200
time="2025-04-30T14:44:42+02:00" level=debug msg="Found 5 module directories" repository_id=920228454 worker_id=5
time="2025-04-30T14:44:42+02:00" level=info msg="Analyzed 5 modules" repository_id=920228454 worker_id=5
time="2025-04-30T14:44:42+02:00" level=info msg="Created TAR GZ file repositories/920228454.tar.gz" repository_id=920228454 worker_id=5
time="2025-04-30T14:44:42+02:00" level=info msg="Removed repository directory repositories/920228454" repository_id=920228454 worker_id=5
time="2025-04-30T14:44:42+02:00" level=info msg="Processing repository 921262499" repository_id=921262499 worker_id=5
time="2025-04-30T14:44:42+02:00" level=info msg="Cloning https://github.com/aws-samples/aws-sap-terraform.git" repository_id=921262499 worker_id=5
time="2025-04-30T14:44:42+02:00" level=info msg="Updated commit SHA bf7be4613f6463a90e6d8e96707b7775e7e8f525" repository_id=920228454
time="2025-04-30T14:44:42+02:00" level=info msg="Stored module infrastructure/environments/local/cluster1" repository_id=920228454
time="2025-04-30T14:44:42+02:00" level=info msg="Stored module infrastructure/environments/local" repository_id=920228454
time="2025-04-30T14:44:42+02:00" level=info msg="Stored module infrastructure/modules/k8s-k3d-cluster" repository_id=920228454
time="2025-04-30T14:44:42+02:00" level=info msg="Stored module infrastructure/modules/k8s-kind-cluster" repository_id=920228454
time="2025-04-30T14:44:42+02:00" level=info msg="Stored module infrastructure/modules/self-signed-cert" repository_id=920228454
time="2025-04-30T14:44:44+02:00" level=debug msg="Found 2 module directories" repository_id=920987826 worker_id=4
time="2025-04-30T14:44:44+02:00" level=info msg="Analyzed 2 modules" repository_id=920987826 worker_id=4
time="2025-04-30T14:44:44+02:00" level=info msg="Created TAR GZ file repositories/920987826.tar.gz" repository_id=920987826 worker_id=4
time="2025-04-30T14:44:44+02:00" level=info msg="Removed repository directory repositories/920987826" repository_id=920987826 worker_id=4
time="2025-04-30T14:44:44+02:00" level=info msg="Processing repository 921344516" repository_id=921344516 worker_id=4
time="2025-04-30T14:44:44+02:00" level=info msg="Cloning https://github.com/NorthernLights1/Devops-final.git" repository_id=921344516 worker_id=4
time="2025-04-30T14:44:44+02:00" level=info msg="Updated commit SHA a08d4320f71abf3b291bb4ade5c6adbe0019119d" repository_id=920987826
time="2025-04-30T14:44:44+02:00" level=info msg="Stored module example_sample" repository_id=920987826
time="2025-04-30T14:44:44+02:00" level=info msg="Stored module gen-ai-rag-vertex-ai-vector-search" repository_id=920987826
time="2025-04-30T14:44:45+02:00" level=debug msg="Found 15 module directories" repository_id=921262499 worker_id=5
time="2025-04-30T14:44:45+02:00" level=info msg="Analyzed 15 modules" repository_id=921262499 worker_id=5
time="2025-04-30T14:44:45+02:00" level=info msg="Created TAR GZ file repositories/921262499.tar.gz" repository_id=921262499 worker_id=5
time="2025-04-30T14:44:45+02:00" level=info msg="Removed repository directory repositories/921262499" repository_id=921262499 worker_id=5
time="2025-04-30T14:44:45+02:00" level=info msg="Processing repository 921453568" repository_id=921453568 worker_id=5
time="2025-04-30T14:44:45+02:00" level=info msg="Cloning https://github.com/iagonc/alloy-infra-live.git" repository_id=921453568 worker_id=5
time="2025-04-30T14:44:45+02:00" level=info msg="Updated commit SHA 6ddc710c269a77507402610683280f1a52c91a87" repository_id=921262499
time="2025-04-30T14:44:45+02:00" level=info msg="Stored module ec2_instance" repository_id=921262499
time="2025-04-30T14:44:45+02:00" level=info msg="Stored module ec2_instance/modules/ec2" repository_id=921262499
time="2025-04-30T14:44:45+02:00" level=info msg="Stored module efs" repository_id=921262499
time="2025-04-30T14:44:45+02:00" level=info msg="Stored module efs/modules/efs" repository_id=921262499
time="2025-04-30T14:44:45+02:00" level=info msg="Stored module efs/modules/mount_target" repository_id=921262499
time="2025-04-30T14:44:45+02:00" level=info msg="Stored module efs/modules/security_group" repository_id=921262499
time="2025-04-30T14:44:45+02:00" level=info msg="Stored module iam" repository_id=921262499
time="2025-04-30T14:44:45+02:00" level=info msg="Stored module iam/modules/iam_policy" repository_id=921262499
time="2025-04-30T14:44:45+02:00" level=info msg="Stored module iam/modules/iam_role" repository_id=921262499
time="2025-04-30T14:44:45+02:00" level=info msg="Stored module kms" repository_id=921262499
time="2025-04-30T14:44:45+02:00" level=info msg="Stored module kms/modules/kms" repository_id=921262499
time="2025-04-30T14:44:45+02:00" level=info msg="Stored module parameters" repository_id=921262499
time="2025-04-30T14:44:45+02:00" level=info msg="Stored module security_group" repository_id=921262499
time="2025-04-30T14:44:45+02:00" level=info msg="Stored module security_group/modules/additional_rules_for_existing_sg" repository_id=921262499
time="2025-04-30T14:44:45+02:00" level=info msg="Stored module security_group/modules/security_group" repository_id=921262499
time="2025-04-30T14:44:46+02:00" level=debug msg="Found 5 module directories" repository_id=920619447 worker_id=6
time="2025-04-30T14:44:46+02:00" level=info msg="Analyzed 5 modules" repository_id=920619447 worker_id=6
time="2025-04-30T14:44:46+02:00" level=debug msg="Found 1 module directories" repository_id=921344516 worker_id=4
time="2025-04-30T14:44:46+02:00" level=info msg="Analyzed 1 modules" repository_id=921344516 worker_id=4
time="2025-04-30T14:44:46+02:00" level=info msg="Created TAR GZ file repositories/921344516.tar.gz" repository_id=921344516 worker_id=4
time="2025-04-30T14:44:46+02:00" level=info msg="Removed repository directory repositories/921344516" repository_id=921344516 worker_id=4
time="2025-04-30T14:44:46+02:00" level=info msg="Processing repository 921463351" repository_id=921463351 worker_id=4
time="2025-04-30T14:44:46+02:00" level=info msg="Cloning https://github.com/CloudArchitectPro/Terraform-OCI-CloudStack.git" repository_id=921463351 worker_id=4
time="2025-04-30T14:44:46+02:00" level=info msg="Updated commit SHA 6a5a78a7a34641ca82d30c58d6a28c54c1a1e55b" repository_id=921344516
time="2025-04-30T14:44:46+02:00" level=info msg="Stored module ." repository_id=921344516
time="2025-04-30T14:44:46+02:00" level=info msg="Created TAR GZ file repositories/920619447.tar.gz" repository_id=920619447 worker_id=6
time="2025-04-30T14:44:46+02:00" level=info msg="Removed repository directory repositories/920619447" repository_id=920619447 worker_id=6
time="2025-04-30T14:44:46+02:00" level=info msg="Processing repository 921778815" repository_id=921778815 worker_id=6
time="2025-04-30T14:44:46+02:00" level=info msg="Cloning https://github.com/Azure-Terraformer/terraform-azuredevops-atat.git" repository_id=921778815 worker_id=6
time="2025-04-30T14:44:46+02:00" level=info msg="Updated commit SHA 6a8a935a2286426f241319905bc074064a1d9e4e" repository_id=920619447
time="2025-04-30T14:44:46+02:00" level=info msg="Stored module infra/terraform/modules/age-generator" repository_id=920619447
time="2025-04-30T14:44:46+02:00" level=info msg="Stored module infra/terraform/modules/dni-generator" repository_id=920619447
time="2025-04-30T14:44:46+02:00" level=info msg="Stored module infra/terraform/modules/lastname-generator" repository_id=920619447
time="2025-04-30T14:44:46+02:00" level=info msg="Stored module infra/terraform/modules/name-generator" repository_id=920619447
time="2025-04-30T14:44:46+02:00" level=info msg="Stored module infra/terraform/modules/random-string-generator" repository_id=920619447
time="2025-04-30T14:44:48+02:00" level=debug msg="Found 432 module directories" repository_id=920537038 worker_id=2
time="2025-04-30T14:44:49+02:00" level=info msg="Analyzed 432 modules" repository_id=920537038 worker_id=2
time="2025-04-30T14:44:49+02:00" level=info msg="Created TAR GZ file repositories/920537038.tar.gz" repository_id=920537038 worker_id=2
time="2025-04-30T14:44:49+02:00" level=info msg="Removed repository directory repositories/920537038" repository_id=920537038 worker_id=2
time="2025-04-30T14:44:49+02:00" level=info msg="Processing repository 921809126" repository_id=921809126 worker_id=2
time="2025-04-30T14:44:49+02:00" level=info msg="Cloning https://github.com/Navapon/terraform-precommit.git" repository_id=921809126 worker_id=2
time="2025-04-30T14:44:49+02:00" level=info msg="Updated commit SHA cace8186b000ca78bce6de9636c21c2dda986496" repository_id=920537038
time="2025-04-30T14:44:49+02:00" level=info msg="Stored module ." repository_id=920537038
time="2025-04-30T14:44:49+02:00" level=info msg="Stored module examples/app_insights" repository_id=920537038
time="2025-04-30T14:44:49+02:00" level=info msg="Stored module examples/automation" repository_id=920537038
time="2025-04-30T14:44:49+02:00" level=info msg="Stored module examples/azuread" repository_id=920537038
time="2025-04-30T14:44:49+02:00" level=info msg="Stored module examples/cognitive_services" repository_id=920537038
time="2025-04-30T14:44:49+02:00" level=info msg="Stored module examples/communication/communication_services" repository_id=920537038
time="2025-04-30T14:44:49+02:00" level=info msg="Stored module examples/compute" repository_id=920537038
time="2025-04-30T14:44:49+02:00" level=info msg="Stored module examples/consumption_budget" repository_id=920537038
time="2025-04-30T14:44:49+02:00" level=info msg="Stored module examples/cosmos_db" repository_id=920537038
time="2025-04-30T14:44:49+02:00" level=info msg="Stored module examples/data_factory" repository_id=920537038
time="2025-04-30T14:44:49+02:00" level=info msg="Stored module examples/database_migration_services" repository_id=920537038
time="2025-04-30T14:44:49+02:00" level=info msg="Stored module examples/databricks" repository_id=920537038
time="2025-04-30T14:44:49+02:00" level=info msg="Stored module examples/datalake" repository_id=920537038
time="2025-04-30T14:44:49+02:00" level=info msg="Stored module examples/diagnostics_profiles" repository_id=920537038
time="2025-04-30T14:44:49+02:00" level=info msg="Stored module examples" repository_id=920537038
time="2025-04-30T14:44:49+02:00" level=info msg="Stored module examples/eventhub" repository_id=920537038
time="2025-04-30T14:44:49+02:00" level=info msg="Stored module examples/identity" repository_id=920537038
time="2025-04-30T14:44:49+02:00" level=info msg="Stored module examples/iot" repository_id=920537038
time="2025-04-30T14:44:49+02:00" level=info msg="Stored module examples/keyvault" repository_id=920537038
time="2025-04-30T14:44:49+02:00" level=info msg="Stored module examples/lighthouse" repository_id=920537038
time="2025-04-30T14:44:49+02:00" level=info msg="Stored module examples/logic_app" repository_id=920537038
time="2025-04-30T14:44:49+02:00" level=info msg="Stored module examples/machine_learning" repository_id=920537038
time="2025-04-30T14:44:49+02:00" level=info msg="Stored module examples/managed_service_identity" repository_id=920537038
time="2025-04-30T14:44:49+02:00" level=info msg="Stored module examples/monitoring" repository_id=920537038
time="2025-04-30T14:44:49+02:00" level=info msg="Stored module examples/mssql_mi" repository_id=920537038
time="2025-04-30T14:44:49+02:00" level=info msg="Stored module examples/mssql_server" repository_id=920537038
time="2025-04-30T14:44:49+02:00" level=info msg="Stored module examples/netapp" repository_id=920537038
time="2025-04-30T14:44:49+02:00" level=info msg="Stored module examples/networking/app_gateway" repository_id=920537038
time="2025-04-30T14:44:49+02:00" level=info msg="Stored module examples/networking" repository_id=920537038
time="2025-04-30T14:44:49+02:00" level=info msg="Stored module examples/postgresql_server" repository_id=920537038
time="2025-04-30T14:44:49+02:00" level=info msg="Stored module examples/random_string" repository_id=920537038
time="2025-04-30T14:44:49+02:00" level=info msg="Stored module examples/recovery_vault" repository_id=920537038
time="2025-04-30T14:44:49+02:00" level=info msg="Stored module examples/redis_cache" repository_id=920537038
time="2025-04-30T14:44:49+02:00" level=info msg="Stored module examples/shared_image_gallery" repository_id=920537038
time="2025-04-30T14:44:49+02:00" level=info msg="Stored module examples/storage_accounts" repository_id=920537038
time="2025-04-30T14:44:49+02:00" level=info msg="Stored module examples/synapse_analytics" repository_id=920537038
time="2025-04-30T14:44:49+02:00" level=info msg="Stored module modules/aadb2c/aadb2c_directory" repository_id=920537038
time="2025-04-30T14:44:49+02:00" level=info msg="Stored module modules/analytics/databricks_access_connector" repository_id=920537038
time="2025-04-30T14:44:49+02:00" level=info msg="Stored module modules/analytics/databricks_workspace" repository_id=920537038
time="2025-04-30T14:44:49+02:00" level=info msg="Stored module modules/analytics/machine_learning/compute_instance" repository_id=920537038
time="2025-04-30T14:44:49+02:00" level=info msg="Stored module modules/analytics/machine_learning" repository_id=920537038
time="2025-04-30T14:44:49+02:00" level=info msg="Stored module modules/analytics/machine_learning_compute_instance" repository_id=920537038
time="2025-04-30T14:44:49+02:00" level=info msg="Stored module modules/analytics/synapse" repository_id=920537038
time="2025-04-30T14:44:49+02:00" level=info msg="Stored module modules/analytics/synapse/spark_pool" repository_id=920537038
time="2025-04-30T14:44:49+02:00" level=info msg="Stored module modules/analytics/synapse/sql_pool" repository_id=920537038
time="2025-04-30T14:44:49+02:00" level=info msg="Stored module modules/apim/api_management" repository_id=920537038
time="2025-04-30T14:44:49+02:00" level=info msg="Stored module modules/apim/api_management_api" repository_id=920537038
time="2025-04-30T14:44:49+02:00" level=info msg="Stored module modules/apim/api_management_api_diagnostic" repository_id=920537038
time="2025-04-30T14:44:49+02:00" level=info msg="Stored module modules/apim/api_management_api_operation" repository_id=920537038
time="2025-04-30T14:44:49+02:00" level=info msg="Stored module modules/apim/api_management_api_operation_policy" repository_id=920537038
time="2025-04-30T14:44:49+02:00" level=info msg="Stored module modules/apim/api_management_api_operation_tag" repository_id=920537038
time="2025-04-30T14:44:49+02:00" level=info msg="Stored module modules/apim/api_management_api_policy" repository_id=920537038
time="2025-04-30T14:44:49+02:00" level=info msg="Stored module modules/apim/api_management_backend" repository_id=920537038
time="2025-04-30T14:44:49+02:00" level=info msg="Stored module modules/apim/api_management_certificate" repository_id=920537038
time="2025-04-30T14:44:49+02:00" level=info msg="Stored module modules/apim/api_management_custom_domain" repository_id=920537038
time="2025-04-30T14:44:49+02:00" level=info msg="Stored module modules/apim/api_management_diagnostic" repository_id=920537038
time="2025-04-30T14:44:49+02:00" level=info msg="Stored module modules/apim/api_management_gateway" repository_id=920537038
time="2025-04-30T14:44:49+02:00" level=info msg="Stored module modules/apim/api_management_gateway_api" repository_id=920537038
time="2025-04-30T14:44:49+02:00" level=info msg="Stored module modules/apim/api_management_group" repository_id=920537038
time="2025-04-30T14:44:49+02:00" level=info msg="Stored module modules/apim/api_management_logger" repository_id=920537038
time="2025-04-30T14:44:49+02:00" level=info msg="Stored module modules/apim/api_management_product" repository_id=920537038
time="2025-04-30T14:44:49+02:00" level=info msg="Stored module modules/apim/api_management_subscription" repository_id=920537038
time="2025-04-30T14:44:49+02:00" level=info msg="Stored module modules/apim/api_management_user" repository_id=920537038
time="2025-04-30T14:44:49+02:00" level=info msg="Stored module modules/app_insights" repository_id=920537038
time="2025-04-30T14:44:49+02:00" level=info msg="Stored module modules/app_insights/standard_web_test" repository_id=920537038
time="2025-04-30T14:44:49+02:00" level=info msg="Stored module modules/app_insights/web_test" repository_id=920537038
time="2025-04-30T14:44:49+02:00" level=info msg="Stored module modules/automation/automation_runbook" repository_id=920537038
time="2025-04-30T14:44:49+02:00" level=info msg="Stored module modules/automation/automation_schedule" repository_id=920537038
time="2025-04-30T14:44:49+02:00" level=info msg="Stored module modules/automation" repository_id=920537038
time="2025-04-30T14:44:49+02:00" level=info msg="Stored module modules/automation_log_analytics_links" repository_id=920537038
time="2025-04-30T14:44:49+02:00" level=info msg="Stored module modules/azuread/administrative_unit" repository_id=920537038
time="2025-04-30T14:44:49+02:00" level=info msg="Stored module modules/azuread/administrative_unit_member" repository_id=920537038
time="2025-04-30T14:44:49+02:00" level=info msg="Stored module modules/azuread/applications" repository_id=920537038
time="2025-04-30T14:44:49+02:00" level=info msg="Stored module modules/azuread/applications_v1" repository_id=920537038
time="2025-04-30T14:44:49+02:00" level=info msg="Stored module modules/azuread/credentials" repository_id=920537038
time="2025-04-30T14:44:49+02:00" level=info msg="Stored module modules/azuread/groups" repository_id=920537038
time="2025-04-30T14:44:49+02:00" level=info msg="Stored module modules/azuread/groups_members" repository_id=920537038
time="2025-04-30T14:44:49+02:00" level=info msg="Stored module modules/azuread/groups_members/member" repository_id=920537038
time="2025-04-30T14:44:49+02:00" level=info msg="Stored module modules/azuread/groups_members/membership" repository_id=920537038
time="2025-04-30T14:44:49+02:00" level=info msg="Stored module modules/azuread/roles" repository_id=920537038
time="2025-04-30T14:44:49+02:00" level=info msg="Stored module modules/azuread/service_principal" repository_id=920537038
time="2025-04-30T14:44:49+02:00" level=info msg="Stored module modules/azuread/service_principal_password" repository_id=920537038
time="2025-04-30T14:44:49+02:00" level=info msg="Stored module modules/azuread/users" repository_id=920537038
time="2025-04-30T14:44:49+02:00" level=info msg="Stored module modules/backup_vault" repository_id=920537038
time="2025-04-30T14:44:49+02:00" level=info msg="Stored module modules/backup_vault/backup_vault_instance_blob_storage" repository_id=920537038
time="2025-04-30T14:44:49+02:00" level=info msg="Stored module modules/backup_vault/backup_vault_instance_disk" repository_id=920537038
time="2025-04-30T14:44:49+02:00" level=info msg="Stored module modules/backup_vault/backup_vault_policy_blob_storage" repository_id=920537038
time="2025-04-30T14:44:49+02:00" level=info msg="Stored module modules/backup_vault/backup_vault_policy_disk" repository_id=920537038
time="2025-04-30T14:44:49+02:00" level=info msg="Stored module modules/cognitive_services/ai_services" repository_id=920537038
time="2025-04-30T14:44:49+02:00" level=info msg="Stored module modules/cognitive_services/cognitive_account_customer_managed_key" repository_id=920537038
time="2025-04-30T14:44:49+02:00" level=info msg="Stored module modules/cognitive_services/cognitive_deployment" repository_id=920537038
time="2025-04-30T14:44:49+02:00" level=info msg="Stored module modules/cognitive_services/cognitive_services_account" repository_id=920537038
time="2025-04-30T14:44:49+02:00" level=info msg="Stored module modules/communication/communication_services" repository_id=920537038
time="2025-04-30T14:44:49+02:00" level=info msg="Stored module modules/compute/aks" repository_id=920537038
time="2025-04-30T14:44:49+02:00" level=info msg="Stored module modules/compute/availability_set" repository_id=920537038
time="2025-04-30T14:44:49+02:00" level=info msg="Stored module modules/compute/azure_redhat_openshift" repository_id=920537038
time="2025-04-30T14:44:49+02:00" level=info msg="Stored module modules/compute/batch/batch_account" repository_id=920537038
time="2025-04-30T14:44:49+02:00" level=info msg="Stored module modules/compute/batch/batch_application" repository_id=920537038
time="2025-04-30T14:44:49+02:00" level=info msg="Stored module modules/compute/batch/batch_certificate" repository_id=920537038
time="2025-04-30T14:44:49+02:00" level=info msg="Stored module modules/compute/batch/batch_job" repository_id=920537038
time="2025-04-30T14:44:49+02:00" level=info msg="Stored module modules/compute/batch/batch_pool" repository_id=920537038
time="2025-04-30T14:44:49+02:00" level=info msg="Stored module modules/compute/container_app" repository_id=920537038
time="2025-04-30T14:44:49+02:00" level=info msg="Stored module modules/compute/container_app_dapr_component" repository_id=920537038
time="2025-04-30T14:44:49+02:00" level=info msg="Stored module modules/compute/container_app_environment" repository_id=920537038
time="2025-04-30T14:44:49+02:00" level=info msg="Stored module modules/compute/container_app_environment_certificate" repository_id=920537038
time="2025-04-30T14:44:49+02:00" level=info msg="Stored module modules/compute/container_app_environment_storage" repository_id=920537038
time="2025-04-30T14:44:49+02:00" level=info msg="Stored module modules/compute/container_group" repository_id=920537038
time="2025-04-30T14:44:49+02:00" level=info msg="Stored module modules/compute/container_group/variable_from_command" repository_id=920537038
time="2025-04-30T14:44:49+02:00" level=info msg="Stored module modules/compute/container_registry" repository_id=920537038
time="2025-04-30T14:44:49+02:00" level=info msg="Stored module modules/compute/dedicated_host_groups" repository_id=920537038
time="2025-04-30T14:44:49+02:00" level=info msg="Stored module modules/compute/dedicated_hosts" repository_id=920537038
time="2025-04-30T14:44:49+02:00" level=info msg="Stored module modules/compute/proximity_placement_group" repository_id=920537038
time="2025-04-30T14:44:49+02:00" level=info msg="Stored module modules/compute/runbooks/ansible_playbook" repository_id=920537038
time="2025-04-30T14:44:49+02:00" level=info msg="Stored module modules/compute/virtual_machine" repository_id=920537038
time="2025-04-30T14:44:49+02:00" level=info msg="Stored module modules/compute/virtual_machine_extensions" repository_id=920537038
time="2025-04-30T14:44:49+02:00" level=info msg="Stored module modules/compute/virtual_machine_scale_set" repository_id=920537038
time="2025-04-30T14:44:49+02:00" level=info msg="Stored module modules/compute/virtual_machine_scale_set_extensions" repository_id=920537038
time="2025-04-30T14:44:49+02:00" level=info msg="Stored module modules/compute/vmware_clusters" repository_id=920537038
time="2025-04-30T14:44:49+02:00" level=info msg="Stored module modules/compute/vmware_express_route_authorizations" repository_id=920537038
time="2025-04-30T14:44:49+02:00" level=info msg="Stored module modules/compute/vmware_private_clouds" repository_id=920537038
time="2025-04-30T14:44:49+02:00" level=info msg="Stored module modules/compute/wvd_application_group" repository_id=920537038
time="2025-04-30T14:44:49+02:00" level=info msg="Stored module modules/compute/wvd_applications" repository_id=920537038
time="2025-04-30T14:44:49+02:00" level=info msg="Stored module modules/compute/wvd_host_pool" repository_id=920537038
time="2025-04-30T14:44:49+02:00" level=info msg="Stored module modules/compute/wvd_workspace" repository_id=920537038
time="2025-04-30T14:44:49+02:00" level=info msg="Stored module modules/consumption_budget/resource_group" repository_id=920537038
time="2025-04-30T14:44:49+02:00" level=info msg="Stored module modules/consumption_budget/subscription" repository_id=920537038
time="2025-04-30T14:44:49+02:00" level=info msg="Stored module modules/data_factory/data_factory" repository_id=920537038
time="2025-04-30T14:44:49+02:00" level=info msg="Stored module modules/data_factory/data_factory_integration_runtime_azure_ssis" repository_id=920537038
time="2025-04-30T14:44:49+02:00" level=info msg="Stored module modules/data_factory/data_factory_integration_runtime_self_hosted" repository_id=920537038
time="2025-04-30T14:44:49+02:00" level=info msg="Stored module modules/data_factory/data_factory_pipeline" repository_id=920537038
time="2025-04-30T14:44:49+02:00" level=info msg="Stored module modules/data_factory/data_factory_trigger_schedule" repository_id=920537038
time="2025-04-30T14:44:49+02:00" level=info msg="Stored module modules/data_factory/datasets/azure_blob" repository_id=920537038
time="2025-04-30T14:44:49+02:00" level=info msg="Stored module modules/data_factory/datasets/cosmosdb_sqlapi" repository_id=920537038
time="2025-04-30T14:44:49+02:00" level=info msg="Stored module modules/data_factory/datasets/delimited_text" repository_id=920537038
time="2025-04-30T14:44:49+02:00" level=info msg="Stored module modules/data_factory/datasets/http" repository_id=920537038
time="2025-04-30T14:44:49+02:00" level=info msg="Stored module modules/data_factory/datasets/json" repository_id=920537038
time="2025-04-30T14:44:49+02:00" level=info msg="Stored module modules/data_factory/datasets/mysql" repository_id=920537038
time="2025-04-30T14:44:49+02:00" level=info msg="Stored module modules/data_factory/datasets/postgresql" repository_id=920537038
time="2025-04-30T14:44:49+02:00" level=info msg="Stored module modules/data_factory/datasets/sql_server_table" repository_id=920537038
time="2025-04-30T14:44:49+02:00" level=info msg="Stored module modules/data_factory/linked_services/azure_blob_storage" repository_id=920537038
time="2025-04-30T14:44:49+02:00" level=info msg="Stored module modules/data_factory/linked_services/azure_databricks" repository_id=920537038
time="2025-04-30T14:44:49+02:00" level=info msg="Stored module modules/data_factory/linked_services/azure_file_storage" repository_id=920537038
time="2025-04-30T14:44:49+02:00" level=info msg="Stored module modules/data_factory/linked_services/azure_function" repository_id=920537038
time="2025-04-30T14:44:49+02:00" level=info msg="Stored module modules/data_factory/linked_services/azure_sql_database" repository_id=920537038
time="2025-04-30T14:44:49+02:00" level=info msg="Stored module modules/data_factory/linked_services/cosmosdb" repository_id=920537038
time="2025-04-30T14:44:49+02:00" level=info msg="Stored module modules/data_factory/linked_services/data_lake_storage_gen2" repository_id=920537038
time="2025-04-30T14:44:49+02:00" level=info msg="Stored module modules/data_factory/linked_services/key_vault" repository_id=920537038
time="2025-04-30T14:44:49+02:00" level=info msg="Stored module modules/data_factory/linked_services/mysql" repository_id=920537038
time="2025-04-30T14:44:49+02:00" level=info msg="Stored module modules/data_factory/linked_services/postgresql" repository_id=920537038
time="2025-04-30T14:44:49+02:00" level=info msg="Stored module modules/data_factory/linked_services/sftp" repository_id=920537038
time="2025-04-30T14:44:49+02:00" level=info msg="Stored module modules/data_factory/linked_services/sql_server" repository_id=920537038
time="2025-04-30T14:44:49+02:00" level=info msg="Stored module modules/data_factory/linked_services/web" repository_id=920537038
time="2025-04-30T14:44:49+02:00" level=info msg="Stored module modules/databases/app_config" repository_id=920537038
time="2025-04-30T14:44:49+02:00" level=info msg="Stored module modules/databases/app_config/settings" repository_id=920537038
time="2025-04-30T14:44:49+02:00" level=info msg="Stored module modules/databases/cosmos_dbs/cassandra_keyspace" repository_id=920537038
time="2025-04-30T14:44:49+02:00" level=info msg="Stored module modules/databases/cosmos_dbs" repository_id=920537038
time="2025-04-30T14:44:49+02:00" level=info msg="Stored module modules/databases/cosmos_dbs/gremlin_database" repository_id=920537038
time="2025-04-30T14:44:49+02:00" level=info msg="Stored module modules/databases/cosmos_dbs/gremlin_database/gremlin_graph" repository_id=920537038
time="2025-04-30T14:44:49+02:00" level=info msg="Stored module modules/databases/cosmos_dbs/mongo_database" repository_id=920537038
time="2025-04-30T14:44:49+02:00" level=info msg="Stored module modules/databases/cosmos_dbs/mongo_database/mongo_collection" repository_id=920537038
time="2025-04-30T14:44:49+02:00" level=info msg="Stored module modules/databases/cosmos_dbs/sql_database" repository_id=920537038
time="2025-04-30T14:44:49+02:00" level=info msg="Stored module modules/databases/cosmos_dbs/table" repository_id=920537038
time="2025-04-30T14:44:49+02:00" level=info msg="Stored module modules/databases/data_explorer/kusto_attached_database_configurations" repository_id=920537038
time="2025-04-30T14:44:49+02:00" level=info msg="Stored module modules/databases/data_explorer/kusto_cluster_customer_managed_keys" repository_id=920537038
time="2025-04-30T14:44:49+02:00" level=info msg="Stored module modules/databases/data_explorer/kusto_cluster_principal_assignments" repository_id=920537038
time="2025-04-30T14:44:49+02:00" level=info msg="Stored module modules/databases/data_explorer/kusto_clusters" repository_id=920537038
time="2025-04-30T14:44:49+02:00" level=info msg="Stored module modules/databases/data_explorer/kusto_database_principal_assignments" repository_id=920537038
time="2025-04-30T14:44:49+02:00" level=info msg="Stored module modules/databases/data_explorer/kusto_databases" repository_id=920537038
time="2025-04-30T14:44:49+02:00" level=info msg="Stored module modules/databases/data_explorer/kusto_eventgrid_data_connections" repository_id=920537038
time="2025-04-30T14:44:49+02:00" level=info msg="Stored module modules/databases/data_explorer/kusto_eventhub_data_connections" repository_id=920537038
time="2025-04-30T14:44:49+02:00" level=info msg="Stored module modules/databases/data_explorer/kusto_iothub_data_connections" repository_id=920537038
time="2025-04-30T14:44:49+02:00" level=info msg="Stored module modules/databases/database_migration_project" repository_id=920537038
time="2025-04-30T14:44:49+02:00" level=info msg="Stored module modules/databases/database_migration_service" repository_id=920537038
time="2025-04-30T14:44:49+02:00" level=info msg="Stored module modules/databases/mssql_database" repository_id=920537038
time="2025-04-30T14:44:49+02:00" level=info msg="Stored module modules/databases/mssql_elastic_pool" repository_id=920537038
time="2025-04-30T14:44:49+02:00" level=info msg="Stored module modules/databases/mssql_managed_database/backup_ltr" repository_id=920537038
time="2025-04-30T14:44:49+02:00" level=info msg="Stored module modules/databases/mssql_managed_database" repository_id=920537038
time="2025-04-30T14:44:49+02:00" level=info msg="Stored module modules/databases/mssql_managed_database_restore_v1" repository_id=920537038
time="2025-04-30T14:44:49+02:00" level=info msg="Stored module modules/databases/mssql_managed_database_restore_v1/var/long_term_retention_policy" repository_id=920537038
time="2025-04-30T14:44:49+02:00" level=info msg="Stored module modules/databases/mssql_managed_database_restore_v1/var/settings" repository_id=920537038
time="2025-04-30T14:44:49+02:00" level=info msg="Stored module modules/databases/mssql_managed_database_v1" repository_id=920537038
time="2025-04-30T14:44:49+02:00" level=info msg="Stored module modules/databases/mssql_managed_database_v1/var/long_term_retention_policy" repository_id=920537038
time="2025-04-30T14:44:49+02:00" level=info msg="Stored module modules/databases/mssql_managed_database_v1/var/settings" repository_id=920537038
time="2025-04-30T14:44:49+02:00" level=info msg="Stored module modules/databases/mssql_managed_instance/administrator" repository_id=920537038
time="2025-04-30T14:44:49+02:00" level=info msg="Stored module modules/databases/mssql_managed_instance/failover_group" repository_id=920537038
time="2025-04-30T14:44:49+02:00" level=info msg="Stored module modules/databases/mssql_managed_instance" repository_id=920537038
time="2025-04-30T14:44:49+02:00" level=info msg="Stored module modules/databases/mssql_managed_instance/tde" repository_id=920537038
time="2025-04-30T14:44:49+02:00" level=info msg="Stored module modules/databases/mssql_managed_instance/tde/secondary" repository_id=920537038
time="2025-04-30T14:44:49+02:00" level=info msg="Stored module modules/databases/mssql_managed_instance_v1/administrator" repository_id=920537038
time="2025-04-30T14:44:49+02:00" level=info msg="Stored module modules/databases/mssql_managed_instance_v1" repository_id=920537038
time="2025-04-30T14:44:49+02:00" level=info msg="Stored module modules/databases/mssql_managed_instance_v1/failover_group" repository_id=920537038
time="2025-04-30T14:44:49+02:00" level=info msg="Stored module modules/databases/mssql_managed_instance_v1/tde" repository_id=920537038
time="2025-04-30T14:44:49+02:00" level=info msg="Stored module modules/databases/mssql_managed_instance_v1/tde/secondary" repository_id=920537038
time="2025-04-30T14:44:49+02:00" level=info msg="Stored module modules/databases/mssql_managed_instance_v1/var/admin" repository_id=920537038
time="2025-04-30T14:44:49+02:00" level=info msg="Stored module modules/databases/mssql_managed_instance_v1/var/identity" repository_id=920537038
time="2025-04-30T14:44:49+02:00" level=info msg="Stored module modules/databases/mssql_managed_instance_v1/var/login" repository_id=920537038
time="2025-04-30T14:44:49+02:00" level=info msg="Stored module modules/databases/mssql_managed_instance_v1/var/settings" repository_id=920537038
time="2025-04-30T14:44:49+02:00" level=info msg="Stored module modules/databases/mssql_managed_instance_v1/var/settings/gen4" repository_id=920537038
time="2025-04-30T14:44:49+02:00" level=info msg="Stored module modules/databases/mssql_managed_instance_v1/var/settings/gen5" repository_id=920537038
time="2025-04-30T14:44:49+02:00" level=info msg="Stored module modules/databases/mssql_managed_instance_v1/var/sku" repository_id=920537038
time="2025-04-30T14:44:49+02:00" level=info msg="Stored module modules/databases/mssql_server" repository_id=920537038
time="2025-04-30T14:44:49+02:00" level=info msg="Stored module modules/databases/mssql_server/failover_group" repository_id=920537038
time="2025-04-30T14:44:49+02:00" level=info msg="Stored module modules/databases/mysql_flexible_server" repository_id=920537038
time="2025-04-30T14:44:49+02:00" level=info msg="Stored module modules/databases/postgresql_flexible_server" repository_id=920537038
time="2025-04-30T14:44:49+02:00" level=info msg="Stored module modules/databases/postgresql_server" repository_id=920537038
time="2025-04-30T14:44:49+02:00" level=info msg="Stored module modules/diagnostics" repository_id=920537038
time="2025-04-30T14:44:49+02:00" level=info msg="Stored module modules/event_hubs/consumer_groups" repository_id=920537038
time="2025-04-30T14:44:49+02:00" level=info msg="Stored module modules/event_hubs/hubs/auth_rules" repository_id=920537038
time="2025-04-30T14:44:49+02:00" level=info msg="Stored module modules/event_hubs/hubs" repository_id=920537038
time="2025-04-30T14:44:49+02:00" level=info msg="Stored module modules/event_hubs/namespaces/auth_rules" repository_id=920537038
time="2025-04-30T14:44:49+02:00" level=info msg="Stored module modules/event_hubs/namespaces" repository_id=920537038
time="2025-04-30T14:44:49+02:00" level=info msg="Stored module modules/identity/active_directory_domain_service" repository_id=920537038
time="2025-04-30T14:44:49+02:00" level=info msg="Stored module modules/identity/active_directory_domain_service_replica_set" repository_id=920537038
time="2025-04-30T14:44:49+02:00" level=info msg="Stored module modules/iot/consumer_groups" repository_id=920537038
time="2025-04-30T14:44:49+02:00" level=info msg="Stored module modules/iot/digital_twins/digital_twins_endpoint_eventgrid" repository_id=920537038
time="2025-04-30T14:44:49+02:00" level=info msg="Stored module modules/iot/digital_twins/digital_twins_endpoint_eventhub" repository_id=920537038
time="2025-04-30T14:44:49+02:00" level=info msg="Stored module modules/iot/digital_twins/digital_twins_endpoint_servicebus" repository_id=920537038
time="2025-04-30T14:44:49+02:00" level=info msg="Stored module modules/iot/digital_twins/digital_twins_instance" repository_id=920537038
time="2025-04-30T14:44:49+02:00" level=info msg="Stored module modules/iot/iot_central_application" repository_id=920537038
time="2025-04-30T14:44:49+02:00" level=info msg="Stored module modules/iot/iot_hub/certificate" repository_id=920537038
time="2025-04-30T14:44:49+02:00" level=info msg="Stored module modules/iot/iot_hub" repository_id=920537038
time="2025-04-30T14:44:49+02:00" level=info msg="Stored module modules/iot/iot_hub/shared_access_policy" repository_id=920537038
time="2025-04-30T14:44:49+02:00" level=info msg="Stored module modules/iot/iot_hub_dps/dps_certificate" repository_id=920537038
time="2025-04-30T14:44:49+02:00" level=info msg="Stored module modules/iot/iot_hub_dps" repository_id=920537038
time="2025-04-30T14:44:49+02:00" level=info msg="Stored module modules/iot/iot_hub_dps/shared_access_policy" repository_id=920537038
time="2025-04-30T14:44:49+02:00" level=info msg="Stored module modules/iot/security/device_group" repository_id=920537038
time="2025-04-30T14:44:49+02:00" level=info msg="Stored module modules/iot/security/security_solution" repository_id=920537038
time="2025-04-30T14:44:49+02:00" level=info msg="Stored module modules/load_test" repository_id=920537038
time="2025-04-30T14:44:49+02:00" level=info msg="Stored module modules/log_analytics" repository_id=920537038
time="2025-04-30T14:44:49+02:00" level=info msg="Stored module modules/logic_app/action_custom" repository_id=920537038
time="2025-04-30T14:44:49+02:00" level=info msg="Stored module modules/logic_app/action_http" repository_id=920537038
time="2025-04-30T14:44:49+02:00" level=info msg="Stored module modules/logic_app/integration_account" repository_id=920537038
time="2025-04-30T14:44:49+02:00" level=info msg="Stored module modules/logic_app/standard" repository_id=920537038
time="2025-04-30T14:44:49+02:00" level=info msg="Stored module modules/logic_app/trigger_custom" repository_id=920537038
time="2025-04-30T14:44:49+02:00" level=info msg="Stored module modules/logic_app/trigger_http_request" repository_id=920537038
time="2025-04-30T14:44:49+02:00" level=info msg="Stored module modules/logic_app/trigger_recurrence" repository_id=920537038
time="2025-04-30T14:44:49+02:00" level=info msg="Stored module modules/logic_app/workflow" repository_id=920537038
time="2025-04-30T14:44:49+02:00" level=info msg="Stored module modules/maintenance/assignment_virtual_machine" repository_id=920537038
time="2025-04-30T14:44:49+02:00" level=info msg="Stored module modules/maintenance/configuration" repository_id=920537038
time="2025-04-30T14:44:49+02:00" level=info msg="Stored module modules/maps/maps_account" repository_id=920537038
time="2025-04-30T14:44:49+02:00" level=info msg="Stored module modules/messaging/eventgrid/eventgrid_domain" repository_id=920537038
time="2025-04-30T14:44:49+02:00" level=info msg="Stored module modules/messaging/eventgrid/eventgrid_domain_topic" repository_id=920537038
time="2025-04-30T14:44:49+02:00" level=info msg="Stored module modules/messaging/eventgrid/eventgrid_event_subscription" repository_id=920537038
time="2025-04-30T14:44:49+02:00" level=info msg="Stored module modules/messaging/eventgrid/eventgrid_system_event_subscription" repository_id=920537038
time="2025-04-30T14:44:49+02:00" level=info msg="Stored module modules/messaging/eventgrid/eventgrid_system_topic" repository_id=920537038
time="2025-04-30T14:44:49+02:00" level=info msg="Stored module modules/messaging/eventgrid/eventgrid_topic" repository_id=920537038
time="2025-04-30T14:44:49+02:00" level=info msg="Stored module modules/messaging/servicebus/namespace" repository_id=920537038
time="2025-04-30T14:44:49+02:00" level=info msg="Stored module modules/messaging/servicebus/namespace/namespace_auth_rule" repository_id=920537038
time="2025-04-30T14:44:49+02:00" level=info msg="Stored module modules/messaging/servicebus/queue" repository_id=920537038
time="2025-04-30T14:44:49+02:00" level=info msg="Stored module modules/messaging/servicebus/queue/queue_auth_rule" repository_id=920537038
time="2025-04-30T14:44:49+02:00" level=info msg="Stored module modules/messaging/servicebus/topic" repository_id=920537038
time="2025-04-30T14:44:49+02:00" level=info msg="Stored module modules/messaging/servicebus/topic/subscription" repository_id=920537038
time="2025-04-30T14:44:49+02:00" level=info msg="Stored module modules/messaging/servicebus/topic/subscription/subscription_rule/correlation_filter" repository_id=920537038
time="2025-04-30T14:44:49+02:00" level=info msg="Stored module modules/messaging/servicebus/topic/subscription/subscription_rule/sql_filter" repository_id=920537038
time="2025-04-30T14:44:49+02:00" level=info msg="Stored module modules/messaging/servicebus/topic/topic_auth_rule" repository_id=920537038
time="2025-04-30T14:44:49+02:00" level=info msg="Stored module modules/messaging/signalr_service" repository_id=920537038
time="2025-04-30T14:44:49+02:00" level=info msg="Stored module modules/messaging/web_pubsub/hub" repository_id=920537038
time="2025-04-30T14:44:49+02:00" level=info msg="Stored module modules/messaging/web_pubsub" repository_id=920537038
time="2025-04-30T14:44:49+02:00" level=info msg="Stored module modules/monitoring/log_analytics_storage_insights" repository_id=920537038
time="2025-04-30T14:44:49+02:00" level=info msg="Stored module modules/monitoring/monitor_action_group" repository_id=920537038
time="2025-04-30T14:44:49+02:00" level=info msg="Stored module modules/monitoring/monitor_activity_log_alert" repository_id=920537038
time="2025-04-30T14:44:49+02:00" level=info msg="Stored module modules/monitoring/monitor_autoscale_settings" repository_id=920537038
time="2025-04-30T14:44:49+02:00" level=info msg="Stored module modules/monitoring/monitor_metric_alert" repository_id=920537038
time="2025-04-30T14:44:49+02:00" level=info msg="Stored module modules/monitoring/service_health_alerts" repository_id=920537038
time="2025-04-30T14:44:49+02:00" level=info msg="Stored module modules/msgraph/groups" repository_id=920537038
time="2025-04-30T14:44:49+02:00" level=info msg="Stored module modules/netapp" repository_id=920537038
time="2025-04-30T14:44:49+02:00" level=info msg="Stored module modules/netapp/pool" repository_id=920537038
time="2025-04-30T14:44:49+02:00" level=info msg="Stored module modules/netapp/volume" repository_id=920537038
time="2025-04-30T14:44:49+02:00" level=info msg="Stored module modules/networking/application_gateway" repository_id=920537038
time="2025-04-30T14:44:49+02:00" level=info msg="Stored module modules/networking/application_gateway_application" repository_id=920537038
time="2025-04-30T14:44:49+02:00" level=info msg="Stored module modules/networking/application_gateway_platform" repository_id=920537038
time="2025-04-30T14:44:49+02:00" level=info msg="Stored module modules/networking/application_gateway_waf_policies" repository_id=920537038
time="2025-04-30T14:44:49+02:00" level=info msg="Stored module modules/networking/application_security_group" repository_id=920537038
time="2025-04-30T14:44:49+02:00" level=info msg="Stored module modules/networking/cdn_endpoint" repository_id=920537038
time="2025-04-30T14:44:49+02:00" level=info msg="Stored module modules/networking/cdn_profile" repository_id=920537038
time="2025-04-30T14:44:49+02:00" level=info msg="Stored module modules/networking/dns_zone" repository_id=920537038
time="2025-04-30T14:44:49+02:00" level=info msg="Stored module modules/networking/dns_zone/records" repository_id=920537038
time="2025-04-30T14:44:49+02:00" level=info msg="Stored module modules/networking/domain_name_registrations" repository_id=920537038
time="2025-04-30T14:44:49+02:00" level=info msg="Stored module modules/networking/express_route_circuit" repository_id=920537038
time="2025-04-30T14:44:49+02:00" level=info msg="Stored module modules/networking/express_route_circuit_authorization" repository_id=920537038
time="2025-04-30T14:44:49+02:00" level=info msg="Stored module modules/networking/express_route_circuit_peering" repository_id=920537038
time="2025-04-30T14:44:49+02:00" level=info msg="Stored module modules/networking/express_route_connection" repository_id=920537038
time="2025-04-30T14:44:49+02:00" level=info msg="Stored module modules/networking/firewall" repository_id=920537038
time="2025-04-30T14:44:49+02:00" level=info msg="Stored module modules/networking/firewall_application_rule_collections" repository_id=920537038
time="2025-04-30T14:44:49+02:00" level=info msg="Stored module modules/networking/firewall_nat_rule_collections" repository_id=920537038
time="2025-04-30T14:44:49+02:00" level=info msg="Stored module modules/networking/firewall_network_rule_collections" repository_id=920537038
time="2025-04-30T14:44:49+02:00" level=info msg="Stored module modules/networking/firewall_policies" repository_id=920537038
time="2025-04-30T14:44:49+02:00" level=info msg="Stored module modules/networking/firewall_policy_rule_collection_groups" repository_id=920537038
time="2025-04-30T14:44:49+02:00" level=info msg="Stored module modules/networking/front_door" repository_id=920537038
time="2025-04-30T14:44:49+02:00" level=info msg="Stored module modules/networking/front_door_waf_policy" repository_id=920537038
time="2025-04-30T14:44:49+02:00" level=info msg="Stored module modules/networking/frontdoor_rules_engine" repository_id=920537038
time="2025-04-30T14:44:49+02:00" level=info msg="Stored module modules/networking/ip_group" repository_id=920537038
time="2025-04-30T14:44:49+02:00" level=info msg="Stored module modules/networking/lb" repository_id=920537038
time="2025-04-30T14:44:49+02:00" level=info msg="Stored module modules/networking/lb_backend_address_pool" repository_id=920537038
time="2025-04-30T14:44:49+02:00" level=info msg="Stored module modules/networking/lb_backend_address_pool_address" repository_id=920537038
time="2025-04-30T14:44:49+02:00" level=info msg="Stored module modules/networking/lb_nat_pool" repository_id=920537038
time="2025-04-30T14:44:49+02:00" level=info msg="Stored module modules/networking/lb_nat_rule" repository_id=920537038
time="2025-04-30T14:44:49+02:00" level=info msg="Stored module modules/networking/lb_outbound_rule" repository_id=920537038
time="2025-04-30T14:44:49+02:00" level=info msg="Stored module modules/networking/lb_probe" repository_id=920537038
time="2025-04-30T14:44:49+02:00" level=info msg="Stored module modules/networking/lb_rule" repository_id=920537038
time="2025-04-30T14:44:49+02:00" level=info msg="Stored module modules/networking/load_balancers" repository_id=920537038
time="2025-04-30T14:44:49+02:00" level=info msg="Stored module modules/networking/local_network_gateways" repository_id=920537038
time="2025-04-30T14:44:49+02:00" level=info msg="Stored module modules/networking/nat_gateways" repository_id=920537038
time="2025-04-30T14:44:49+02:00" level=info msg="Stored module modules/networking/nat_gateways/public_ip_association" repository_id=920537038
time="2025-04-30T14:44:49+02:00" level=info msg="Stored module modules/networking/nat_gateways/subnet_association" repository_id=920537038
time="2025-04-30T14:44:49+02:00" level=info msg="Stored module modules/networking/network_interface_backend_address_pool_association" repository_id=920537038
time="2025-04-30T14:44:49+02:00" level=info msg="Stored module modules/networking/network_manager/admin_rule" repository_id=920537038
time="2025-04-30T14:44:49+02:00" level=info msg="Stored module modules/networking/network_manager/admin_rule_collection" repository_id=920537038
time="2025-04-30T14:44:49+02:00" level=info msg="Stored module modules/networking/network_manager" repository_id=920537038
time="2025-04-30T14:44:49+02:00" level=info msg="Stored module modules/networking/network_manager/connectivity_configuration" repository_id=920537038
time="2025-04-30T14:44:49+02:00" level=info msg="Stored module modules/networking/network_manager/deployment" repository_id=920537038
time="2025-04-30T14:44:49+02:00" level=info msg="Stored module modules/networking/network_manager/management_group_connection" repository_id=920537038
time="2025-04-30T14:44:49+02:00" level=info msg="Stored module modules/networking/network_manager/network_group" repository_id=920537038
time="2025-04-30T14:44:49+02:00" level=info msg="Stored module modules/networking/network_manager/scope_connection" repository_id=920537038
time="2025-04-30T14:44:49+02:00" level=info msg="Stored module modules/networking/network_manager/security_admin_configuration" repository_id=920537038
time="2025-04-30T14:44:49+02:00" level=info msg="Stored module modules/networking/network_manager/static_member" repository_id=920537038
time="2025-04-30T14:44:49+02:00" level=info msg="Stored module modules/networking/network_manager/subscription_connection" repository_id=920537038
time="2025-04-30T14:44:49+02:00" level=info msg="Stored module modules/networking/network_profile" repository_id=920537038
time="2025-04-30T14:44:49+02:00" level=info msg="Stored module modules/networking/network_security_group" repository_id=920537038
time="2025-04-30T14:44:49+02:00" level=info msg="Stored module modules/networking/network_security_perimeter" repository_id=920537038
time="2025-04-30T14:44:49+02:00" level=info msg="Stored module modules/networking/network_security_security_rules" repository_id=920537038
time="2025-04-30T14:44:49+02:00" level=info msg="Stored module modules/networking/network_watcher" repository_id=920537038
time="2025-04-30T14:44:49+02:00" level=info msg="Stored module modules/networking/networking_interface_asg_association" repository_id=920537038
time="2025-04-30T14:44:49+02:00" level=info msg="Stored module modules/networking/private-dns" repository_id=920537038
time="2025-04-30T14:44:49+02:00" level=info msg="Stored module modules/networking/private-dns-resolvers" repository_id=920537038
time="2025-04-30T14:44:49+02:00" level=info msg="Stored module modules/networking/private_dns_resolvers_dns_forwarding_rulesets" repository_id=920537038
time="2025-04-30T14:44:49+02:00" level=info msg="Stored module modules/networking/private_dns_resolvers_forwarding_rules" repository_id=920537038
time="2025-04-30T14:44:49+02:00" level=info msg="Stored module modules/networking/private_dns_resolvers_inbound_endpoints" repository_id=920537038
time="2025-04-30T14:44:49+02:00" level=info msg="Stored module modules/networking/private_dns_resolvers_outbound_endpoints" repository_id=920537038
time="2025-04-30T14:44:49+02:00" level=info msg="Stored module modules/networking/private_dns_resolvers_virtual_network_links" repository_id=920537038
time="2025-04-30T14:44:49+02:00" level=info msg="Stored module modules/networking/private_dns_vnet_link" repository_id=920537038
time="2025-04-30T14:44:49+02:00" level=info msg="Stored module modules/networking/private_dns_vnet_link_v1" repository_id=920537038
time="2025-04-30T14:44:49+02:00" level=info msg="Stored module modules/networking/private_endpoint" repository_id=920537038
time="2025-04-30T14:44:49+02:00" level=info msg="Stored module modules/networking/private_links/endpoints" repository_id=920537038
time="2025-04-30T14:44:49+02:00" level=info msg="Stored module modules/networking/private_links/endpoints/private_endpoint" repository_id=920537038
time="2025-04-30T14:44:49+02:00" level=info msg="Stored module modules/networking/private_links/endpoints/subnet" repository_id=920537038
time="2025-04-30T14:44:49+02:00" level=info msg="Stored module modules/networking/public_ip_addresses" repository_id=920537038
time="2025-04-30T14:44:49+02:00" level=info msg="Stored module modules/networking/public_ip_prefixes" repository_id=920537038
time="2025-04-30T14:44:49+02:00" level=info msg="Stored module modules/networking/relay_hybrid_connection" repository_id=920537038
time="2025-04-30T14:44:49+02:00" level=info msg="Stored module modules/networking/relay_namespace" repository_id=920537038
time="2025-04-30T14:44:49+02:00" level=info msg="Stored module modules/networking/route_tables" repository_id=920537038
time="2025-04-30T14:44:49+02:00" level=info msg="Stored module modules/networking/routes" repository_id=920537038
time="2025-04-30T14:44:49+02:00" level=info msg="Stored module modules/networking/traffic_manager/traffic_manager_azure_endpoint" repository_id=920537038
time="2025-04-30T14:44:49+02:00" level=info msg="Stored module modules/networking/traffic_manager/traffic_manager_external_endpoint" repository_id=920537038
time="2025-04-30T14:44:49+02:00" level=info msg="Stored module modules/networking/traffic_manager/traffic_manager_nested_endpoint" repository_id=920537038
time="2025-04-30T14:44:49+02:00" level=info msg="Stored module modules/networking/traffic_manager/traffic_manager_profile" repository_id=920537038
time="2025-04-30T14:44:49+02:00" level=info msg="Stored module modules/networking/virtual_hub_er_gateway_connection" repository_id=920537038
time="2025-04-30T14:44:49+02:00" level=info msg="Stored module modules/networking/virtual_hub_route_table_routes" repository_id=920537038
time="2025-04-30T14:44:49+02:00" level=info msg="Stored module modules/networking/virtual_hub_route_tables" repository_id=920537038
time="2025-04-30T14:44:49+02:00" level=info msg="Stored module modules/networking/virtual_network" repository_id=920537038
time="2025-04-30T14:44:49+02:00" level=info msg="Stored module modules/networking/virtual_network/nsg" repository_id=920537038
time="2025-04-30T14:44:49+02:00" level=info msg="Stored module modules/networking/virtual_network/nsg/flow_logs" repository_id=920537038
time="2025-04-30T14:44:49+02:00" level=info msg="Stored module modules/networking/virtual_network/subnet" repository_id=920537038
time="2025-04-30T14:44:49+02:00" level=info msg="Stored module modules/networking/virtual_network_gateway_connections" repository_id=920537038
time="2025-04-30T14:44:49+02:00" level=info msg="Stored module modules/networking/virtual_network_gateways" repository_id=920537038
time="2025-04-30T14:44:49+02:00" level=info msg="Stored module modules/networking/virtual_wan" repository_id=920537038
time="2025-04-30T14:44:49+02:00" level=info msg="Stored module modules/networking/virtual_wan/virtual_hub" repository_id=920537038
time="2025-04-30T14:44:49+02:00" level=info msg="Stored module modules/networking/vpn_gateway_connection" repository_id=920537038
time="2025-04-30T14:44:49+02:00" level=info msg="Stored module modules/networking/vpn_gateway_nat_rule" repository_id=920537038
time="2025-04-30T14:44:49+02:00" level=info msg="Stored module modules/networking/vpn_site" repository_id=920537038
time="2025-04-30T14:44:49+02:00" level=info msg="Stored module modules/powerbi_embedded" repository_id=920537038
time="2025-04-30T14:44:49+02:00" level=info msg="Stored module modules/purview/purview_accounts" repository_id=920537038
time="2025-04-30T14:44:49+02:00" level=info msg="Stored module modules/random_string" repository_id=920537038
time="2025-04-30T14:44:49+02:00" level=info msg="Stored module modules/recovery_vault" repository_id=920537038
time="2025-04-30T14:44:49+02:00" level=info msg="Stored module modules/redis_cache" repository_id=920537038
time="2025-04-30T14:44:49+02:00" level=info msg="Stored module modules/resource_group" repository_id=920537038
time="2025-04-30T14:44:49+02:00" level=info msg="Stored module modules/resource_group_reused" repository_id=920537038
time="2025-04-30T14:44:49+02:00" level=info msg="Stored module modules/roles/cosmosdb_custom_roles" repository_id=920537038
time="2025-04-30T14:44:49+02:00" level=info msg="Stored module modules/roles/custom_roles" repository_id=920537038
time="2025-04-30T14:44:49+02:00" level=info msg="Stored module modules/roles/role_assignment/assignment" repository_id=920537038
time="2025-04-30T14:44:49+02:00" level=info msg="Stored module modules/roles/role_assignment" repository_id=920537038
time="2025-04-30T14:44:49+02:00" level=info msg="Stored module modules/search_service" repository_id=920537038
time="2025-04-30T14:44:49+02:00" level=info msg="Stored module modules/security/disk_encryption_set" repository_id=920537038
time="2025-04-30T14:44:49+02:00" level=info msg="Stored module modules/security/disk_encryption_set_external" repository_id=920537038
time="2025-04-30T14:44:49+02:00" level=info msg="Stored module modules/security/dynamic_keyvault_certificates/certificate" repository_id=920537038
time="2025-04-30T14:44:49+02:00" level=info msg="Stored module modules/security/dynamic_keyvault_certificates" repository_id=920537038
time="2025-04-30T14:44:49+02:00" level=info msg="Stored module modules/security/dynamic_keyvault_secrets" repository_id=920537038
time="2025-04-30T14:44:49+02:00" level=info msg="Stored module modules/security/dynamic_keyvault_secrets/secret" repository_id=920537038
time="2025-04-30T14:44:49+02:00" level=info msg="Stored module modules/security/dynamic_keyvault_secrets/secret_dynamic" repository_id=920537038
time="2025-04-30T14:44:49+02:00" level=info msg="Stored module modules/security/dynamic_keyvault_secrets/secret_immutable" repository_id=920537038
time="2025-04-30T14:44:49+02:00" level=info msg="Stored module modules/security/keyvault" repository_id=920537038
time="2025-04-30T14:44:49+02:00" level=info msg="Stored module modules/security/keyvault_access_policies/access_policy" repository_id=920537038
time="2025-04-30T14:44:49+02:00" level=info msg="Stored module modules/security/keyvault_access_policies" repository_id=920537038
time="2025-04-30T14:44:49+02:00" level=info msg="Stored module modules/security/keyvault_certificate" repository_id=920537038
time="2025-04-30T14:44:49+02:00" level=info msg="Stored module modules/security/keyvault_certificate_issuer" repository_id=920537038
time="2025-04-30T14:44:49+02:00" level=info msg="Stored module modules/security/keyvault_certificate_request" repository_id=920537038
time="2025-04-30T14:44:49+02:00" level=info msg="Stored module modules/security/keyvault_key" repository_id=920537038
time="2025-04-30T14:44:49+02:00" level=info msg="Stored module modules/security/lighthouse_definition" repository_id=920537038
time="2025-04-30T14:44:49+02:00" level=info msg="Stored module modules/security/managed_identity" repository_id=920537038
time="2025-04-30T14:44:49+02:00" level=info msg="Stored module modules/security/sentinel/ar_fusion" repository_id=920537038
time="2025-04-30T14:44:49+02:00" level=info msg="Stored module modules/security/sentinel/ar_ml_behavior_analytics" repository_id=920537038
time="2025-04-30T14:44:49+02:00" level=info msg="Stored module modules/security/sentinel/ar_ms_security_incident" repository_id=920537038
time="2025-04-30T14:44:49+02:00" level=info msg="Stored module modules/security/sentinel/ar_scheduled" repository_id=920537038
time="2025-04-30T14:44:49+02:00" level=info msg="Stored module modules/security/sentinel/automation_rule" repository_id=920537038
time="2025-04-30T14:44:49+02:00" level=info msg="Stored module modules/security/sentinel/dc_aad" repository_id=920537038
time="2025-04-30T14:44:49+02:00" level=info msg="Stored module modules/security/sentinel/dc_app_security" repository_id=920537038
time="2025-04-30T14:44:49+02:00" level=info msg="Stored module modules/security/sentinel/dc_aws" repository_id=920537038
time="2025-04-30T14:44:49+02:00" level=info msg="Stored module modules/security/sentinel/dc_azure_threat_protection" repository_id=920537038
time="2025-04-30T14:44:49+02:00" level=info msg="Stored module modules/security/sentinel/dc_ms_threat_protection" repository_id=920537038
time="2025-04-30T14:44:49+02:00" level=info msg="Stored module modules/security/sentinel/dc_office_365" repository_id=920537038
time="2025-04-30T14:44:49+02:00" level=info msg="Stored module modules/security/sentinel/dc_security_center" repository_id=920537038
time="2025-04-30T14:44:49+02:00" level=info msg="Stored module modules/security/sentinel/dc_threat_intelligence" repository_id=920537038
time="2025-04-30T14:44:49+02:00" level=info msg="Stored module modules/security/sentinel/watchlist" repository_id=920537038
time="2025-04-30T14:44:49+02:00" level=info msg="Stored module modules/security/sentinel/watchlist_item" repository_id=920537038
time="2025-04-30T14:44:49+02:00" level=info msg="Stored module modules/shared_image_gallery/image_definitions" repository_id=920537038
time="2025-04-30T14:44:49+02:00" level=info msg="Stored module modules/shared_image_gallery/image_galleries" repository_id=920537038
time="2025-04-30T14:44:49+02:00" level=info msg="Stored module modules/shared_image_gallery/packer_build" repository_id=920537038
time="2025-04-30T14:44:49+02:00" level=info msg="Stored module modules/shared_image_gallery/packer_service_principal" repository_id=920537038
time="2025-04-30T14:44:49+02:00" level=info msg="Stored module modules/storage_account" repository_id=920537038
time="2025-04-30T14:44:49+02:00" level=info msg="Stored module modules/storage_account/blob" repository_id=920537038
time="2025-04-30T14:44:49+02:00" level=info msg="Stored module modules/storage_account/container" repository_id=920537038
time="2025-04-30T14:44:49+02:00" level=info msg="Stored module modules/storage_account/data_lake_filesystem" repository_id=920537038
time="2025-04-30T14:44:49+02:00" level=info msg="Stored module modules/storage_account/encryption_scope" repository_id=920537038
time="2025-04-30T14:44:49+02:00" level=info msg="Stored module modules/storage_account/file_share" repository_id=920537038
time="2025-04-30T14:44:49+02:00" level=info msg="Stored module modules/storage_account/file_share_directory" repository_id=920537038
time="2025-04-30T14:44:49+02:00" level=info msg="Stored module modules/storage_account/file_share_file" repository_id=920537038
time="2025-04-30T14:44:49+02:00" level=info msg="Stored module modules/storage_account/management_policy" repository_id=920537038
time="2025-04-30T14:44:49+02:00" level=info msg="Stored module modules/storage_account/queue" repository_id=920537038
time="2025-04-30T14:44:49+02:00" level=info msg="Stored module modules/subscription_billing_role_assignment" repository_id=920537038
time="2025-04-30T14:44:49+02:00" level=info msg="Stored module modules/subscription_billing_role_assignment/role_assignment" repository_id=920537038
time="2025-04-30T14:44:49+02:00" level=info msg="Stored module modules/subscriptions" repository_id=920537038
time="2025-04-30T14:44:49+02:00" level=info msg="Stored module modules/webapps/appservice" repository_id=920537038
time="2025-04-30T14:44:49+02:00" level=info msg="Stored module modules/webapps/ase" repository_id=920537038
time="2025-04-30T14:44:49+02:00" level=info msg="Stored module modules/webapps/asev3" repository_id=920537038
time="2025-04-30T14:44:49+02:00" level=info msg="Stored module modules/webapps/asp" repository_id=920537038
time="2025-04-30T14:44:49+02:00" level=info msg="Stored module modules/webapps/function_app" repository_id=920537038
time="2025-04-30T14:44:49+02:00" level=info msg="Stored module modules/webapps/linux_function_app" repository_id=920537038
time="2025-04-30T14:44:49+02:00" level=info msg="Stored module modules/webapps/linux_function_app/linux_function_app_slot" repository_id=920537038
time="2025-04-30T14:44:49+02:00" level=info msg="Stored module modules/webapps/service_plan" repository_id=920537038
time="2025-04-30T14:44:49+02:00" level=info msg="Stored module modules/webapps/static_site" repository_id=920537038
time="2025-04-30T14:44:49+02:00" level=info msg="Stored module modules/webapps/windows_web_app" repository_id=920537038
time="2025-04-30T14:44:49+02:00" level=info msg="Stored module modules/webapps/windows_web_app/slots" repository_id=920537038
time="2025-04-30T14:44:49+02:00" level=debug msg="Found 1 module directories" repository_id=921463351 worker_id=4
time="2025-04-30T14:44:49+02:00" level=debug msg="Found 1 module directories" repository_id=921778815 worker_id=6
time="2025-04-30T14:44:49+02:00" level=info msg="Analyzed 1 modules" repository_id=921778815 worker_id=6
time="2025-04-30T14:44:49+02:00" level=info msg="Analyzed 1 modules" repository_id=921463351 worker_id=4
time="2025-04-30T14:44:49+02:00" level=info msg="Created TAR GZ file repositories/921463351.tar.gz" repository_id=921463351 worker_id=4
time="2025-04-30T14:44:49+02:00" level=info msg="Created TAR GZ file repositories/921778815.tar.gz" repository_id=921778815 worker_id=6
time="2025-04-30T14:44:49+02:00" level=info msg="Removed repository directory repositories/921463351" repository_id=921463351 worker_id=4
time="2025-04-30T14:44:49+02:00" level=info msg="Processing repository 922361908" repository_id=922361908 worker_id=4
time="2025-04-30T14:44:49+02:00" level=info msg="Cloning https://github.com/umairshaikh45/terraform-aws-jenkins.git" repository_id=922361908 worker_id=4
time="2025-04-30T14:44:49+02:00" level=info msg="Updated commit SHA a01393efb4ad7ee06c180427aefca2ecca9d8c86" repository_id=921463351
time="2025-04-30T14:44:49+02:00" level=info msg="Removed repository directory repositories/921778815" repository_id=921778815 worker_id=6
time="2025-04-30T14:44:49+02:00" level=info msg="Processing repository 922370089" repository_id=922370089 worker_id=6
time="2025-04-30T14:44:49+02:00" level=info msg="Cloning https://github.com/setheliot/eks_auto_mode.git" repository_id=922370089 worker_id=6
time="2025-04-30T14:44:49+02:00" level=info msg="Stored module ." repository_id=921463351
time="2025-04-30T14:44:49+02:00" level=info msg="Updated commit SHA 15b14338eb9522072fb37919d7cc90d67b037b3e" repository_id=921778815
time="2025-04-30T14:44:49+02:00" level=info msg="Stored module modules/azure-starter-app" repository_id=921778815
time="2025-04-30T14:44:49+02:00" level=debug msg="Found 3 module directories" repository_id=921453568 worker_id=5
time="2025-04-30T14:44:49+02:00" level=info msg="Analyzed 3 modules" repository_id=921453568 worker_id=5
time="2025-04-30T14:44:49+02:00" level=info msg="Created TAR GZ file repositories/921453568.tar.gz" repository_id=921453568 worker_id=5
time="2025-04-30T14:44:49+02:00" level=info msg="Removed repository directory repositories/921453568" repository_id=921453568 worker_id=5
time="2025-04-30T14:44:49+02:00" level=info msg="Processing repository 922374789" repository_id=922374789 worker_id=5
time="2025-04-30T14:44:49+02:00" level=info msg="Cloning https://github.com/gitstandards/terraform.git" repository_id=922374789 worker_id=5
time="2025-04-30T14:44:49+02:00" level=info msg="Updated commit SHA 717378197a584ca225f9c48fa4508b983692a0fc" repository_id=921453568
time="2025-04-30T14:44:49+02:00" level=info msg="Stored module modules/aws/backend-asg" repository_id=921453568
time="2025-04-30T14:44:49+02:00" level=info msg="Stored module modules/aws/rds" repository_id=921453568
time="2025-04-30T14:44:49+02:00" level=info msg="Stored module modules/aws/sqs" repository_id=921453568
time="2025-04-30T14:44:49+02:00" level=debug msg="Found 1 module directories" repository_id=920281333 worker_id=3
time="2025-04-30T14:44:49+02:00" level=info msg="Analyzed 1 modules" repository_id=920281333 worker_id=3
time="2025-04-30T14:44:49+02:00" level=info msg="Created TAR GZ file repositories/920281333.tar.gz" repository_id=920281333 worker_id=3
time="2025-04-30T14:44:49+02:00" level=info msg="Removed repository directory repositories/920281333" repository_id=920281333 worker_id=3
time="2025-04-30T14:44:49+02:00" level=info msg="Processing repository 922920533" repository_id=922920533 worker_id=3
time="2025-04-30T14:44:49+02:00" level=info msg="Cloning https://github.com/sliterentz/dev_playground.git" repository_id=922920533 worker_id=3
time="2025-04-30T14:44:49+02:00" level=info msg="Updated commit SHA 90c789882c6b91fec9f1a206f099bfb949d7872f" repository_id=920281333
time="2025-04-30T14:44:49+02:00" level=info msg="Stored module terraform/lambda" repository_id=920281333
time="2025-04-30T14:44:52+02:00" level=debug msg="Found 5 module directories" repository_id=917303449 worker_id=1
time="2025-04-30T14:44:52+02:00" level=info msg="Analyzed 5 modules" repository_id=917303449 worker_id=1
time="2025-04-30T14:44:52+02:00" level=info msg="Created TAR GZ file repositories/917303449.tar.gz" repository_id=917303449 worker_id=1
time="2025-04-30T14:44:52+02:00" level=info msg="Removed repository directory repositories/917303449" repository_id=917303449 worker_id=1
time="2025-04-30T14:44:52+02:00" level=info msg="Processing repository 923262620" repository_id=923262620 worker_id=1
time="2025-04-30T14:44:52+02:00" level=info msg="Cloning https://github.com/u11d-com/terraform-aws-medusajs.git" repository_id=923262620 worker_id=1
time="2025-04-30T14:44:52+02:00" level=info msg="Updated commit SHA 99d71f01a1ddda9ce2952c5642c2981566594650" repository_id=917303449
time="2025-04-30T14:44:52+02:00" level=info msg="Stored module aws_backup/terraform" repository_id=917303449
time="2025-04-30T14:44:52+02:00" level=info msg="Stored module ebs/terraform" repository_id=917303449
time="2025-04-30T14:44:52+02:00" level=info msg="Stored module efs/terraform" repository_id=917303449
time="2025-04-30T14:44:52+02:00" level=info msg="Stored module s3/infra_as_code/caso-01" repository_id=917303449
time="2025-04-30T14:44:52+02:00" level=info msg="Stored module s3/infra_as_code/caso-02" repository_id=917303449
time="2025-04-30T14:44:57+02:00" level=debug msg="Found 4 module directories" repository_id=921809126 worker_id=2
time="2025-04-30T14:44:57+02:00" level=debug msg="Found 11 module directories" repository_id=922374789 worker_id=5
time="2025-04-30T14:44:57+02:00" level=info msg="Analyzed 4 modules" repository_id=921809126 worker_id=2
time="2025-04-30T14:44:57+02:00" level=info msg="Analyzed 11 modules" repository_id=922374789 worker_id=5
time="2025-04-30T14:44:57+02:00" level=info msg="Created TAR GZ file repositories/921809126.tar.gz" repository_id=921809126 worker_id=2
time="2025-04-30T14:44:57+02:00" level=info msg="Created TAR GZ file repositories/922374789.tar.gz" repository_id=922374789 worker_id=5
time="2025-04-30T14:44:57+02:00" level=info msg="Removed repository directory repositories/921809126" repository_id=921809126 worker_id=2
time="2025-04-30T14:44:57+02:00" level=info msg="Processing repository 923427599" repository_id=923427599 worker_id=2
time="2025-04-30T14:44:57+02:00" level=info msg="Cloning https://github.com/Gabegi/Azure_APIM_Resources_Terraform_Module.git" repository_id=923427599 worker_id=2
time="2025-04-30T14:44:57+02:00" level=info msg="Updated commit SHA 284e95cc1dc96224050d9aeb240439a67ae8dead" repository_id=921809126
time="2025-04-30T14:44:57+02:00" level=info msg="Removed repository directory repositories/922374789" repository_id=922374789 worker_id=5
time="2025-04-30T14:44:57+02:00" level=info msg="Processing repository 923729161" repository_id=923729161 worker_id=5
time="2025-04-30T14:44:57+02:00" level=info msg="Cloning https://github.com/aws-samples/AppSync_Sync_Async_Integration.git" repository_id=923729161 worker_id=5
time="2025-04-30T14:44:57+02:00" level=info msg="Stored module community-days/live/infracost" repository_id=921809126
time="2025-04-30T14:44:57+02:00" level=info msg="Stored module community-days/live/introduction-ec2" repository_id=921809126
time="2025-04-30T14:44:57+02:00" level=info msg="Stored module community-days/live/s3-call-module" repository_id=921809126
time="2025-04-30T14:44:57+02:00" level=info msg="Stored module modules/s3" repository_id=921809126
time="2025-04-30T14:44:57+02:00" level=info msg="Updated commit SHA 6a65b09061c96335f2d16909d18d39454f847c9f" repository_id=922374789
time="2025-04-30T14:44:57+02:00" level=info msg="Stored module alb" repository_id=922374789
time="2025-04-30T14:44:57+02:00" level=info msg="Stored module autoscaling/with_logs" repository_id=922374789
time="2025-04-30T14:44:57+02:00" level=info msg="Stored module autoscaling/without_logs" repository_id=922374789
time="2025-04-30T14:44:57+02:00" level=info msg="Stored module beanstalk" repository_id=922374789
time="2025-04-30T14:44:57+02:00" level=info msg="Stored module ec2/with_ssh" repository_id=922374789
time="2025-04-30T14:44:57+02:00" level=info msg="Stored module ec2/without_ssh" repository_id=922374789
time="2025-04-30T14:44:57+02:00" level=info msg="Stored module iam" repository_id=922374789
time="2025-04-30T14:44:57+02:00" level=info msg="Stored module lambda" repository_id=922374789
time="2025-04-30T14:44:57+02:00" level=info msg="Stored module s3" repository_id=922374789
time="2025-04-30T14:44:57+02:00" level=info msg="Stored module security_group" repository_id=922374789
time="2025-04-30T14:44:57+02:00" level=info msg="Stored module vpc" repository_id=922374789
time="2025-04-30T14:44:59+02:00" level=debug msg="Found 1 module directories" repository_id=922920533 worker_id=3
time="2025-04-30T14:44:59+02:00" level=info msg="Analyzed 1 modules" repository_id=922920533 worker_id=3
time="2025-04-30T14:44:59+02:00" level=info msg="Created TAR GZ file repositories/922920533.tar.gz" repository_id=922920533 worker_id=3
time="2025-04-30T14:44:59+02:00" level=info msg="Removed repository directory repositories/922920533" repository_id=922920533 worker_id=3
time="2025-04-30T14:44:59+02:00" level=info msg="Processing repository 923807911" repository_id=923807911 worker_id=3
time="2025-04-30T14:44:59+02:00" level=info msg="Cloning https://github.com/jkblume/terraform-aws-cloudwatch-alarms-to-teams-webhook.git" repository_id=923807911 worker_id=3
time="2025-04-30T14:44:59+02:00" level=info msg="Updated commit SHA 699ea390c38b9595a9172561fe168f48b5c1413b" repository_id=922920533
time="2025-04-30T14:44:59+02:00" level=info msg="Stored module ." repository_id=922920533
time="2025-04-30T14:45:01+02:00" level=debug msg="Found 1 module directories" repository_id=920241613 worker_id=7
time="2025-04-30T14:45:01+02:00" level=info msg="Analyzed 1 modules" repository_id=920241613 worker_id=7
time="2025-04-30T14:45:01+02:00" level=info msg="Created TAR GZ file repositories/920241613.tar.gz" repository_id=920241613 worker_id=7
time="2025-04-30T14:45:01+02:00" level=info msg="Removed repository directory repositories/920241613" repository_id=920241613 worker_id=7
time="2025-04-30T14:45:01+02:00" level=info msg="Processing repository 923830885" repository_id=923830885 worker_id=7
time="2025-04-30T14:45:01+02:00" level=info msg="Cloning https://github.com/trungleduc/scaleway-opentf.git" repository_id=923830885 worker_id=7
time="2025-04-30T14:45:01+02:00" level=info msg="Updated commit SHA 64287ef0cb444c889fd7d2fae051ff320e033351" repository_id=920241613
time="2025-04-30T14:45:01+02:00" level=info msg="Stored module terraform" repository_id=920241613
time="2025-04-30T14:45:05+02:00" level=debug msg="Found 10 module directories" repository_id=923262620 worker_id=1
time="2025-04-30T14:45:05+02:00" level=info msg="Analyzed 10 modules" repository_id=923262620 worker_id=1
time="2025-04-30T14:45:05+02:00" level=info msg="Created TAR GZ file repositories/923262620.tar.gz" repository_id=923262620 worker_id=1
time="2025-04-30T14:45:05+02:00" level=info msg="Removed repository directory repositories/923262620" repository_id=923262620 worker_id=1
time="2025-04-30T14:45:05+02:00" level=info msg="Processing repository 923853839" repository_id=923853839 worker_id=1
time="2025-04-30T14:45:05+02:00" level=info msg="Cloning https://github.com/Azure/TF-Automated-Pipeline-Demo.git" repository_id=923853839 worker_id=1
time="2025-04-30T14:45:05+02:00" level=info msg="Updated commit SHA 29f49acd90dd05a099650ed812fb576d5113e893" repository_id=923262620
time="2025-04-30T14:45:05+02:00" level=info msg="Stored module examples/complete" repository_id=923262620
time="2025-04-30T14:45:05+02:00" level=info msg="Stored module examples/external-resources" repository_id=923262620
time="2025-04-30T14:45:05+02:00" level=info msg="Stored module examples/minimal" repository_id=923262620
time="2025-04-30T14:45:05+02:00" level=info msg="Stored module ." repository_id=923262620
time="2025-04-30T14:45:05+02:00" level=info msg="Stored module modules/backend" repository_id=923262620
time="2025-04-30T14:45:05+02:00" level=info msg="Stored module modules/ecr" repository_id=923262620
time="2025-04-30T14:45:05+02:00" level=info msg="Stored module modules/elasticache" repository_id=923262620
time="2025-04-30T14:45:05+02:00" level=info msg="Stored module modules/rds" repository_id=923262620
time="2025-04-30T14:45:05+02:00" level=info msg="Stored module modules/storefront" repository_id=923262620
time="2025-04-30T14:45:05+02:00" level=info msg="Stored module modules/vpc" repository_id=923262620
time="2025-04-30T14:45:08+02:00" level=debug msg="Found 5 module directories" repository_id=918766782 worker_id=8
time="2025-04-30T14:45:08+02:00" level=info msg="Analyzed 5 modules" repository_id=918766782 worker_id=8
time="2025-04-30T14:45:08+02:00" level=info msg="Created TAR GZ file repositories/918766782.tar.gz" repository_id=918766782 worker_id=8
time="2025-04-30T14:45:08+02:00" level=info msg="Removed repository directory repositories/918766782" repository_id=918766782 worker_id=8
time="2025-04-30T14:45:08+02:00" level=info msg="Processing repository 923987365" repository_id=923987365 worker_id=8
time="2025-04-30T14:45:08+02:00" level=info msg="Cloning https://github.com/ravikiranvm/terraform-a2z.git" repository_id=923987365 worker_id=8
time="2025-04-30T14:45:08+02:00" level=info msg="Updated commit SHA 37debc614318c942de9b45c453551a1f53b82ebe" repository_id=918766782
time="2025-04-30T14:45:08+02:00" level=info msg="Stored module terraform/gcp" repository_id=918766782
time="2025-04-30T14:45:08+02:00" level=info msg="Stored module terraform/modules/gcs_bucket" repository_id=918766782
time="2025-04-30T14:45:08+02:00" level=info msg="Stored module terraform/modules/lxc_container" repository_id=918766782
time="2025-04-30T14:45:08+02:00" level=info msg="Stored module terraform/tailscale" repository_id=918766782
time="2025-04-30T14:45:08+02:00" level=info msg="Stored module terraform/wieprz" repository_id=918766782
time="2025-04-30T14:45:08+02:00" level=debug msg="Found 6 module directories" repository_id=923427599 worker_id=2
time="2025-04-30T14:45:08+02:00" level=debug msg="Found 2 module directories" repository_id=922370089 worker_id=6
time="2025-04-30T14:45:08+02:00" level=info msg="Analyzed 6 modules" repository_id=923427599 worker_id=2
time="2025-04-30T14:45:08+02:00" level=info msg="Analyzed 2 modules" repository_id=922370089 worker_id=6
time="2025-04-30T14:45:08+02:00" level=info msg="Created TAR GZ file repositories/923427599.tar.gz" repository_id=923427599 worker_id=2
time="2025-04-30T14:45:08+02:00" level=info msg="Removed repository directory repositories/923427599" repository_id=923427599 worker_id=2
time="2025-04-30T14:45:08+02:00" level=info msg="Processing repository 924200577" repository_id=924200577 worker_id=2
time="2025-04-30T14:45:08+02:00" level=info msg="Cloning https://github.com/craigsloggett-lab/terraform-aws-tfe-fdo-docker-active-active.git" repository_id=924200577 worker_id=2
time="2025-04-30T14:45:08+02:00" level=info msg="Updated commit SHA 4c4ce2cbf34a32ee56d3a01518da52203827618f" repository_id=923427599
time="2025-04-30T14:45:08+02:00" level=info msg="Stored module src" repository_id=923427599
time="2025-04-30T14:45:08+02:00" level=info msg="Stored module src/modules/api" repository_id=923427599
time="2025-04-30T14:45:08+02:00" level=info msg="Stored module src/modules/backend" repository_id=923427599
time="2025-04-30T14:45:08+02:00" level=info msg="Stored module src/modules/named_values" repository_id=923427599
time="2025-04-30T14:45:08+02:00" level=info msg="Stored module src/modules/product" repository_id=923427599
time="2025-04-30T14:45:08+02:00" level=info msg="Stored module src/modules/storage" repository_id=923427599
time="2025-04-30T14:45:08+02:00" level=info msg="Created TAR GZ file repositories/922370089.tar.gz" repository_id=922370089 worker_id=6
time="2025-04-30T14:45:08+02:00" level=info msg="Removed repository directory repositories/922370089" repository_id=922370089 worker_id=6
time="2025-04-30T14:45:08+02:00" level=info msg="Processing repository 924324802" repository_id=924324802 worker_id=6
time="2025-04-30T14:45:08+02:00" level=info msg="Cloning https://github.com/aws-samples/deepseek-using-vllm-on-eks.git" repository_id=924324802 worker_id=6
time="2025-04-30T14:45:08+02:00" level=info msg="Updated commit SHA 1c10d2ec207c4db4d1d7fdfb3c964ddb963ba714" repository_id=922370089
time="2025-04-30T14:45:08+02:00" level=info msg="Stored module terraform" repository_id=922370089
time="2025-04-30T14:45:08+02:00" level=info msg="Stored module terraform/modules/alb" repository_id=922370089
time="2025-04-30T14:45:08+02:00" level=debug msg="Found 2 module directories" repository_id=923807911 worker_id=3
time="2025-04-30T14:45:08+02:00" level=info msg="Analyzed 2 modules" repository_id=923807911 worker_id=3
time="2025-04-30T14:45:08+02:00" level=info msg="Created TAR GZ file repositories/923807911.tar.gz" repository_id=923807911 worker_id=3
time="2025-04-30T14:45:08+02:00" level=info msg="Removed repository directory repositories/923807911" repository_id=923807911 worker_id=3
time="2025-04-30T14:45:08+02:00" level=info msg="Processing repository 924402109" repository_id=924402109 worker_id=3
time="2025-04-30T14:45:08+02:00" level=info msg="Cloning https://github.com/ej-east/terraform-static-site.git" repository_id=924402109 worker_id=3
time="2025-04-30T14:45:08+02:00" level=info msg="Updated commit SHA 83105aed3825dfae7744d639d2e3752a37a2226a" repository_id=923807911
time="2025-04-30T14:45:08+02:00" level=info msg="Stored module ." repository_id=923807911
time="2025-04-30T14:45:08+02:00" level=info msg="Stored module examples/simple" repository_id=923807911
time="2025-04-30T14:45:08+02:00" level=debug msg="Found 5 module directories" repository_id=923830885 worker_id=7
time="2025-04-30T14:45:08+02:00" level=info msg="Analyzed 5 modules" repository_id=923830885 worker_id=7
time="2025-04-30T14:45:08+02:00" level=info msg="Created TAR GZ file repositories/923830885.tar.gz" repository_id=923830885 worker_id=7
time="2025-04-30T14:45:08+02:00" level=info msg="Removed repository directory repositories/923830885" repository_id=923830885 worker_id=7
time="2025-04-30T14:45:08+02:00" level=info msg="Processing repository 924600557" repository_id=924600557 worker_id=7
time="2025-04-30T14:45:08+02:00" level=info msg="Cloning https://github.com/rancher/harvester-cloud.git" repository_id=924600557 worker_id=7
time="2025-04-30T14:45:08+02:00" level=info msg="Updated commit SHA f2db3a013426e00c1dbd4617ad23b9e28124b8a6" repository_id=923830885
time="2025-04-30T14:45:08+02:00" level=info msg="Stored module ." repository_id=923830885
time="2025-04-30T14:45:08+02:00" level=info msg="Stored module modules/container-registry" repository_id=923830885
time="2025-04-30T14:45:08+02:00" level=info msg="Stored module modules/k8s-cluster" repository_id=923830885
time="2025-04-30T14:45:08+02:00" level=info msg="Stored module modules/private-network" repository_id=923830885
time="2025-04-30T14:45:08+02:00" level=info msg="Stored module modules/secret-manager" repository_id=923830885
time="2025-04-30T14:45:08+02:00" level=debug msg="Found 1 module directories" repository_id=923729161 worker_id=5
time="2025-04-30T14:45:08+02:00" level=info msg="Analyzed 1 modules" repository_id=923729161 worker_id=5
time="2025-04-30T14:45:08+02:00" level=info msg="Created TAR GZ file repositories/923729161.tar.gz" repository_id=923729161 worker_id=5
time="2025-04-30T14:45:08+02:00" level=info msg="Removed repository directory repositories/923729161" repository_id=923729161 worker_id=5
time="2025-04-30T14:45:08+02:00" level=info msg="Processing repository 924922788" repository_id=924922788 worker_id=5
time="2025-04-30T14:45:08+02:00" level=info msg="Cloning https://github.com/Truta446/poc-keycloak.git" repository_id=924922788 worker_id=5
time="2025-04-30T14:45:08+02:00" level=info msg="Updated commit SHA 791015a4a4fa5d47b9b23dce3a6600faaf1f7f3c" repository_id=923729161
time="2025-04-30T14:45:08+02:00" level=info msg="Stored module IaC/terraform" repository_id=923729161
time="2025-04-30T14:45:09+02:00" level=debug msg="Found 3 module directories" repository_id=923853839 worker_id=1
time="2025-04-30T14:45:09+02:00" level=info msg="Analyzed 3 modules" repository_id=923853839 worker_id=1
time="2025-04-30T14:45:09+02:00" level=info msg="Created TAR GZ file repositories/923853839.tar.gz" repository_id=923853839 worker_id=1
time="2025-04-30T14:45:09+02:00" level=info msg="Removed repository directory repositories/923853839" repository_id=923853839 worker_id=1
time="2025-04-30T14:45:09+02:00" level=info msg="Processing repository 925183515" repository_id=925183515 worker_id=1
time="2025-04-30T14:45:09+02:00" level=info msg="Cloning https://github.com/kamalvakkom/deepseek-on-gcp.git" repository_id=925183515 worker_id=1
time="2025-04-30T14:45:09+02:00" level=info msg="Updated commit SHA 14ec8f26e266c2ec1881c2bdd154a46c26e22028" repository_id=923853839
time="2025-04-30T14:45:09+02:00" level=info msg="Stored module terraform/adobuild" repository_id=923853839
time="2025-04-30T14:45:09+02:00" level=info msg="Stored module terraform/azureprep" repository_id=923853839
time="2025-04-30T14:45:09+02:00" level=info msg="Stored module terraform/verify" repository_id=923853839
time="2025-04-30T14:45:09+02:00" level=debug msg="Found 6 module directories" repository_id=923987365 worker_id=8
time="2025-04-30T14:45:09+02:00" level=info msg="Analyzed 6 modules" repository_id=923987365 worker_id=8
time="2025-04-30T14:45:09+02:00" level=info msg="Created TAR GZ file repositories/923987365.tar.gz" repository_id=923987365 worker_id=8
time="2025-04-30T14:45:09+02:00" level=info msg="Removed repository directory repositories/923987365" repository_id=923987365 worker_id=8
time="2025-04-30T14:45:09+02:00" level=info msg="Processing repository 925599541" repository_id=925599541 worker_id=8
time="2025-04-30T14:45:09+02:00" level=info msg="Cloning https://github.com/ABKGroup/NanGate45-Synopsys-Enablement.git" repository_id=925599541 worker_id=8
time="2025-04-30T14:45:09+02:00" level=info msg="Updated commit SHA ebef7aa4c78d094a5e644918faeefe78984b4ad6" repository_id=923987365
time="2025-04-30T14:45:09+02:00" level=info msg="Stored module live/global/s3" repository_id=923987365
time="2025-04-30T14:45:09+02:00" level=info msg="Stored module live/prod/data-stores/mysql" repository_id=923987365
time="2025-04-30T14:45:09+02:00" level=info msg="Stored module live/prod/services/webserver-cluster" repository_id=923987365
time="2025-04-30T14:45:09+02:00" level=info msg="Stored module live/stage/data-stores/mysql" repository_id=923987365
time="2025-04-30T14:45:09+02:00" level=info msg="Stored module live/stage/services/webserver-cluster" repository_id=923987365
time="2025-04-30T14:45:09+02:00" level=info msg="Stored module modules/services/webserver-cluster" repository_id=923987365
time="2025-04-30T14:45:09+02:00" level=debug msg="Found 1 module directories" repository_id=922361908 worker_id=4
time="2025-04-30T14:45:09+02:00" level=info msg="Analyzed 1 modules" repository_id=922361908 worker_id=4
time="2025-04-30T14:45:09+02:00" level=info msg="Created TAR GZ file repositories/922361908.tar.gz" repository_id=922361908 worker_id=4
time="2025-04-30T14:45:09+02:00" level=info msg="Removed repository directory repositories/922361908" repository_id=922361908 worker_id=4
time="2025-04-30T14:45:09+02:00" level=info msg="Processing repository 925602978" repository_id=925602978 worker_id=4
time="2025-04-30T14:45:09+02:00" level=info msg="Cloning https://github.com/Brain2life/packer-cookbook.git" repository_id=925602978 worker_id=4
time="2025-04-30T14:45:09+02:00" level=info msg="Updated commit SHA 545b3924f92cf439c9c4e67ede0ef6d4d0c51080" repository_id=922361908
time="2025-04-30T14:45:09+02:00" level=info msg="Stored module ." repository_id=922361908
time="2025-04-30T14:45:09+02:00" level=debug msg="Found 5 module directories" repository_id=924402109 worker_id=3
time="2025-04-30T14:45:09+02:00" level=info msg="Analyzed 5 modules" repository_id=924402109 worker_id=3
time="2025-04-30T14:45:09+02:00" level=info msg="Created TAR GZ file repositories/924402109.tar.gz" repository_id=924402109 worker_id=3
time="2025-04-30T14:45:09+02:00" level=info msg="Removed repository directory repositories/924402109" repository_id=924402109 worker_id=3
time="2025-04-30T14:45:09+02:00" level=info msg="Processing repository 925648913" repository_id=925648913 worker_id=3
time="2025-04-30T14:45:09+02:00" level=info msg="Cloning https://github.com/martinbjeldbak/home-ops.git" repository_id=925648913 worker_id=3
time="2025-04-30T14:45:09+02:00" level=info msg="Updated commit SHA 5b43cada1ee36449313f4e77f61ccbc4528143bf" repository_id=924402109
time="2025-04-30T14:45:09+02:00" level=info msg="Stored module ." repository_id=924402109
time="2025-04-30T14:45:09+02:00" level=info msg="Stored module modules/acm" repository_id=924402109
time="2025-04-30T14:45:09+02:00" level=info msg="Stored module modules/cdn" repository_id=924402109
time="2025-04-30T14:45:09+02:00" level=info msg="Stored module modules/route53" repository_id=924402109
time="2025-04-30T14:45:09+02:00" level=info msg="Stored module modules/s3-static" repository_id=924402109
time="2025-04-30T14:45:09+02:00" level=debug msg="Found 2 module directories" repository_id=924200577 worker_id=2
time="2025-04-30T14:45:09+02:00" level=info msg="Analyzed 2 modules" repository_id=924200577 worker_id=2
time="2025-04-30T14:45:09+02:00" level=info msg="Created TAR GZ file repositories/924200577.tar.gz" repository_id=924200577 worker_id=2
time="2025-04-30T14:45:09+02:00" level=info msg="Removed repository directory repositories/924200577" repository_id=924200577 worker_id=2
time="2025-04-30T14:45:09+02:00" level=info msg="Processing repository 925731760" repository_id=925731760 worker_id=2
time="2025-04-30T14:45:09+02:00" level=info msg="Cloning https://github.com/tinyrick-sys/iac.git" repository_id=925731760 worker_id=2
time="2025-04-30T14:45:09+02:00" level=info msg="Updated commit SHA 502379c393f26bd9d400412dc0d652908767d833" repository_id=924200577
time="2025-04-30T14:45:09+02:00" level=info msg="Stored module ." repository_id=924200577
time="2025-04-30T14:45:09+02:00" level=info msg="Stored module examples" repository_id=924200577
time="2025-04-30T14:45:09+02:00" level=debug msg="Found 1 module directories" repository_id=924324802 worker_id=6
time="2025-04-30T14:45:09+02:00" level=info msg="Analyzed 1 modules" repository_id=924324802 worker_id=6
time="2025-04-30T14:45:09+02:00" level=info msg="Created TAR GZ file repositories/924324802.tar.gz" repository_id=924324802 worker_id=6
time="2025-04-30T14:45:09+02:00" level=info msg="Removed repository directory repositories/924324802" repository_id=924324802 worker_id=6
time="2025-04-30T14:45:09+02:00" level=info msg="Processing repository 925749979" repository_id=925749979 worker_id=6
time="2025-04-30T14:45:09+02:00" level=info msg="Cloning https://github.com/Ahemida96/Terraform-AWS-VPC-with-Public-Private-Subnets-and-EC2.git" repository_id=925749979 worker_id=6
time="2025-04-30T14:45:09+02:00" level=info msg="Updated commit SHA c8b1ef0ed541960632c5ea7191a2e0d9b8551ddb" repository_id=924324802
time="2025-04-30T14:45:09+02:00" level=info msg="Stored module ." repository_id=924324802
time="2025-04-30T14:45:10+02:00" level=debug msg="Found 3 module directories" repository_id=924922788 worker_id=5
time="2025-04-30T14:45:10+02:00" level=info msg="Analyzed 3 modules" repository_id=924922788 worker_id=5
time="2025-04-30T14:45:10+02:00" level=info msg="Created TAR GZ file repositories/924922788.tar.gz" repository_id=924922788 worker_id=5
time="2025-04-30T14:45:10+02:00" level=info msg="Removed repository directory repositories/924922788" repository_id=924922788 worker_id=5
time="2025-04-30T14:45:10+02:00" level=info msg="Processing repository 925755348" repository_id=925755348 worker_id=5
time="2025-04-30T14:45:10+02:00" level=info msg="Cloning https://github.com/brikis98/terraform-book-devops.git" repository_id=925755348 worker_id=5
time="2025-04-30T14:45:10+02:00" level=info msg="Updated commit SHA 017926a4cb5edadba5e67226b57259f51f8ce6c0" repository_id=924922788
time="2025-04-30T14:45:10+02:00" level=info msg="Stored module terraform-aws/environments/template" repository_id=924922788
time="2025-04-30T14:45:10+02:00" level=info msg="Stored module terraform-aws/modules/keycloak" repository_id=924922788
time="2025-04-30T14:45:10+02:00" level=info msg="Stored module terraform-aws/modules/network" repository_id=924922788
time="2025-04-30T14:45:10+02:00" level=debug msg="Found 6 module directories" repository_id=925731760 worker_id=2
time="2025-04-30T14:45:10+02:00" level=info msg="Analyzed 6 modules" repository_id=925731760 worker_id=2
time="2025-04-30T14:45:10+02:00" level=info msg="Created TAR GZ file repositories/925731760.tar.gz" repository_id=925731760 worker_id=2
time="2025-04-30T14:45:10+02:00" level=info msg="Removed repository directory repositories/925731760" repository_id=925731760 worker_id=2
time="2025-04-30T14:45:10+02:00" level=info msg="Processing repository 925875954" repository_id=925875954 worker_id=2
time="2025-04-30T14:45:10+02:00" level=info msg="Cloning https://github.com/mahmoodr786/citus-terraform.git" repository_id=925875954 worker_id=2
time="2025-04-30T14:45:10+02:00" level=info msg="Updated commit SHA bb9ea1707a6e0950a75c21b5c25ad95091a58f46" repository_id=925731760
time="2025-04-30T14:45:10+02:00" level=info msg="Stored module terraform/hardlink" repository_id=925731760
time="2025-04-30T14:45:10+02:00" level=info msg="Stored module terraform/proxmox" repository_id=925731760
time="2025-04-30T14:45:10+02:00" level=info msg="Stored module terraform/stack/cadvisor" repository_id=925731760
time="2025-04-30T14:45:10+02:00" level=info msg="Stored module terraform/stack/dozzle" repository_id=925731760
time="2025-04-30T14:45:10+02:00" level=info msg="Stored module terraform/stack/prometheus" repository_id=925731760
time="2025-04-30T14:45:10+02:00" level=info msg="Stored module terraform/stack/proxmox" repository_id=925731760
time="2025-04-30T14:45:10+02:00" level=debug msg="Found 1 module directories" repository_id=925648913 worker_id=3
time="2025-04-30T14:45:10+02:00" level=info msg="Analyzed 1 modules" repository_id=925648913 worker_id=3
time="2025-04-30T14:45:10+02:00" level=info msg="Created TAR GZ file repositories/925648913.tar.gz" repository_id=925648913 worker_id=3
time="2025-04-30T14:45:11+02:00" level=info msg="Removed repository directory repositories/925648913" repository_id=925648913 worker_id=3
time="2025-04-30T14:45:11+02:00" level=info msg="Processing repository 926129131" repository_id=926129131 worker_id=3
time="2025-04-30T14:45:11+02:00" level=info msg="Cloning https://github.com/maurobaraldi/terraform-workspaces-aws-multi-account.git" repository_id=926129131 worker_id=3
time="2025-04-30T14:45:11+02:00" level=info msg="Updated commit SHA 026145b872b39e9a87e9129d56cf2891536d7191" repository_id=925648913
time="2025-04-30T14:45:11+02:00" level=info msg="Stored module terraform" repository_id=925648913
time="2025-04-30T14:45:11+02:00" level=debug msg="Found 1 module directories" repository_id=925749979 worker_id=6
time="2025-04-30T14:45:11+02:00" level=info msg="Analyzed 1 modules" repository_id=925749979 worker_id=6
time="2025-04-30T14:45:11+02:00" level=info msg="Created TAR GZ file repositories/925749979.tar.gz" repository_id=925749979 worker_id=6
time="2025-04-30T14:45:11+02:00" level=info msg="Removed repository directory repositories/925749979" repository_id=925749979 worker_id=6
time="2025-04-30T14:45:11+02:00" level=info msg="Processing repository 926286661" repository_id=926286661 worker_id=6
time="2025-04-30T14:45:11+02:00" level=info msg="Cloning https://github.com/troydieter/example-aws-s3-mrap.git" repository_id=926286661 worker_id=6
time="2025-04-30T14:45:11+02:00" level=info msg="Updated commit SHA 0eb08f14f39834e7608cdbd125e7ad232566ecbe" repository_id=925749979
time="2025-04-30T14:45:11+02:00" level=info msg="Stored module ." repository_id=925749979
time="2025-04-30T14:45:11+02:00" level=debug msg="Found 19 module directories" repository_id=925755348 worker_id=5
time="2025-04-30T14:45:11+02:00" level=info msg="Analyzed 19 modules" repository_id=925755348 worker_id=5
time="2025-04-30T14:45:11+02:00" level=info msg="Created TAR GZ file repositories/925755348.tar.gz" repository_id=925755348 worker_id=5
time="2025-04-30T14:45:11+02:00" level=info msg="Removed repository directory repositories/925755348" repository_id=925755348 worker_id=5
time="2025-04-30T14:45:11+02:00" level=info msg="Processing repository 926502699" repository_id=926502699 worker_id=5
time="2025-04-30T14:45:11+02:00" level=info msg="Cloning https://github.com/aws-samples/infra-ops-orchestrator.git" repository_id=926502699 worker_id=5
time="2025-04-30T14:45:11+02:00" level=info msg="Updated commit SHA 66f9fe531c6939d8394321e236001680190a757e" repository_id=925755348
time="2025-04-30T14:45:11+02:00" level=info msg="Stored module ." repository_id=925755348
time="2025-04-30T14:45:11+02:00" level=info msg="Stored module modules/alb" repository_id=925755348
time="2025-04-30T14:45:11+02:00" level=info msg="Stored module modules/asg" repository_id=925755348
time="2025-04-30T14:45:11+02:00" level=info msg="Stored module modules/aws-organizations" repository_id=925755348
time="2025-04-30T14:45:11+02:00" level=info msg="Stored module modules/cloudfront-s3-website" repository_id=925755348
time="2025-04-30T14:45:11+02:00" level=info msg="Stored module modules/cloudwatch-dashboard" repository_id=925755348
time="2025-04-30T14:45:11+02:00" level=info msg="Stored module modules/ec2-instance" repository_id=925755348
time="2025-04-30T14:45:11+02:00" level=info msg="Stored module modules/ec2-instances" repository_id=925755348
time="2025-04-30T14:45:11+02:00" level=info msg="Stored module modules/ecr-repo" repository_id=925755348
time="2025-04-30T14:45:11+02:00" level=info msg="Stored module modules/eks-cluster" repository_id=925755348
time="2025-04-30T14:45:11+02:00" level=info msg="Stored module modules/gh-actions-iam-roles" repository_id=925755348
time="2025-04-30T14:45:11+02:00" level=info msg="Stored module modules/github-aws-oidc" repository_id=925755348
time="2025-04-30T14:45:11+02:00" level=info msg="Stored module modules/kms-key" repository_id=925755348
time="2025-04-30T14:45:11+02:00" level=info msg="Stored module modules/lambda" repository_id=925755348
time="2025-04-30T14:45:11+02:00" level=info msg="Stored module modules/rds-postgres" repository_id=925755348
time="2025-04-30T14:45:11+02:00" level=info msg="Stored module modules/s3-website" repository_id=925755348
time="2025-04-30T14:45:11+02:00" level=info msg="Stored module modules/state-bucket" repository_id=925755348
time="2025-04-30T14:45:11+02:00" level=info msg="Stored module modules/test-endpoint" repository_id=925755348
time="2025-04-30T14:45:11+02:00" level=info msg="Stored module modules/vpc" repository_id=925755348
time="2025-04-30T14:45:11+02:00" level=debug msg="Found 1 module directories" repository_id=925183515 worker_id=1
time="2025-04-30T14:45:11+02:00" level=info msg="Analyzed 1 modules" repository_id=925183515 worker_id=1
time="2025-04-30T14:45:11+02:00" level=info msg="Created TAR GZ file repositories/925183515.tar.gz" repository_id=925183515 worker_id=1
time="2025-04-30T14:45:11+02:00" level=info msg="Removed repository directory repositories/925183515" repository_id=925183515 worker_id=1
time="2025-04-30T14:45:11+02:00" level=info msg="Processing repository 926553077" repository_id=926553077 worker_id=1
time="2025-04-30T14:45:11+02:00" level=info msg="Cloning https://github.com/Azure/terraform-azurerm-avm-res-apimanagement-service.git" repository_id=926553077 worker_id=1
time="2025-04-30T14:45:11+02:00" level=info msg="Updated commit SHA 468639a93646e5e75ee19dc72ba6ab652c8df75b" repository_id=925183515
time="2025-04-30T14:45:11+02:00" level=info msg="Stored module ." repository_id=925183515
time="2025-04-30T14:45:12+02:00" level=debug msg="Found 1 module directories" repository_id=925875954 worker_id=2
time="2025-04-30T14:45:12+02:00" level=info msg="Analyzed 1 modules" repository_id=925875954 worker_id=2
time="2025-04-30T14:45:12+02:00" level=info msg="Created TAR GZ file repositories/925875954.tar.gz" repository_id=925875954 worker_id=2
time="2025-04-30T14:45:12+02:00" level=info msg="Removed repository directory repositories/925875954" repository_id=925875954 worker_id=2
time="2025-04-30T14:45:12+02:00" level=info msg="Processing repository 926609443" repository_id=926609443 worker_id=2
time="2025-04-30T14:45:12+02:00" level=info msg="Cloning https://github.com/ned1313/hashitalks-alz.git" repository_id=926609443 worker_id=2
time="2025-04-30T14:45:12+02:00" level=info msg="Updated commit SHA 05099791c3a59f8f2be1c01ae12e6cf9d15f6291" repository_id=925875954
time="2025-04-30T14:45:12+02:00" level=info msg="Stored module ." repository_id=925875954
time="2025-04-30T14:45:12+02:00" level=debug msg="Found 1 module directories" repository_id=926286661 worker_id=6
time="2025-04-30T14:45:12+02:00" level=info msg="Analyzed 1 modules" repository_id=926286661 worker_id=6
time="2025-04-30T14:45:12+02:00" level=info msg="Created TAR GZ file repositories/926286661.tar.gz" repository_id=926286661 worker_id=6
time="2025-04-30T14:45:12+02:00" level=info msg="Removed repository directory repositories/926286661" repository_id=926286661 worker_id=6
time="2025-04-30T14:45:12+02:00" level=info msg="Processing repository 926774022" repository_id=926774022 worker_id=6
time="2025-04-30T14:45:12+02:00" level=info msg="Cloning https://github.com/elidaniel92/terraform-and-aws-ec2-for-beginners.git" repository_id=926774022 worker_id=6
time="2025-04-30T14:45:12+02:00" level=info msg="Updated commit SHA c9238b81c0046c69bd324ab7bdbb426bfc08fd29" repository_id=926286661
time="2025-04-30T14:45:12+02:00" level=info msg="Stored module ." repository_id=926286661
time="2025-04-30T14:45:12+02:00" level=debug msg="Found 8 module directories" repository_id=926553077 worker_id=1
time="2025-04-30T14:45:12+02:00" level=info msg="Analyzed 8 modules" repository_id=926553077 worker_id=1
time="2025-04-30T14:45:12+02:00" level=info msg="Created TAR GZ file repositories/926553077.tar.gz" repository_id=926553077 worker_id=1
time="2025-04-30T14:45:12+02:00" level=info msg="Removed repository directory repositories/926553077" repository_id=926553077 worker_id=1
time="2025-04-30T14:45:12+02:00" level=info msg="Processing repository 926819180" repository_id=926819180 worker_id=1
time="2025-04-30T14:45:12+02:00" level=info msg="Cloning https://github.com/aws-samples/amazon-eks-chaos.git" repository_id=926819180 worker_id=1
time="2025-04-30T14:45:12+02:00" level=info msg="Updated commit SHA a1b41d69841b3309a03af05f2791536adb5ec2c0" repository_id=926553077
time="2025-04-30T14:45:12+02:00" level=info msg="Stored module examples/default" repository_id=926553077
time="2025-04-30T14:45:12+02:00" level=info msg="Stored module examples/diagnostic_settings" repository_id=926553077
time="2025-04-30T14:45:12+02:00" level=info msg="Stored module examples/multiple_locations" repository_id=926553077
time="2025-04-30T14:45:12+02:00" level=info msg="Stored module examples/preprovisioned_virtual_network_private_endpoints_with_permissions" repository_id=926553077
time="2025-04-30T14:45:12+02:00" level=info msg="Stored module examples/security_and_certs" repository_id=926553077
time="2025-04-30T14:45:12+02:00" level=info msg="Stored module examples/system_assigned_identity" repository_id=926553077
time="2025-04-30T14:45:12+02:00" level=info msg="Stored module examples/vnet_private_endpoint" repository_id=926553077
time="2025-04-30T14:45:12+02:00" level=info msg="Stored module ." repository_id=926553077
time="2025-04-30T14:45:12+02:00" level=debug msg="Found 1 module directories" repository_id=925602978 worker_id=4
time="2025-04-30T14:45:12+02:00" level=info msg="Analyzed 1 modules" repository_id=925602978 worker_id=4
time="2025-04-30T14:45:12+02:00" level=info msg="Created TAR GZ file repositories/925602978.tar.gz" repository_id=925602978 worker_id=4
time="2025-04-30T14:45:12+02:00" level=info msg="Removed repository directory repositories/925602978" repository_id=925602978 worker_id=4
time="2025-04-30T14:45:12+02:00" level=info msg="Processing repository 926879959" repository_id=926879959 worker_id=4
time="2025-04-30T14:45:12+02:00" level=info msg="Cloning https://github.com/JoelLau/mono.git" repository_id=926879959 worker_id=4
time="2025-04-30T14:45:12+02:00" level=info msg="Updated commit SHA 5cd8ce21ef44193ab996682b7d4801dde5a6d1e1" repository_id=925602978
time="2025-04-30T14:45:12+02:00" level=info msg="Stored module templates/aws/jenkins-trivy-sonarqube/ec2" repository_id=925602978
time="2025-04-30T14:45:13+02:00" level=debug msg="Found 9 module directories" repository_id=926502699 worker_id=5
time="2025-04-30T14:45:13+02:00" level=info msg="Analyzed 9 modules" repository_id=926502699 worker_id=5
time="2025-04-30T14:45:13+02:00" level=info msg="Created TAR GZ file repositories/926502699.tar.gz" repository_id=926502699 worker_id=5
time="2025-04-30T14:45:13+02:00" level=info msg="Removed repository directory repositories/926502699" repository_id=926502699 worker_id=5
time="2025-04-30T14:45:13+02:00" level=info msg="Processing repository 926976014" repository_id=926976014 worker_id=5
time="2025-04-30T14:45:13+02:00" level=info msg="Cloning https://github.com/dennbagas/terraform-google-cos-compose-traefik-hardened.git" repository_id=926976014 worker_id=5
time="2025-04-30T14:45:13+02:00" level=info msg="Updated commit SHA beaf2325243162cdc8bdaf23c5343eea3a903274" repository_id=926502699
time="2025-04-30T14:45:13+02:00" level=info msg="Stored module ." repository_id=926502699
time="2025-04-30T14:45:13+02:00" level=info msg="Stored module modules/aoss" repository_id=926502699
time="2025-04-30T14:45:13+02:00" level=info msg="Stored module modules/bedrock/agent" repository_id=926502699
time="2025-04-30T14:45:13+02:00" level=info msg="Stored module modules/bedrock/agent-guardrails" repository_id=926502699
time="2025-04-30T14:45:13+02:00" level=info msg="Stored module modules/bedrock/agent-lifecycle" repository_id=926502699
time="2025-04-30T14:45:13+02:00" level=info msg="Stored module modules/bedrock/knowledge_base" repository_id=926502699
time="2025-04-30T14:45:13+02:00" level=info msg="Stored module modules/endpoints" repository_id=926502699
time="2025-04-30T14:45:13+02:00" level=info msg="Stored module modules/roles" repository_id=926502699
time="2025-04-30T14:45:13+02:00" level=info msg="Stored module modules/s3" repository_id=926502699
time="2025-04-30T14:45:13+02:00" level=debug msg="Found 1 module directories" repository_id=926129131 worker_id=3
time="2025-04-30T14:45:13+02:00" level=info msg="Analyzed 1 modules" repository_id=926129131 worker_id=3
time="2025-04-30T14:45:13+02:00" level=info msg="Created TAR GZ file repositories/926129131.tar.gz" repository_id=926129131 worker_id=3
time="2025-04-30T14:45:13+02:00" level=info msg="Removed repository directory repositories/926129131" repository_id=926129131 worker_id=3
time="2025-04-30T14:45:13+02:00" level=info msg="Processing repository 927055701" repository_id=927055701 worker_id=3
time="2025-04-30T14:45:13+02:00" level=info msg="Cloning https://github.com/cloudeteer/terraform-azurerm-azure-ai-foundry-hub.git" repository_id=927055701 worker_id=3
time="2025-04-30T14:45:13+02:00" level=info msg="Updated commit SHA 929f941fa4fead8498b829504d054ccb4c24c02d" repository_id=926129131
time="2025-04-30T14:45:13+02:00" level=info msg="Stored module ." repository_id=926129131
time="2025-04-30T14:45:13+02:00" level=debug msg="Found 1 module directories" repository_id=926819180 worker_id=1
time="2025-04-30T14:45:13+02:00" level=info msg="Analyzed 1 modules" repository_id=926819180 worker_id=1
time="2025-04-30T14:45:13+02:00" level=info msg="Created TAR GZ file repositories/926819180.tar.gz" repository_id=926819180 worker_id=1
time="2025-04-30T14:45:13+02:00" level=info msg="Removed repository directory repositories/926819180" repository_id=926819180 worker_id=1
time="2025-04-30T14:45:13+02:00" level=info msg="Processing repository 927108251" repository_id=927108251 worker_id=1
time="2025-04-30T14:45:13+02:00" level=info msg="Cloning https://github.com/AgileByteIO/aws-single-ec2.git" repository_id=927108251 worker_id=1
time="2025-04-30T14:45:13+02:00" level=info msg="Updated commit SHA 7cd06a4bb0b282df6e52cef1ad9892ffdb20c8f8" repository_id=926819180
time="2025-04-30T14:45:13+02:00" level=debug msg="Found 9 module directories" repository_id=926609443 worker_id=2
time="2025-04-30T14:45:13+02:00" level=info msg="Stored module terraform" repository_id=926819180
time="2025-04-30T14:45:13+02:00" level=info msg="Analyzed 9 modules" repository_id=926609443 worker_id=2
time="2025-04-30T14:45:13+02:00" level=info msg="Created TAR GZ file repositories/926609443.tar.gz" repository_id=926609443 worker_id=2
time="2025-04-30T14:45:13+02:00" level=info msg="Removed repository directory repositories/926609443" repository_id=926609443 worker_id=2
time="2025-04-30T14:45:13+02:00" level=info msg="Processing repository 927173355" repository_id=927173355 worker_id=2
time="2025-04-30T14:45:13+02:00" level=info msg="Cloning https://github.com/iliasu07/deeplearning_data_engineering.git" repository_id=927173355 worker_id=2
time="2025-04-30T14:45:13+02:00" level=info msg="Updated commit SHA f0b8e158dbff1cd46145acccaf88bdad4b9d75c0" repository_id=926609443
time="2025-04-30T14:45:13+02:00" level=info msg="Stored module alz-module/accelerator/output/local-output" repository_id=926609443
time="2025-04-30T14:45:13+02:00" level=info msg="Stored module alz-module/accelerator/output/local-output/modules/hub-and-spoke-vnet" repository_id=926609443
time="2025-04-30T14:45:13+02:00" level=info msg="Stored module alz-module/accelerator/output/local-output/modules/management_groups" repository_id=926609443
time="2025-04-30T14:45:13+02:00" level=info msg="Stored module alz-module/accelerator/output/local-output/modules/management_resources" repository_id=926609443
time="2025-04-30T14:45:13+02:00" level=info msg="Stored module alz-module/accelerator/output/local-output/modules/virtual-wan" repository_id=926609443
time="2025-04-30T14:45:13+02:00" level=info msg="Stored module bootstrap" repository_id=926609443
time="2025-04-30T14:45:13+02:00" level=info msg="Stored module hub-and-spoke-vnet" repository_id=926609443
time="2025-04-30T14:45:13+02:00" level=info msg="Stored module management_groups" repository_id=926609443
time="2025-04-30T14:45:13+02:00" level=info msg="Stored module management_resources" repository_id=926609443
time="2025-04-30T14:45:14+02:00" level=debug msg="Found 4 module directories" repository_id=926976014 worker_id=5
time="2025-04-30T14:45:14+02:00" level=info msg="Analyzed 4 modules" repository_id=926976014 worker_id=5
time="2025-04-30T14:45:14+02:00" level=info msg="Created TAR GZ file repositories/926976014.tar.gz" repository_id=926976014 worker_id=5
time="2025-04-30T14:45:14+02:00" level=info msg="Removed repository directory repositories/926976014" repository_id=926976014 worker_id=5
time="2025-04-30T14:45:14+02:00" level=info msg="Processing repository 927196593" repository_id=927196593 worker_id=5
time="2025-04-30T14:45:14+02:00" level=info msg="Cloning https://github.com/qaware/state-of-terraform-2025.git" repository_id=927196593 worker_id=5
time="2025-04-30T14:45:14+02:00" level=info msg="Updated commit SHA f0dba84fe482fc470d0c53ab3991a698496996a1" repository_id=926976014
time="2025-04-30T14:45:14+02:00" level=info msg="Stored module examples/simple" repository_id=926976014
time="2025-04-30T14:45:14+02:00" level=info msg="Stored module examples/simple-tls" repository_id=926976014
time="2025-04-30T14:45:14+02:00" level=info msg="Stored module examples/simple-tls-with-postgresql" repository_id=926976014
time="2025-04-30T14:45:14+02:00" level=info msg="Stored module ." repository_id=926976014
time="2025-04-30T14:45:15+02:00" level=debug msg="Found 3 module directories" repository_id=927055701 worker_id=3
time="2025-04-30T14:45:15+02:00" level=info msg="Analyzed 3 modules" repository_id=927055701 worker_id=3
time="2025-04-30T14:45:15+02:00" level=info msg="Created TAR GZ file repositories/927055701.tar.gz" repository_id=927055701 worker_id=3
time="2025-04-30T14:45:15+02:00" level=info msg="Removed repository directory repositories/927055701" repository_id=927055701 worker_id=3
time="2025-04-30T14:45:15+02:00" level=info msg="Processing repository 928105437" repository_id=928105437 worker_id=3
time="2025-04-30T14:45:15+02:00" level=info msg="Cloning https://github.com/ifeanyiro9/game-day-notifications_terraform.git" repository_id=928105437 worker_id=3
time="2025-04-30T14:45:15+02:00" level=info msg="Updated commit SHA 03127cc6ffe5a47cc14af9cfd7da9ee4aa5fd2e9" repository_id=927055701
time="2025-04-30T14:45:15+02:00" level=info msg="Stored module examples/usage" repository_id=927055701
time="2025-04-30T14:45:15+02:00" level=info msg="Stored module ." repository_id=927055701
time="2025-04-30T14:45:15+02:00" level=info msg="Stored module tests/remote" repository_id=927055701
time="2025-04-30T14:45:15+02:00" level=debug msg="Found 1 module directories" repository_id=927108251 worker_id=1
time="2025-04-30T14:45:15+02:00" level=info msg="Analyzed 1 modules" repository_id=927108251 worker_id=1
time="2025-04-30T14:45:15+02:00" level=info msg="Created TAR GZ file repositories/927108251.tar.gz" repository_id=927108251 worker_id=1
time="2025-04-30T14:45:15+02:00" level=info msg="Removed repository directory repositories/927108251" repository_id=927108251 worker_id=1
time="2025-04-30T14:45:15+02:00" level=info msg="Processing repository 928681747" repository_id=928681747 worker_id=1
time="2025-04-30T14:45:15+02:00" level=info msg="Cloning https://github.com/jbmay/proxmox-tf-modules.git" repository_id=928681747 worker_id=1
time="2025-04-30T14:45:15+02:00" level=info msg="Updated commit SHA a3639e2b9ea6b46db1c7d6b2ce3fb8e84fc62853" repository_id=927108251
time="2025-04-30T14:45:15+02:00" level=info msg="Stored module ." repository_id=927108251
time="2025-04-30T14:45:17+02:00" level=debug msg="Found 1 module directories" repository_id=926879959 worker_id=4
time="2025-04-30T14:45:17+02:00" level=info msg="Analyzed 1 modules" repository_id=926879959 worker_id=4
time="2025-04-30T14:45:17+02:00" level=info msg="Created TAR GZ file repositories/926879959.tar.gz" repository_id=926879959 worker_id=4
time="2025-04-30T14:45:17+02:00" level=info msg="Removed repository directory repositories/926879959" repository_id=926879959 worker_id=4
time="2025-04-30T14:45:17+02:00" level=info msg="Processing repository 928792027" repository_id=928792027 worker_id=4
time="2025-04-30T14:45:17+02:00" level=info msg="Cloning https://github.com/alibabacloud-automation/terraform-alicloud-ga-acceleration-for-game-platform-server.git" repository_id=928792027 worker_id=4
time="2025-04-30T14:45:17+02:00" level=info msg="Updated commit SHA 0350d8e7d9349e43d6c978d59b668d15bb24a185" repository_id=926879959
time="2025-04-30T14:45:17+02:00" level=info msg="Stored module src/infra" repository_id=926879959
time="2025-04-30T14:45:18+02:00" level=debug msg="Found 1 module directories" repository_id=927196593 worker_id=5
time="2025-04-30T14:45:18+02:00" level=info msg="Analyzed 1 modules" repository_id=927196593 worker_id=5
time="2025-04-30T14:45:18+02:00" level=info msg="Created TAR GZ file repositories/927196593.tar.gz" repository_id=927196593 worker_id=5
time="2025-04-30T14:45:18+02:00" level=info msg="Removed repository directory repositories/927196593" repository_id=927196593 worker_id=5
time="2025-04-30T14:45:18+02:00" level=info msg="Processing repository 928809428" repository_id=928809428 worker_id=5
time="2025-04-30T14:45:18+02:00" level=info msg="Cloning https://github.com/masthead-data/terraform-google-masthead-agent.git" repository_id=928809428 worker_id=5
time="2025-04-30T14:45:18+02:00" level=info msg="Updated commit SHA 7284d726fe51d810922c3aceef2a0d6f7be57151" repository_id=927196593
time="2025-04-30T14:45:18+02:00" level=info msg="Stored module ." repository_id=927196593
time="2025-04-30T14:45:18+02:00" level=debug msg="Found 1 module directories" repository_id=928105437 worker_id=3
time="2025-04-30T14:45:18+02:00" level=info msg="Analyzed 1 modules" repository_id=928105437 worker_id=3
time="2025-04-30T14:45:18+02:00" level=info msg="Created TAR GZ file repositories/928105437.tar.gz" repository_id=928105437 worker_id=3
time="2025-04-30T14:45:18+02:00" level=info msg="Removed repository directory repositories/928105437" repository_id=928105437 worker_id=3
time="2025-04-30T14:45:18+02:00" level=info msg="Processing repository 929392497" repository_id=929392497 worker_id=3
time="2025-04-30T14:45:18+02:00" level=info msg="Cloning https://github.com/fbialogrecki/portfolio-infra.git" repository_id=929392497 worker_id=3
time="2025-04-30T14:45:18+02:00" level=info msg="Updated commit SHA c1ba7bc6d20eb1eed46f884919059c0a203102eb" repository_id=928105437
time="2025-04-30T14:45:18+02:00" level=info msg="Stored module ." repository_id=928105437
time="2025-04-30T14:45:21+02:00" level=debug msg="Found 4 module directories" repository_id=928809428 worker_id=5
time="2025-04-30T14:45:21+02:00" level=info msg="Analyzed 4 modules" repository_id=928809428 worker_id=5
time="2025-04-30T14:45:21+02:00" level=info msg="Created TAR GZ file repositories/928809428.tar.gz" repository_id=928809428 worker_id=5
time="2025-04-30T14:45:21+02:00" level=info msg="Removed repository directory repositories/928809428" repository_id=928809428 worker_id=5
time="2025-04-30T14:45:21+02:00" level=info msg="Processing repository 929414037" repository_id=929414037 worker_id=5
time="2025-04-30T14:45:21+02:00" level=info msg="Cloning https://github.com/JulyseHenriques/infra-aws-terraform.git" repository_id=929414037 worker_id=5
time="2025-04-30T14:45:21+02:00" level=info msg="Updated commit SHA 8fe40c064943750763b6f64b2bb74143894ce575" repository_id=928809428
time="2025-04-30T14:45:21+02:00" level=info msg="Stored module ." repository_id=928809428
time="2025-04-30T14:45:21+02:00" level=info msg="Stored module modules/bigquery" repository_id=928809428
time="2025-04-30T14:45:21+02:00" level=info msg="Stored module modules/dataform" repository_id=928809428
time="2025-04-30T14:45:21+02:00" level=info msg="Stored module modules/dataplex" repository_id=928809428
time="2025-04-30T14:45:21+02:00" level=debug msg="Found 5 module directories" repository_id=928681747 worker_id=1
time="2025-04-30T14:45:21+02:00" level=info msg="Analyzed 5 modules" repository_id=928681747 worker_id=1
time="2025-04-30T14:45:21+02:00" level=info msg="Created TAR GZ file repositories/928681747.tar.gz" repository_id=928681747 worker_id=1
time="2025-04-30T14:45:21+02:00" level=info msg="Removed repository directory repositories/928681747" repository_id=928681747 worker_id=1
time="2025-04-30T14:45:21+02:00" level=info msg="Processing repository 929739627" repository_id=929739627 worker_id=1
time="2025-04-30T14:45:21+02:00" level=info msg="Cloning https://github.com/carlzxc71/azure-terraform-attestations.git" repository_id=929739627 worker_id=1
time="2025-04-30T14:45:21+02:00" level=info msg="Updated commit SHA dd8ba24b8e19dcb1d5f654016f03633bc2da38f8" repository_id=928681747
time="2025-04-30T14:45:21+02:00" level=info msg="Stored module examples/haproxy-lb-basic-deployment" repository_id=928681747
time="2025-04-30T14:45:21+02:00" level=info msg="Stored module examples/k3s-basic-deployment" repository_id=928681747
time="2025-04-30T14:45:21+02:00" level=info msg="Stored module examples/k3s-with-load-balancer-deployment" repository_id=928681747
time="2025-04-30T14:45:21+02:00" level=info msg="Stored module modules/haproxy-lb" repository_id=928681747
time="2025-04-30T14:45:21+02:00" level=info msg="Stored module modules/k3s" repository_id=928681747
time="2025-04-30T14:45:22+02:00" level=debug msg="Found 1 module directories" repository_id=929392497 worker_id=3
time="2025-04-30T14:45:22+02:00" level=info msg="Analyzed 1 modules" repository_id=929392497 worker_id=3
time="2025-04-30T14:45:22+02:00" level=info msg="Created TAR GZ file repositories/929392497.tar.gz" repository_id=929392497 worker_id=3
time="2025-04-30T14:45:22+02:00" level=info msg="Removed repository directory repositories/929392497" repository_id=929392497 worker_id=3
time="2025-04-30T14:45:22+02:00" level=info msg="Processing repository 929836466" repository_id=929836466 worker_id=3
time="2025-04-30T14:45:22+02:00" level=info msg="Cloning https://github.com/alopes2/hashitalks-2025-building-an-aws-serverless-application-with-terraform.git" repository_id=929836466 worker_id=3
time="2025-04-30T14:45:22+02:00" level=info msg="Updated commit SHA ed2661d471d5215367267c07e8d872149ff621ac" repository_id=929392497
time="2025-04-30T14:45:22+02:00" level=info msg="Stored module Terraform" repository_id=929392497
time="2025-04-30T14:45:24+02:00" level=debug msg="Found 4 module directories" repository_id=929414037 worker_id=5
time="2025-04-30T14:45:24+02:00" level=info msg="Analyzed 4 modules" repository_id=929414037 worker_id=5
time="2025-04-30T14:45:24+02:00" level=info msg="Created TAR GZ file repositories/929414037.tar.gz" repository_id=929414037 worker_id=5
time="2025-04-30T14:45:24+02:00" level=info msg="Removed repository directory repositories/929414037" repository_id=929414037 worker_id=5
time="2025-04-30T14:45:24+02:00" level=info msg="Processing repository 929846623" repository_id=929846623 worker_id=5
time="2025-04-30T14:45:24+02:00" level=info msg="Cloning https://github.com/Sunwood-ai-labs/gcp-streamlit-minimal.git" repository_id=929846623 worker_id=5
time="2025-04-30T14:45:24+02:00" level=info msg="Updated commit SHA 5f24297c00b3e7624566e7a1e589da8a94c84e16" repository_id=929414037
time="2025-04-30T14:45:24+02:00" level=info msg="Stored module aws-bucket-s3/module" repository_id=929414037
time="2025-04-30T14:45:24+02:00" level=info msg="Stored module aws-bucket-s3" repository_id=929414037
time="2025-04-30T14:45:24+02:00" level=info msg="Stored module aws-secrets-manager/module" repository_id=929414037
time="2025-04-30T14:45:24+02:00" level=info msg="Stored module aws-secrets-manager" repository_id=929414037
time="2025-04-30T14:45:25+02:00" level=debug msg="Found 1 module directories" repository_id=929739627 worker_id=1
time="2025-04-30T14:45:25+02:00" level=info msg="Analyzed 1 modules" repository_id=929739627 worker_id=1
time="2025-04-30T14:45:25+02:00" level=info msg="Created TAR GZ file repositories/929739627.tar.gz" repository_id=929739627 worker_id=1
time="2025-04-30T14:45:25+02:00" level=info msg="Removed repository directory repositories/929739627" repository_id=929739627 worker_id=1
time="2025-04-30T14:45:25+02:00" level=info msg="Processing repository 929989428" repository_id=929989428 worker_id=1
time="2025-04-30T14:45:25+02:00" level=info msg="Cloning https://github.com/maester365/terraform-azuredevops-maester.git" repository_id=929989428 worker_id=1
time="2025-04-30T14:45:25+02:00" level=info msg="Updated commit SHA 720ee0065fa9d5358d8d3d6cc138f4f168d6350b" repository_id=929739627
time="2025-04-30T14:45:25+02:00" level=info msg="Stored module ." repository_id=929739627
time="2025-04-30T14:45:25+02:00" level=debug msg="Found 3 module directories" repository_id=928792027 worker_id=4
time="2025-04-30T14:45:25+02:00" level=info msg="Analyzed 3 modules" repository_id=928792027 worker_id=4
time="2025-04-30T14:45:25+02:00" level=info msg="Created TAR GZ file repositories/928792027.tar.gz" repository_id=928792027 worker_id=4
time="2025-04-30T14:45:25+02:00" level=info msg="Removed repository directory repositories/928792027" repository_id=928792027 worker_id=4
time="2025-04-30T14:45:25+02:00" level=info msg="Processing repository 930236989" repository_id=930236989 worker_id=4
time="2025-04-30T14:45:25+02:00" level=info msg="Cloning https://github.com/nearform/terraform-azure-sonarqube.git" repository_id=930236989 worker_id=4
time="2025-04-30T14:45:25+02:00" level=info msg="Updated commit SHA 6660fca6d52858e3f2c4a9b66c69d6e84e3084a4" repository_id=928792027
time="2025-04-30T14:45:25+02:00" level=info msg="Stored module examples/complete" repository_id=928792027
time="2025-04-30T14:45:25+02:00" level=info msg="Stored module ." repository_id=928792027
time="2025-04-30T14:45:25+02:00" level=info msg="Stored module modules/ga_service" repository_id=928792027
time="2025-04-30T14:45:30+02:00" level=debug msg="Found 8 module directories" repository_id=929836466 worker_id=3
time="2025-04-30T14:45:30+02:00" level=info msg="Analyzed 8 modules" repository_id=929836466 worker_id=3
time="2025-04-30T14:45:30+02:00" level=info msg="Created TAR GZ file repositories/929836466.tar.gz" repository_id=929836466 worker_id=3
time="2025-04-30T14:45:30+02:00" level=info msg="Removed repository directory repositories/929836466" repository_id=929836466 worker_id=3
time="2025-04-30T14:45:30+02:00" level=info msg="Processing repository 930430906" repository_id=930430906 worker_id=3
time="2025-04-30T14:45:30+02:00" level=info msg="Cloning https://github.com/hmrc/terraform-aws-lambda-container.git" repository_id=930430906 worker_id=3
time="2025-04-30T14:45:30+02:00" level=info msg="Updated commit SHA 438feebd1c5efe55c75dd97774a8d0b4e0417d9d" repository_id=929836466
time="2025-04-30T14:45:30+02:00" level=info msg="Stored module demo-modules/01-get-movie/iac" repository_id=929836466
time="2025-04-30T14:45:30+02:00" level=info msg="Stored module demo-modules/01-get-movie/iac/modules/lambda" repository_id=929836466
time="2025-04-30T14:45:30+02:00" level=info msg="Stored module demo-modules/01-get-movie/iac/modules/rest-api-method" repository_id=929836466
time="2025-04-30T14:45:30+02:00" level=info msg="Stored module demo-modules/02-create-movie/iac" repository_id=929836466
time="2025-04-30T14:45:30+02:00" level=info msg="Stored module demo-modules/03-email-notification/iac" repository_id=929836466
time="2025-04-30T14:45:30+02:00" level=info msg="Stored module iac" repository_id=929836466
time="2025-04-30T14:45:30+02:00" level=info msg="Stored module iac/modules/lambda" repository_id=929836466
time="2025-04-30T14:45:30+02:00" level=info msg="Stored module iac/modules/rest-api-method" repository_id=929836466
time="2025-04-30T14:45:34+02:00" level=debug msg="Found 1 module directories" repository_id=929989428 worker_id=1
time="2025-04-30T14:45:34+02:00" level=info msg="Analyzed 1 modules" repository_id=929989428 worker_id=1
time="2025-04-30T14:45:34+02:00" level=info msg="Created TAR GZ file repositories/929989428.tar.gz" repository_id=929989428 worker_id=1
time="2025-04-30T14:45:34+02:00" level=info msg="Removed repository directory repositories/929989428" repository_id=929989428 worker_id=1
time="2025-04-30T14:45:34+02:00" level=info msg="Processing repository 930505414" repository_id=930505414 worker_id=1
time="2025-04-30T14:45:34+02:00" level=info msg="Cloning https://github.com/warpstreamlabs/terraform-aws-warpstream-ecs.git" repository_id=930505414 worker_id=1
time="2025-04-30T14:45:34+02:00" level=info msg="Updated commit SHA 3cee65841232c24bc7d88a8e584017801123b31d" repository_id=929989428
time="2025-04-30T14:45:34+02:00" level=info msg="Stored module ." repository_id=929989428
time="2025-04-30T14:45:36+02:00" level=debug msg="Found 1 module directories" repository_id=929846623 worker_id=5
time="2025-04-30T14:45:36+02:00" level=info msg="Analyzed 1 modules" repository_id=929846623 worker_id=5
time="2025-04-30T14:45:36+02:00" level=info msg="Created TAR GZ file repositories/929846623.tar.gz" repository_id=929846623 worker_id=5
time="2025-04-30T14:45:36+02:00" level=info msg="Removed repository directory repositories/929846623" repository_id=929846623 worker_id=5
time="2025-04-30T14:45:36+02:00" level=info msg="Processing repository 930539529" repository_id=930539529 worker_id=5
time="2025-04-30T14:45:36+02:00" level=info msg="Cloning https://github.com/coder/aws-workshop-samples.git" repository_id=930539529 worker_id=5
time="2025-04-30T14:45:36+02:00" level=info msg="Updated commit SHA c187ad85592a9c7f14fdbf8976d4fd617458cf00" repository_id=929846623
time="2025-04-30T14:45:36+02:00" level=info msg="Stored module ." repository_id=929846623
time="2025-04-30T14:45:38+02:00" level=debug msg="Found 2 module directories" repository_id=930236989 worker_id=4
time="2025-04-30T14:45:38+02:00" level=info msg="Analyzed 2 modules" repository_id=930236989 worker_id=4
time="2025-04-30T14:45:38+02:00" level=info msg="Created TAR GZ file repositories/930236989.tar.gz" repository_id=930236989 worker_id=4
time="2025-04-30T14:45:38+02:00" level=info msg="Removed repository directory repositories/930236989" repository_id=930236989 worker_id=4
time="2025-04-30T14:45:38+02:00" level=info msg="Processing repository 930561471" repository_id=930561471 worker_id=4
time="2025-04-30T14:45:38+02:00" level=info msg="Cloning https://github.com/PriceChild/terraform-incus-oci-image-updating.git" repository_id=930561471 worker_id=4
time="2025-04-30T14:45:38+02:00" level=info msg="Updated commit SHA e7d1956f2920eefec747f05eaeedf7e389c3c318" repository_id=930236989
time="2025-04-30T14:45:38+02:00" level=info msg="Stored module examples/default" repository_id=930236989
time="2025-04-30T14:45:38+02:00" level=info msg="Stored module ." repository_id=930236989
time="2025-04-30T14:45:38+02:00" level=debug msg="Found 12 module directories" repository_id=924600557 worker_id=7
time="2025-04-30T14:45:38+02:00" level=info msg="Analyzed 12 modules" repository_id=924600557 worker_id=7
time="2025-04-30T14:45:39+02:00" level=info msg="Created TAR GZ file repositories/924600557.tar.gz" repository_id=924600557 worker_id=7
time="2025-04-30T14:45:39+02:00" level=info msg="Removed repository directory repositories/924600557" repository_id=924600557 worker_id=7
time="2025-04-30T14:45:39+02:00" level=info msg="Processing repository 930588899" repository_id=930588899 worker_id=7
time="2025-04-30T14:45:39+02:00" level=info msg="Cloning https://github.com/iuginP/proxmox-homelab.git" repository_id=930588899 worker_id=7
time="2025-04-30T14:45:39+02:00" level=info msg="Updated commit SHA 459ea04981505b486d4b1bb1ad0db477bb015f2f" repository_id=924600557
time="2025-04-30T14:45:39+02:00" level=info msg="Stored module modules/azure/virtual-machine" repository_id=924600557
time="2025-04-30T14:45:39+02:00" level=info msg="Stored module modules/digitalocean/droplet" repository_id=924600557
time="2025-04-30T14:45:39+02:00" level=info msg="Stored module modules/google-cloud/compute-engine" repository_id=924600557
time="2025-04-30T14:45:39+02:00" level=info msg="Stored module modules/harvester/image" repository_id=924600557
time="2025-04-30T14:45:39+02:00" level=info msg="Stored module modules/harvester/network" repository_id=924600557
time="2025-04-30T14:45:39+02:00" level=info msg="Stored module modules/harvester/virtual-machine" repository_id=924600557
time="2025-04-30T14:45:39+02:00" level=info msg="Stored module projects/azure" repository_id=924600557
time="2025-04-30T14:45:39+02:00" level=info msg="Stored module projects/digitalocean" repository_id=924600557
time="2025-04-30T14:45:39+02:00" level=info msg="Stored module projects/google-cloud" repository_id=924600557
time="2025-04-30T14:45:39+02:00" level=info msg="Stored module projects/harvester-ops/image-creation" repository_id=924600557
time="2025-04-30T14:45:39+02:00" level=info msg="Stored module projects/harvester-ops/network-creation" repository_id=924600557
time="2025-04-30T14:45:39+02:00" level=info msg="Stored module projects/harvester-ops/vm-pool-creation" repository_id=924600557
time="2025-04-30T14:45:42+02:00" level=debug msg="Found 1 module directories" repository_id=930430906 worker_id=3
time="2025-04-30T14:45:42+02:00" level=info msg="Analyzed 1 modules" repository_id=930430906 worker_id=3
time="2025-04-30T14:45:42+02:00" level=info msg="Created TAR GZ file repositories/930430906.tar.gz" repository_id=930430906 worker_id=3
time="2025-04-30T14:45:42+02:00" level=info msg="Removed repository directory repositories/930430906" repository_id=930430906 worker_id=3
time="2025-04-30T14:45:42+02:00" level=info msg="Processing repository 930932555" repository_id=930932555 worker_id=3
time="2025-04-30T14:45:42+02:00" level=info msg="Cloning https://github.com/mattias-fjellstrom/hcp-terraform-landing-zones.git" repository_id=930932555 worker_id=3
time="2025-04-30T14:45:42+02:00" level=info msg="Updated commit SHA 52cbc7d0a31460b659d8f1e48e4f06617835cfe2" repository_id=930430906
time="2025-04-30T14:45:42+02:00" level=info msg="Stored module ." repository_id=930430906
time="2025-04-30T14:45:46+02:00" level=debug msg="Found 4 module directories" repository_id=930505414 worker_id=1
time="2025-04-30T14:45:46+02:00" level=info msg="Analyzed 4 modules" repository_id=930505414 worker_id=1
time="2025-04-30T14:45:46+02:00" level=info msg="Created TAR GZ file repositories/930505414.tar.gz" repository_id=930505414 worker_id=1
time="2025-04-30T14:45:46+02:00" level=info msg="Removed repository directory repositories/930505414" repository_id=930505414 worker_id=1
time="2025-04-30T14:45:46+02:00" level=info msg="Processing repository 931061952" repository_id=931061952 worker_id=1
time="2025-04-30T14:45:46+02:00" level=info msg="Cloning https://github.com/RashadTanjim/cloudops-automator.git" repository_id=931061952 worker_id=1
time="2025-04-30T14:45:46+02:00" level=info msg="Updated commit SHA 8409e9744a3184fb577a1f4f49c5bb5337535593" repository_id=930505414
time="2025-04-30T14:45:46+02:00" level=info msg="Stored module ." repository_id=930505414
time="2025-04-30T14:45:46+02:00" level=info msg="Stored module examples/basic" repository_id=930505414
time="2025-04-30T14:45:46+02:00" level=info msg="Stored module examples/s3express" repository_id=930505414
time="2025-04-30T14:45:46+02:00" level=info msg="Stored module examples/zonal" repository_id=930505414
time="2025-04-30T14:45:46+02:00" level=debug msg="Found 3 module directories" repository_id=930539529 worker_id=5
time="2025-04-30T14:45:46+02:00" level=info msg="Analyzed 3 modules" repository_id=930539529 worker_id=5
time="2025-04-30T14:45:46+02:00" level=info msg="Created TAR GZ file repositories/930539529.tar.gz" repository_id=930539529 worker_id=5
time="2025-04-30T14:45:46+02:00" level=info msg="Removed repository directory repositories/930539529" repository_id=930539529 worker_id=5
time="2025-04-30T14:45:46+02:00" level=info msg="Processing repository 931131416" repository_id=931131416 worker_id=5
time="2025-04-30T14:45:46+02:00" level=info msg="Cloning https://github.com/satellytes/n8n-on-aks.git" repository_id=931131416 worker_id=5
time="2025-04-30T14:45:46+02:00" level=info msg="Updated commit SHA 7b45c9252d6fc12c6728740b25c15cdf3f1734f3" repository_id=930539529
time="2025-04-30T14:45:46+02:00" level=info msg="Stored module templates/aws-linux-base" repository_id=930539529
time="2025-04-30T14:45:46+02:00" level=info msg="Stored module templates/aws-windows-dcv" repository_id=930539529
time="2025-04-30T14:45:46+02:00" level=info msg="Stored module templates/aws-workshop-admin" repository_id=930539529
time="2025-04-30T14:45:47+02:00" level=debug msg="Found 1 module directories" repository_id=930561471 worker_id=4
time="2025-04-30T14:45:47+02:00" level=info msg="Analyzed 1 modules" repository_id=930561471 worker_id=4
time="2025-04-30T14:45:47+02:00" level=info msg="Created TAR GZ file repositories/930561471.tar.gz" repository_id=930561471 worker_id=4
time="2025-04-30T14:45:47+02:00" level=info msg="Removed repository directory repositories/930561471" repository_id=930561471 worker_id=4
time="2025-04-30T14:45:47+02:00" level=info msg="Processing repository 931139972" repository_id=931139972 worker_id=4
time="2025-04-30T14:45:47+02:00" level=info msg="Cloning https://github.com/ultrasaw/eks-dynatrace.git" repository_id=931139972 worker_id=4
time="2025-04-30T14:45:47+02:00" level=info msg="Updated commit SHA 916fb8ce0cefc644d0b5e3859b626174becf84c9" repository_id=930561471
time="2025-04-30T14:45:47+02:00" level=info msg="Stored module ." repository_id=930561471
time="2025-04-30T14:45:49+02:00" level=debug msg="Found 3 module directories" repository_id=930588899 worker_id=7
time="2025-04-30T14:45:49+02:00" level=info msg="Analyzed 3 modules" repository_id=930588899 worker_id=7
time="2025-04-30T14:45:49+02:00" level=info msg="Created TAR GZ file repositories/930588899.tar.gz" repository_id=930588899 worker_id=7
time="2025-04-30T14:45:49+02:00" level=info msg="Removed repository directory repositories/930588899" repository_id=930588899 worker_id=7
time="2025-04-30T14:45:49+02:00" level=info msg="Processing repository 931184720" repository_id=931184720 worker_id=7
time="2025-04-30T14:45:49+02:00" level=info msg="Cloning https://github.com/AymenSegni/deepseek-r1-vllm-eks.git" repository_id=931184720 worker_id=7
time="2025-04-30T14:45:49+02:00" level=info msg="Updated commit SHA 330224030c8f3fa93d9eccfd978b0457bfe6fc43" repository_id=930588899
time="2025-04-30T14:45:49+02:00" level=info msg="Stored module terraform/examples" repository_id=930588899
time="2025-04-30T14:45:49+02:00" level=info msg="Stored module terraform/modules/cloud-init-vm" repository_id=930588899
time="2025-04-30T14:45:49+02:00" level=info msg="Stored module terraform" repository_id=930588899
time="2025-04-30T14:45:52+02:00" level=debug msg="Found 1 module directories" repository_id=931061952 worker_id=1
time="2025-04-30T14:45:52+02:00" level=debug msg="Found 4 module directories" repository_id=930932555 worker_id=3
time="2025-04-30T14:45:52+02:00" level=info msg="Analyzed 1 modules" repository_id=931061952 worker_id=1
time="2025-04-30T14:45:52+02:00" level=info msg="Created TAR GZ file repositories/931061952.tar.gz" repository_id=931061952 worker_id=1
time="2025-04-30T14:45:52+02:00" level=info msg="Removed repository directory repositories/931061952" repository_id=931061952 worker_id=1
time="2025-04-30T14:45:52+02:00" level=info msg="Processing repository 931231818" repository_id=931231818 worker_id=1
time="2025-04-30T14:45:52+02:00" level=info msg="Cloning https://github.com/dwhswenson/static-site-workflow.git" repository_id=931231818 worker_id=1
time="2025-04-30T14:45:52+02:00" level=info msg="Updated commit SHA 94262f79976815eb0586a28bbc30843fe0900fd0" repository_id=931061952
time="2025-04-30T14:45:52+02:00" level=info msg="Analyzed 4 modules" repository_id=930932555 worker_id=3
time="2025-04-30T14:45:52+02:00" level=info msg="Stored module ." repository_id=931061952
time="2025-04-30T14:45:52+02:00" level=info msg="Created TAR GZ file repositories/930932555.tar.gz" repository_id=930932555 worker_id=3
time="2025-04-30T14:45:52+02:00" level=info msg="Removed repository directory repositories/930932555" repository_id=930932555 worker_id=3
time="2025-04-30T14:45:52+02:00" level=info msg="Processing repository 931381377" repository_id=931381377 worker_id=3
time="2025-04-30T14:45:52+02:00" level=info msg="Cloning https://github.com/davidho27941/airflow-terraform-helm.git" repository_id=931381377 worker_id=3
time="2025-04-30T14:45:52+02:00" level=info msg="Updated commit SHA dfaa1a265b65ba8ddcdb47cbe40b6122f6b0c3c6" repository_id=930932555
time="2025-04-30T14:45:52+02:00" level=info msg="Stored module demo" repository_id=930932555
time="2025-04-30T14:45:52+02:00" level=info msg="Stored module demo/modules/landing-zone" repository_id=930932555
time="2025-04-30T14:45:52+02:00" level=info msg="Stored module demo/modules/landing-zone/landing-zone-repo" repository_id=930932555
time="2025-04-30T14:45:52+02:00" level=info msg="Stored module setup" repository_id=930932555
time="2025-04-30T14:45:54+02:00" level=debug msg="Found 6 module directories" repository_id=927173355 worker_id=2
time="2025-04-30T14:45:54+02:00" level=warning msg="Diagnostic messages: Argument or block definition required: An argument or block definition is required here. (and 1 other messages)" repository_id=927173355 worker_id=2
time="2025-04-30T14:45:54+02:00" level=info msg="Analyzed 6 modules" repository_id=927173355 worker_id=2
time="2025-04-30T14:45:54+02:00" level=debug msg="Found 1 module directories" repository_id=931131416 worker_id=5
time="2025-04-30T14:45:54+02:00" level=info msg="Analyzed 1 modules" repository_id=931131416 worker_id=5
time="2025-04-30T14:45:54+02:00" level=info msg="Created TAR GZ file repositories/931131416.tar.gz" repository_id=931131416 worker_id=5
time="2025-04-30T14:45:54+02:00" level=info msg="Removed repository directory repositories/931131416" repository_id=931131416 worker_id=5
time="2025-04-30T14:45:54+02:00" level=info msg="Processing repository 932007447" repository_id=932007447 worker_id=5
time="2025-04-30T14:45:54+02:00" level=info msg="Cloning https://github.com/akshayshelke1/automated-cicd-pipeline.git" repository_id=932007447 worker_id=5
time="2025-04-30T14:45:54+02:00" level=info msg="Updated commit SHA 2c3ec629121926c801266786bcd8e28de4d87249" repository_id=931131416
time="2025-04-30T14:45:54+02:00" level=info msg="Stored module terraform" repository_id=931131416
time="2025-04-30T14:45:54+02:00" level=info msg="Created TAR GZ file repositories/927173355.tar.gz" repository_id=927173355 worker_id=2
time="2025-04-30T14:45:54+02:00" level=info msg="Removed repository directory repositories/927173355" repository_id=927173355 worker_id=2
time="2025-04-30T14:45:54+02:00" level=info msg="Processing repository 932070856" repository_id=932070856 worker_id=2
time="2025-04-30T14:45:54+02:00" level=info msg="Cloning https://github.com/alphagov/govuk-aws.git" repository_id=932070856 worker_id=2
time="2025-04-30T14:45:54+02:00" level=info msg="Updated commit SHA 184719896c4810c5981c42e31bf37d9f79e21fdb" repository_id=927173355
time="2025-04-30T14:45:54+02:00" level=info msg="Stored module c1_introduction-to-data-engineering/labs/c1w2_data-engineering-lifecycle/infrastructure/terraform" repository_id=927173355
time="2025-04-30T14:45:54+02:00" level=info msg="Stored module c1_introduction-to-data-engineering/labs/c1w4_data-streaming/.c9/metadata/environment/terraform" repository_id=927173355
time="2025-04-30T14:45:54+02:00" level=info msg="Stored module c1_introduction-to-data-engineering/labs/c1w4_data-streaming/terraform" repository_id=927173355
time="2025-04-30T14:45:54+02:00" level=info msg="Stored module c1_introduction-to-data-engineering/labs/c1w4_data-streaming/terraform/modules/etl" repository_id=927173355
time="2025-04-30T14:45:54+02:00" level=info msg="Stored module c1_introduction-to-data-engineering/labs/c1w4_data-streaming/terraform/modules/streaming-inference" repository_id=927173355
time="2025-04-30T14:45:54+02:00" level=info msg="Stored module c1_introduction-to-data-engineering/labs/c1w4_data-streaming/terraform/modules/vector-db" repository_id=927173355
time="2025-04-30T14:45:54+02:00" level=debug msg="Found 1 module directories" repository_id=926774022 worker_id=6
time="2025-04-30T14:45:54+02:00" level=info msg="Analyzed 1 modules" repository_id=926774022 worker_id=6
time="2025-04-30T14:45:54+02:00" level=info msg="Created TAR GZ file repositories/926774022.tar.gz" repository_id=926774022 worker_id=6
time="2025-04-30T14:45:54+02:00" level=info msg="Removed repository directory repositories/926774022" repository_id=926774022 worker_id=6
time="2025-04-30T14:45:54+02:00" level=info msg="Processing repository 932090375" repository_id=932090375 worker_id=6
time="2025-04-30T14:45:54+02:00" level=info msg="Cloning https://github.com/Smile-SA/DDTS.git" repository_id=932090375 worker_id=6
time="2025-04-30T14:45:54+02:00" level=info msg="Updated commit SHA 9553789c1043947dd627e29edad843e0a5e210bc" repository_id=926774022
time="2025-04-30T14:45:54+02:00" level=info msg="Stored module ." repository_id=926774022
time="2025-04-30T14:45:55+02:00" level=debug msg="Found 2 module directories" repository_id=931381377 worker_id=3
time="2025-04-30T14:45:55+02:00" level=info msg="Analyzed 2 modules" repository_id=931381377 worker_id=3
time="2025-04-30T14:45:55+02:00" level=info msg="Created TAR GZ file repositories/931381377.tar.gz" repository_id=931381377 worker_id=3
time="2025-04-30T14:45:55+02:00" level=info msg="Removed repository directory repositories/931381377" repository_id=931381377 worker_id=3
time="2025-04-30T14:45:55+02:00" level=info msg="Processing repository 932092089" repository_id=932092089 worker_id=3
time="2025-04-30T14:45:55+02:00" level=info msg="Cloning https://github.com/Smile-SA/TerraCI.git" repository_id=932092089 worker_id=3
time="2025-04-30T14:45:55+02:00" level=info msg="Updated commit SHA 315fdf73b65f91555189926cb38fdad6ecc41788" repository_id=931381377
time="2025-04-30T14:45:55+02:00" level=info msg="Stored module ." repository_id=931381377
time="2025-04-30T14:45:55+02:00" level=info msg="Stored module modules" repository_id=931381377
time="2025-04-30T14:45:55+02:00" level=debug msg="Found 8 module directories" repository_id=931231818 worker_id=1
time="2025-04-30T14:45:55+02:00" level=info msg="Analyzed 8 modules" repository_id=931231818 worker_id=1
time="2025-04-30T14:45:55+02:00" level=info msg="Created TAR GZ file repositories/931231818.tar.gz" repository_id=931231818 worker_id=1
time="2025-04-30T14:45:55+02:00" level=info msg="Removed repository directory repositories/931231818" repository_id=931231818 worker_id=1
time="2025-04-30T14:45:55+02:00" level=info msg="Processing repository 932747462" repository_id=932747462 worker_id=1
time="2025-04-30T14:45:55+02:00" level=info msg="Cloning https://github.com/MohamedMostafa010/C2Lab.git" repository_id=932747462 worker_id=1
time="2025-04-30T14:45:55+02:00" level=info msg="Updated commit SHA cac71aa33e264f982bcbafa83ff16995aeb5904d" repository_id=931231818
time="2025-04-30T14:45:55+02:00" level=info msg="Stored module tf" repository_id=931231818
time="2025-04-30T14:45:55+02:00" level=info msg="Stored module tf/modules/custom-oidc-subject" repository_id=931231818
time="2025-04-30T14:45:55+02:00" level=info msg="Stored module tf/modules/github-oidc-claim-match" repository_id=931231818
time="2025-04-30T14:45:55+02:00" level=info msg="Stored module tf/modules/static_website/bucket_and_role" repository_id=931231818
time="2025-04-30T14:45:55+02:00" level=info msg="Stored module tf/modules/static_website/cloudfront" repository_id=931231818
time="2025-04-30T14:45:55+02:00" level=info msg="Stored module tf/modules/static_website/dns" repository_id=931231818
time="2025-04-30T14:45:55+02:00" level=info msg="Stored module tf/modules/static_website" repository_id=931231818
time="2025-04-30T14:45:55+02:00" level=info msg="Stored module tf/modules/static_website/r53certificate" repository_id=931231818
time="2025-04-30T14:45:56+02:00" level=debug msg="Found 1 module directories" repository_id=932090375 worker_id=6
time="2025-04-30T14:45:56+02:00" level=info msg="Analyzed 1 modules" repository_id=932090375 worker_id=6
time="2025-04-30T14:45:56+02:00" level=info msg="Created TAR GZ file repositories/932090375.tar.gz" repository_id=932090375 worker_id=6
time="2025-04-30T14:45:56+02:00" level=info msg="Removed repository directory repositories/932090375" repository_id=932090375 worker_id=6
time="2025-04-30T14:45:56+02:00" level=info msg="Processing repository 932940642" repository_id=932940642 worker_id=6
time="2025-04-30T14:45:56+02:00" level=info msg="Cloning https://github.com/aws-ia/terraform-aws-opensearch-serverless.git" repository_id=932940642 worker_id=6
time="2025-04-30T14:45:56+02:00" level=info msg="Updated commit SHA 3312ba01dca3558dbafac3f0bd9f8a123066651b" repository_id=932090375
time="2025-04-30T14:45:56+02:00" level=info msg="Stored module terraform" repository_id=932090375
time="2025-04-30T14:45:57+02:00" level=debug msg="Found 1 module directories" repository_id=931139972 worker_id=4
time="2025-04-30T14:45:57+02:00" level=info msg="Analyzed 1 modules" repository_id=931139972 worker_id=4
time="2025-04-30T14:45:57+02:00" level=info msg="Created TAR GZ file repositories/931139972.tar.gz" repository_id=931139972 worker_id=4
time="2025-04-30T14:45:57+02:00" level=info msg="Removed repository directory repositories/931139972" repository_id=931139972 worker_id=4
time="2025-04-30T14:45:57+02:00" level=info msg="Processing repository 933344868" repository_id=933344868 worker_id=4
time="2025-04-30T14:45:57+02:00" level=info msg="Cloning https://github.com/savely-krasovsky/homelab.git" repository_id=933344868 worker_id=4
time="2025-04-30T14:45:57+02:00" level=info msg="Updated commit SHA 276d22afc7ce931be588c901fc11839340ba7c0b" repository_id=931139972
time="2025-04-30T14:45:57+02:00" level=info msg="Stored module ." repository_id=931139972
time="2025-04-30T14:45:58+02:00" level=debug msg="Found 1 module directories" repository_id=932092089 worker_id=3
time="2025-04-30T14:45:58+02:00" level=info msg="Analyzed 1 modules" repository_id=932092089 worker_id=3
time="2025-04-30T14:45:58+02:00" level=info msg="Created TAR GZ file repositories/932092089.tar.gz" repository_id=932092089 worker_id=3
time="2025-04-30T14:45:58+02:00" level=info msg="Removed repository directory repositories/932092089" repository_id=932092089 worker_id=3
time="2025-04-30T14:45:58+02:00" level=info msg="Processing repository 933700311" repository_id=933700311 worker_id=3
time="2025-04-30T14:45:58+02:00" level=info msg="Cloning https://github.com/v-omelai/raspberry-cluster-infra.git" repository_id=933700311 worker_id=3
time="2025-04-30T14:45:58+02:00" level=info msg="Updated commit SHA 1354b1a34ec94dbe6c92421075ef49f1dc7d6051" repository_id=932092089
time="2025-04-30T14:45:58+02:00" level=info msg="Stored module terraform" repository_id=932092089
time="2025-04-30T14:45:59+02:00" level=debug msg="Found 4 module directories" repository_id=932940642 worker_id=6
time="2025-04-30T14:45:59+02:00" level=info msg="Analyzed 4 modules" repository_id=932940642 worker_id=6
time="2025-04-30T14:45:59+02:00" level=info msg="Created TAR GZ file repositories/932940642.tar.gz" repository_id=932940642 worker_id=6
time="2025-04-30T14:45:59+02:00" level=info msg="Removed repository directory repositories/932940642" repository_id=932940642 worker_id=6
time="2025-04-30T14:45:59+02:00" level=info msg="Processing repository 933761080" repository_id=933761080 worker_id=6
time="2025-04-30T14:45:59+02:00" level=info msg="Cloning https://github.com/ralzareck/terraform-bpg-proxmox-vm.git" repository_id=933761080 worker_id=6
time="2025-04-30T14:45:59+02:00" level=info msg="Updated commit SHA 01f0bab75eb9fe5c91cee581715ca7147d39540f" repository_id=932940642
time="2025-04-30T14:45:59+02:00" level=info msg="Stored module examples/analysis-plugins" repository_id=932940642
time="2025-04-30T14:45:59+02:00" level=info msg="Stored module examples/basic" repository_id=932940642
time="2025-04-30T14:45:59+02:00" level=info msg="Stored module examples/knowledge-base-config" repository_id=932940642
time="2025-04-30T14:45:59+02:00" level=info msg="Stored module ." repository_id=932940642
time="2025-04-30T14:46:00+02:00" level=debug msg="Found 1 module directories" repository_id=933344868 worker_id=4
time="2025-04-30T14:46:00+02:00" level=info msg="Analyzed 1 modules" repository_id=933344868 worker_id=4
time="2025-04-30T14:46:00+02:00" level=info msg="Created TAR GZ file repositories/933344868.tar.gz" repository_id=933344868 worker_id=4
time="2025-04-30T14:46:00+02:00" level=info msg="Removed repository directory repositories/933344868" repository_id=933344868 worker_id=4
time="2025-04-30T14:46:00+02:00" level=info msg="Processing repository 933766424" repository_id=933766424 worker_id=4
time="2025-04-30T14:46:00+02:00" level=info msg="Cloning https://github.com/ralzareck/terraform-bpg-proxmox-lxc.git" repository_id=933766424 worker_id=4
time="2025-04-30T14:46:00+02:00" level=info msg="Updated commit SHA 90789e3f12a473e24bb2e6675337a1444a8d12ac" repository_id=933344868
time="2025-04-30T14:46:00+02:00" level=info msg="Stored module ." repository_id=933344868
time="2025-04-30T14:46:03+02:00" level=debug msg="Found 3 module directories" repository_id=933761080 worker_id=6
time="2025-04-30T14:46:03+02:00" level=info msg="Analyzed 3 modules" repository_id=933761080 worker_id=6
time="2025-04-30T14:46:03+02:00" level=info msg="Created TAR GZ file repositories/933761080.tar.gz" repository_id=933761080 worker_id=6
time="2025-04-30T14:46:03+02:00" level=info msg="Removed repository directory repositories/933761080" repository_id=933761080 worker_id=6
time="2025-04-30T14:46:03+02:00" level=info msg="Processing repository 934024773" repository_id=934024773 worker_id=6
time="2025-04-30T14:46:03+02:00" level=info msg="Cloning https://github.com/ravikiranvm/the-cloud-squad-be.git" repository_id=934024773 worker_id=6
time="2025-04-30T14:46:03+02:00" level=info msg="Updated commit SHA 03516283315243ba73e571e45118c4659408b115" repository_id=933761080
time="2025-04-30T14:46:03+02:00" level=info msg="Stored module examples/01-basic-clone" repository_id=933761080
time="2025-04-30T14:46:03+02:00" level=info msg="Stored module examples/02-basic-image" repository_id=933761080
time="2025-04-30T14:46:03+02:00" level=info msg="Stored module ." repository_id=933761080
time="2025-04-30T14:46:04+02:00" level=debug msg="Found 3 module directories" repository_id=933766424 worker_id=4
time="2025-04-30T14:46:04+02:00" level=info msg="Analyzed 3 modules" repository_id=933766424 worker_id=4
time="2025-04-30T14:46:04+02:00" level=info msg="Created TAR GZ file repositories/933766424.tar.gz" repository_id=933766424 worker_id=4
time="2025-04-30T14:46:04+02:00" level=info msg="Removed repository directory repositories/933766424" repository_id=933766424 worker_id=4
time="2025-04-30T14:46:04+02:00" level=info msg="Processing repository 934437081" repository_id=934437081 worker_id=4
time="2025-04-30T14:46:04+02:00" level=info msg="Cloning https://github.com/Cloud-DevOps-Labs/api-geo-ip-fake-converter.git" repository_id=934437081 worker_id=4
time="2025-04-30T14:46:04+02:00" level=info msg="Updated commit SHA d527a20521fdb83b53bff8366bad5ae25082127b" repository_id=933766424
time="2025-04-30T14:46:04+02:00" level=info msg="Stored module examples/01-basic-clone" repository_id=933766424
time="2025-04-30T14:46:04+02:00" level=info msg="Stored module examples/02-basic-template" repository_id=933766424
time="2025-04-30T14:46:04+02:00" level=info msg="Stored module ." repository_id=933766424
time="2025-04-30T14:46:06+02:00" level=debug msg="Found 47 module directories" repository_id=932070856 worker_id=2
time="2025-04-30T14:46:06+02:00" level=info msg="Analyzed 47 modules" repository_id=932070856 worker_id=2
time="2025-04-30T14:46:06+02:00" level=info msg="Created TAR GZ file repositories/932070856.tar.gz" repository_id=932070856 worker_id=2
time="2025-04-30T14:46:06+02:00" level=info msg="Removed repository directory repositories/932070856" repository_id=932070856 worker_id=2
time="2025-04-30T14:46:06+02:00" level=info msg="Processing repository 934709075" repository_id=934709075 worker_id=2
time="2025-04-30T14:46:06+02:00" level=info msg="Cloning https://github.com/alibabacloud-automation/terraform-alicloud-gwlb-north-south-security-traffic.git" repository_id=934709075 worker_id=2
time="2025-04-30T14:46:06+02:00" level=info msg="Updated commit SHA 81ee9f6e91fd8692fbf751ecf980c671c13aa3c0" repository_id=932070856
time="2025-04-30T14:46:06+02:00" level=info msg="Stored module terraform/modules/aws/alarms/alb" repository_id=932070856
time="2025-04-30T14:46:06+02:00" level=info msg="Stored module terraform/modules/aws/alarms/autoscaling" repository_id=932070856
time="2025-04-30T14:46:06+02:00" level=info msg="Stored module terraform/modules/aws/alarms/ebs" repository_id=932070856
time="2025-04-30T14:46:06+02:00" level=info msg="Stored module terraform/modules/aws/alarms/ec2" repository_id=932070856
time="2025-04-30T14:46:06+02:00" level=info msg="Stored module terraform/modules/aws/alarms/elasticache" repository_id=932070856
time="2025-04-30T14:46:06+02:00" level=info msg="Stored module terraform/modules/aws/alarms/elb" repository_id=932070856
time="2025-04-30T14:46:06+02:00" level=info msg="Stored module terraform/modules/aws/alarms/natgateway" repository_id=932070856
time="2025-04-30T14:46:06+02:00" level=info msg="Stored module terraform/modules/aws/alarms/rds" repository_id=932070856
time="2025-04-30T14:46:06+02:00" level=info msg="Stored module terraform/modules/aws/elasticache_redis_cluster" repository_id=932070856
time="2025-04-30T14:46:06+02:00" level=info msg="Stored module terraform/modules/aws/iam/gds_user_role" repository_id=932070856
time="2025-04-30T14:46:06+02:00" level=info msg="Stored module terraform/modules/aws/iam/role_user" repository_id=932070856
time="2025-04-30T14:46:06+02:00" level=info msg="Stored module terraform/modules/aws/lb" repository_id=932070856
time="2025-04-30T14:46:06+02:00" level=info msg="Stored module terraform/modules/aws/lb_listener_rules" repository_id=932070856
time="2025-04-30T14:46:06+02:00" level=info msg="Stored module terraform/modules/aws/network/nat" repository_id=932070856
time="2025-04-30T14:46:06+02:00" level=info msg="Stored module terraform/modules/aws/network/private_subnet" repository_id=932070856
time="2025-04-30T14:46:06+02:00" level=info msg="Stored module terraform/modules/aws/network/public_subnet" repository_id=932070856
time="2025-04-30T14:46:06+02:00" level=info msg="Stored module terraform/modules/aws/network/vpc" repository_id=932070856
time="2025-04-30T14:46:06+02:00" level=info msg="Stored module terraform/modules/aws/node_group" repository_id=932070856
time="2025-04-30T14:46:06+02:00" level=info msg="Stored module terraform/modules/aws/rds_instance" repository_id=932070856
time="2025-04-30T14:46:06+02:00" level=info msg="Stored module terraform/projects/app-elasticsearch6" repository_id=932070856
time="2025-04-30T14:46:06+02:00" level=info msg="Stored module terraform/projects/app-govuk-attachments" repository_id=932070856
time="2025-04-30T14:46:06+02:00" level=info msg="Stored module terraform/projects/app-licensify-documentdb" repository_id=932070856
time="2025-04-30T14:46:06+02:00" level=info msg="Stored module terraform/projects/app-publishing-amazonmq" repository_id=932070856
time="2025-04-30T14:46:06+02:00" level=info msg="Stored module terraform/projects/app-related-links" repository_id=932070856
time="2025-04-30T14:46:06+02:00" level=info msg="Stored module terraform/projects/app-search" repository_id=932070856
time="2025-04-30T14:46:06+02:00" level=info msg="Stored module terraform/projects/app-transition-postgresql" repository_id=932070856
time="2025-04-30T14:46:06+02:00" level=info msg="Stored module terraform/projects/app-whitehall-backend" repository_id=932070856
time="2025-04-30T14:46:06+02:00" level=info msg="Stored module terraform/projects/infra-assets" repository_id=932070856
time="2025-04-30T14:46:06+02:00" level=info msg="Stored module terraform/projects/infra-athena-query-results" repository_id=932070856
time="2025-04-30T14:46:06+02:00" level=info msg="Stored module terraform/projects/infra-certificates" repository_id=932070856
time="2025-04-30T14:46:06+02:00" level=info msg="Stored module terraform/projects/infra-content-data-admin" repository_id=932070856
time="2025-04-30T14:46:06+02:00" level=info msg="Stored module terraform/projects/infra-content-publisher" repository_id=932070856
time="2025-04-30T14:46:06+02:00" level=info msg="Stored module terraform/projects/infra-csp-reporter" repository_id=932070856
time="2025-04-30T14:46:06+02:00" level=info msg="Stored module terraform/projects/infra-cyber-cloudwatch-to-splunk" repository_id=932070856
time="2025-04-30T14:46:06+02:00" level=info msg="Stored module terraform/projects/infra-database-backups-bucket" repository_id=932070856
time="2025-04-30T14:46:06+02:00" level=info msg="Stored module terraform/projects/infra-datagovuk-organogram-bucket" repository_id=932070856
time="2025-04-30T14:46:06+02:00" level=info msg="Stored module terraform/projects/infra-fastly-logs" repository_id=932070856
time="2025-04-30T14:46:06+02:00" level=info msg="Stored module terraform/projects/infra-google-mirror-bucket" repository_id=932070856
time="2025-04-30T14:46:06+02:00" level=info msg="Stored module terraform/projects/infra-google-monitoring" repository_id=932070856
time="2025-04-30T14:46:06+02:00" level=info msg="Stored module terraform/projects/infra-monitoring" repository_id=932070856
time="2025-04-30T14:46:06+02:00" level=info msg="Stored module terraform/projects/infra-networking" repository_id=932070856
time="2025-04-30T14:46:06+02:00" level=info msg="Stored module terraform/projects/infra-public-wafs" repository_id=932070856
time="2025-04-30T14:46:06+02:00" level=info msg="Stored module terraform/projects/infra-root-dns-zones" repository_id=932070856
time="2025-04-30T14:46:06+02:00" level=info msg="Stored module terraform/projects/infra-security" repository_id=932070856
time="2025-04-30T14:46:06+02:00" level=info msg="Stored module terraform/projects/infra-specialist-publisher" repository_id=932070856
time="2025-04-30T14:46:06+02:00" level=info msg="Stored module terraform/projects/infra-stack-dns-zones" repository_id=932070856
time="2025-04-30T14:46:06+02:00" level=info msg="Stored module terraform/projects/infra-vpc" repository_id=932070856
time="2025-04-30T14:46:07+02:00" level=debug msg="Found 5 module directories" repository_id=932007447 worker_id=5
time="2025-04-30T14:46:07+02:00" level=info msg="Analyzed 5 modules" repository_id=932007447 worker_id=5
time="2025-04-30T14:46:08+02:00" level=info msg="Created TAR GZ file repositories/932007447.tar.gz" repository_id=932007447 worker_id=5
time="2025-04-30T14:46:08+02:00" level=info msg="Removed repository directory repositories/932007447" repository_id=932007447 worker_id=5
time="2025-04-30T14:46:08+02:00" level=info msg="Processing repository 934872328" repository_id=934872328 worker_id=5
time="2025-04-30T14:46:08+02:00" level=info msg="Cloning https://github.com/WhiteWolf1024/terraform.git" repository_id=934872328 worker_id=5
time="2025-04-30T14:46:08+02:00" level=info msg="Updated commit SHA b15ce564b60b2e4f6106414fc183e03f7dd64ff4" repository_id=932007447
time="2025-04-30T14:46:08+02:00" level=info msg="Stored module Step 1: Setting Up the VPC and Networking" repository_id=932007447
time="2025-04-30T14:46:08+02:00" level=info msg="Stored module Step 2:  IAM roles and policies" repository_id=932007447
time="2025-04-30T14:46:08+02:00" level=info msg="Stored module Step 3: Creating an EKS Cluster" repository_id=932007447
time="2025-04-30T14:46:08+02:00" level=info msg="Stored module Step 4: Integrating with RDS for Persistent Storage" repository_id=932007447
time="2025-04-30T14:46:08+02:00" level=info msg="Stored module Step 5: Setting Up Jenkins on EC2 with Auto-Scaling" repository_id=932007447
time="2025-04-30T14:46:08+02:00" level=debug msg="Found 4 module directories" repository_id=931184720 worker_id=7
time="2025-04-30T14:46:08+02:00" level=info msg="Analyzed 4 modules" repository_id=931184720 worker_id=7
time="2025-04-30T14:46:08+02:00" level=info msg="Created TAR GZ file repositories/931184720.tar.gz" repository_id=931184720 worker_id=7
time="2025-04-30T14:46:08+02:00" level=info msg="Removed repository directory repositories/931184720" repository_id=931184720 worker_id=7
time="2025-04-30T14:46:08+02:00" level=info msg="Processing repository 935007743" repository_id=935007743 worker_id=7
time="2025-04-30T14:46:08+02:00" level=info msg="Cloning https://github.com/viperaxz/magic-seedbox.git" repository_id=935007743 worker_id=7
time="2025-04-30T14:46:08+02:00" level=info msg="Updated commit SHA 38e5ddd10ac83a00862bcb5d289c0ab0ec5ed290" repository_id=931184720
time="2025-04-30T14:46:08+02:00" level=info msg="Stored module deepseek-vllm/deploy" repository_id=931184720
time="2025-04-30T14:46:08+02:00" level=info msg="Stored module deepseek-vllm/modules" repository_id=931184720
time="2025-04-30T14:46:08+02:00" level=info msg="Stored module eks/deploy/clusters/dev" repository_id=931184720
time="2025-04-30T14:46:08+02:00" level=info msg="Stored module eks/modules/eks" repository_id=931184720
time="2025-04-30T14:46:08+02:00" level=debug msg="Found 1 module directories" repository_id=934437081 worker_id=4
time="2025-04-30T14:46:08+02:00" level=info msg="Analyzed 1 modules" repository_id=934437081 worker_id=4
time="2025-04-30T14:46:08+02:00" level=info msg="Created TAR GZ file repositories/934437081.tar.gz" repository_id=934437081 worker_id=4
time="2025-04-30T14:46:08+02:00" level=info msg="Removed repository directory repositories/934437081" repository_id=934437081 worker_id=4
time="2025-04-30T14:46:08+02:00" level=info msg="Processing repository 935410463" repository_id=935410463 worker_id=4
time="2025-04-30T14:46:08+02:00" level=info msg="Cloning https://github.com/bpg/home-ops-old.git" repository_id=935410463 worker_id=4
time="2025-04-30T14:46:08+02:00" level=info msg="Updated commit SHA 1cd66b0cd5fde61470f261fe53758c943d31bf8e" repository_id=934437081
time="2025-04-30T14:46:08+02:00" level=info msg="Stored module iac" repository_id=934437081
time="2025-04-30T14:46:08+02:00" level=debug msg="Found 1 module directories" repository_id=932747462 worker_id=1
time="2025-04-30T14:46:08+02:00" level=info msg="Analyzed 1 modules" repository_id=932747462 worker_id=1
time="2025-04-30T14:46:08+02:00" level=info msg="Created TAR GZ file repositories/932747462.tar.gz" repository_id=932747462 worker_id=1
time="2025-04-30T14:46:08+02:00" level=info msg="Removed repository directory repositories/932747462" repository_id=932747462 worker_id=1
time="2025-04-30T14:46:08+02:00" level=info msg="Processing repository 935655924" repository_id=935655924 worker_id=1
time="2025-04-30T14:46:08+02:00" level=info msg="Cloning https://github.com/fvilarinho/akamai-grafana-loki.git" repository_id=935655924 worker_id=1
time="2025-04-30T14:46:08+02:00" level=info msg="Updated commit SHA bf1af891aea70318724d49fcc6d1d79e98132bbf" repository_id=932747462
time="2025-04-30T14:46:08+02:00" level=info msg="Stored module ." repository_id=932747462
time="2025-04-30T14:46:09+02:00" level=debug msg="Found 8 module directories" repository_id=934024773 worker_id=6
time="2025-04-30T14:46:09+02:00" level=info msg="Analyzed 8 modules" repository_id=934024773 worker_id=6
time="2025-04-30T14:46:09+02:00" level=info msg="Created TAR GZ file repositories/934024773.tar.gz" repository_id=934024773 worker_id=6
time="2025-04-30T14:46:09+02:00" level=info msg="Removed repository directory repositories/934024773" repository_id=934024773 worker_id=6
time="2025-04-30T14:46:09+02:00" level=info msg="Processing repository 935668135" repository_id=935668135 worker_id=6
time="2025-04-30T14:46:09+02:00" level=info msg="Cloning https://github.com/netascode/terraform-hyperfabric-nac-hyperfabric.git" repository_id=935668135 worker_id=6
time="2025-04-30T14:46:09+02:00" level=info msg="Updated commit SHA f3031c4a1504b062c19aaee423f21f997efb3a1c" repository_id=934024773
time="2025-04-30T14:46:09+02:00" level=info msg="Stored module live/global/s3" repository_id=934024773
time="2025-04-30T14:46:09+02:00" level=info msg="Stored module live/prod/backend" repository_id=934024773
time="2025-04-30T14:46:09+02:00" level=info msg="Stored module live/stage/backend" repository_id=934024773
time="2025-04-30T14:46:09+02:00" level=info msg="Stored module modules/api" repository_id=934024773
time="2025-04-30T14:46:09+02:00" level=info msg="Stored module modules/data-stores/dy-db" repository_id=934024773
time="2025-04-30T14:46:09+02:00" level=info msg="Stored module modules/lambda" repository_id=934024773
time="2025-04-30T14:46:09+02:00" level=info msg="Stored module modules/security" repository_id=934024773
time="2025-04-30T14:46:09+02:00" level=info msg="Stored module ." repository_id=934024773
time="2025-04-30T14:46:10+02:00" level=debug msg="Found 1 module directories" repository_id=935007743 worker_id=7
time="2025-04-30T14:46:10+02:00" level=info msg="Analyzed 1 modules" repository_id=935007743 worker_id=7
time="2025-04-30T14:46:10+02:00" level=info msg="Created TAR GZ file repositories/935007743.tar.gz" repository_id=935007743 worker_id=7
time="2025-04-30T14:46:10+02:00" level=info msg="Removed repository directory repositories/935007743" repository_id=935007743 worker_id=7
time="2025-04-30T14:46:10+02:00" level=info msg="Processing repository 935864321" repository_id=935864321 worker_id=7
time="2025-04-30T14:46:10+02:00" level=info msg="Cloning https://github.com/companieshouse/image-systems-dashboards.git" repository_id=935864321 worker_id=7
time="2025-04-30T14:46:10+02:00" level=info msg="Updated commit SHA 3f09fd434a69cde87decbfa5ed6be587500bdfe3" repository_id=935007743
time="2025-04-30T14:46:10+02:00" level=info msg="Stored module terraform" repository_id=935007743
time="2025-04-30T14:46:10+02:00" level=debug msg="Found 2 module directories" repository_id=934872328 worker_id=5
time="2025-04-30T14:46:10+02:00" level=info msg="Analyzed 2 modules" repository_id=934872328 worker_id=5
time="2025-04-30T14:46:10+02:00" level=info msg="Created TAR GZ file repositories/934872328.tar.gz" repository_id=934872328 worker_id=5
time="2025-04-30T14:46:10+02:00" level=info msg="Removed repository directory repositories/934872328" repository_id=934872328 worker_id=5
time="2025-04-30T14:46:10+02:00" level=info msg="Processing repository 936203039" repository_id=936203039 worker_id=5
time="2025-04-30T14:46:10+02:00" level=info msg="Cloning https://github.com/iamapinan/vault-with-docker.git" repository_id=936203039 worker_id=5
time="2025-04-30T14:46:10+02:00" level=info msg="Updated commit SHA 551b4286fa6419340919890d027057dd74eaa27b" repository_id=934872328
time="2025-04-30T14:46:10+02:00" level=info msg="Stored module ." repository_id=934872328
time="2025-04-30T14:46:10+02:00" level=info msg="Stored module examples/eks_test_fixture" repository_id=934872328
time="2025-04-30T14:46:11+02:00" level=debug msg="Found 4 module directories" repository_id=935410463 worker_id=4
time="2025-04-30T14:46:11+02:00" level=debug msg="Found 1 module directories" repository_id=935655924 worker_id=1
time="2025-04-30T14:46:11+02:00" level=info msg="Analyzed 4 modules" repository_id=935410463 worker_id=4
time="2025-04-30T14:46:11+02:00" level=info msg="Analyzed 1 modules" repository_id=935655924 worker_id=1
time="2025-04-30T14:46:11+02:00" level=info msg="Created TAR GZ file repositories/935655924.tar.gz" repository_id=935655924 worker_id=1
time="2025-04-30T14:46:11+02:00" level=info msg="Removed repository directory repositories/935655924" repository_id=935655924 worker_id=1
time="2025-04-30T14:46:11+02:00" level=info msg="Processing repository 936345647" repository_id=936345647 worker_id=1
time="2025-04-30T14:46:11+02:00" level=info msg="Cloning https://github.com/franciscofeo/terraform-newrelic-4gs-monitoring.git" repository_id=936345647 worker_id=1
time="2025-04-30T14:46:11+02:00" level=info msg="Updated commit SHA e26bf94d449572a33a5c1321e6d74d463794a346" repository_id=935655924
time="2025-04-30T14:46:11+02:00" level=info msg="Stored module iac" repository_id=935655924
time="2025-04-30T14:46:11+02:00" level=info msg="Created TAR GZ file repositories/935410463.tar.gz" repository_id=935410463 worker_id=4
time="2025-04-30T14:46:11+02:00" level=info msg="Removed repository directory repositories/935410463" repository_id=935410463 worker_id=4
time="2025-04-30T14:46:11+02:00" level=info msg="Processing repository 936604353" repository_id=936604353 worker_id=4
time="2025-04-30T14:46:11+02:00" level=info msg="Cloning https://github.com/lumitech-co/lumitech-terraform-template.git" repository_id=936604353 worker_id=4
time="2025-04-30T14:46:11+02:00" level=info msg="Updated commit SHA 11acec9cb36e0902114780e72acac63aeace7b23" repository_id=935410463
time="2025-04-30T14:46:11+02:00" level=info msg="Stored module tf" repository_id=935410463
time="2025-04-30T14:46:11+02:00" level=info msg="Stored module tf/modules/fileserver" repository_id=935410463
time="2025-04-30T14:46:11+02:00" level=info msg="Stored module tf/modules/k8s-prod" repository_id=935410463
time="2025-04-30T14:46:11+02:00" level=info msg="Stored module tf/modules/umami" repository_id=935410463
time="2025-04-30T14:46:12+02:00" level=debug msg="Found 2 module directories" repository_id=935668135 worker_id=6
time="2025-04-30T14:46:12+02:00" level=info msg="Analyzed 2 modules" repository_id=935668135 worker_id=6
time="2025-04-30T14:46:12+02:00" level=info msg="Created TAR GZ file repositories/935668135.tar.gz" repository_id=935668135 worker_id=6
time="2025-04-30T14:46:12+02:00" level=info msg="Removed repository directory repositories/935668135" repository_id=935668135 worker_id=6
time="2025-04-30T14:46:12+02:00" level=info msg="Processing repository 936670939" repository_id=936670939 worker_id=6
time="2025-04-30T14:46:12+02:00" level=info msg="Cloning https://github.com/AdityaBhatt3010/AWSxTerra-AWS-EC2-Deployment-Scripts-via-Terraform.git" repository_id=936670939 worker_id=6
time="2025-04-30T14:46:12+02:00" level=info msg="Updated commit SHA 4b0560ce01b10962f0d6c12f68d7c1383c84cf98" repository_id=935668135
time="2025-04-30T14:46:12+02:00" level=info msg="Stored module examples/fabric" repository_id=935668135
time="2025-04-30T14:46:12+02:00" level=info msg="Stored module ." repository_id=935668135
time="2025-04-30T14:46:13+02:00" level=debug msg="Found 1 module directories" repository_id=935864321 worker_id=7
time="2025-04-30T14:46:13+02:00" level=info msg="Analyzed 1 modules" repository_id=935864321 worker_id=7
time="2025-04-30T14:46:13+02:00" level=info msg="Created TAR GZ file repositories/935864321.tar.gz" repository_id=935864321 worker_id=7
time="2025-04-30T14:46:13+02:00" level=info msg="Removed repository directory repositories/935864321" repository_id=935864321 worker_id=7
time="2025-04-30T14:46:13+02:00" level=info msg="Processing repository 937412052" repository_id=937412052 worker_id=7
time="2025-04-30T14:46:13+02:00" level=info msg="Cloning https://github.com/batchayw/SaaS_IT_Management.git" repository_id=937412052 worker_id=7
time="2025-04-30T14:46:13+02:00" level=info msg="Updated commit SHA a78d91f4ea0d14ab760ddb6284a4b86a8bd9bcab" repository_id=935864321
time="2025-04-30T14:46:13+02:00" level=info msg="Stored module groups/dashboards" repository_id=935864321
time="2025-04-30T14:46:13+02:00" level=debug msg="Found 0 module directories" repository_id=936203039 worker_id=5
time="2025-04-30T14:46:13+02:00" level=info msg="Analyzed 0 modules" repository_id=936203039 worker_id=5
time="2025-04-30T14:46:13+02:00" level=info msg="Created TAR GZ file repositories/936203039.tar.gz" repository_id=936203039 worker_id=5
time="2025-04-30T14:46:13+02:00" level=info msg="Removed repository directory repositories/936203039" repository_id=936203039 worker_id=5
time="2025-04-30T14:46:13+02:00" level=info msg="Processing repository 937488680" repository_id=937488680 worker_id=5
time="2025-04-30T14:46:13+02:00" level=info msg="Cloning https://github.com/coder-vr/terraform-aws-vpc-module.git" repository_id=937488680 worker_id=5
time="2025-04-30T14:46:13+02:00" level=info msg="Updated commit SHA 15b903525c56a5c8a166e6c12a3a8bf8adbe92fb" repository_id=936203039
time="2025-04-30T14:46:13+02:00" level=debug msg="Found 2 module directories" repository_id=934709075 worker_id=2
time="2025-04-30T14:46:13+02:00" level=info msg="Analyzed 2 modules" repository_id=934709075 worker_id=2
time="2025-04-30T14:46:13+02:00" level=info msg="Created TAR GZ file repositories/934709075.tar.gz" repository_id=934709075 worker_id=2
time="2025-04-30T14:46:13+02:00" level=info msg="Removed repository directory repositories/934709075" repository_id=934709075 worker_id=2
time="2025-04-30T14:46:13+02:00" level=info msg="Processing repository 937853774" repository_id=937853774 worker_id=2
time="2025-04-30T14:46:13+02:00" level=info msg="Cloning https://github.com/anfangd/terraform-aws-tfstate-s3-backend.git" repository_id=937853774 worker_id=2
time="2025-04-30T14:46:13+02:00" level=info msg="Updated commit SHA 38636456f396f6b97cb711c22f47a49144cf4077" repository_id=934709075
time="2025-04-30T14:46:13+02:00" level=info msg="Stored module examples/complete" repository_id=934709075
time="2025-04-30T14:46:13+02:00" level=info msg="Stored module ." repository_id=934709075
time="2025-04-30T14:46:14+02:00" level=debug msg="Found 1 module directories" repository_id=936345647 worker_id=1
time="2025-04-30T14:46:14+02:00" level=info msg="Analyzed 1 modules" repository_id=936345647 worker_id=1
time="2025-04-30T14:46:14+02:00" level=info msg="Created TAR GZ file repositories/936345647.tar.gz" repository_id=936345647 worker_id=1
time="2025-04-30T14:46:14+02:00" level=info msg="Removed repository directory repositories/936345647" repository_id=936345647 worker_id=1
time="2025-04-30T14:46:14+02:00" level=info msg="Processing repository 938027232" repository_id=938027232 worker_id=1
time="2025-04-30T14:46:14+02:00" level=info msg="Cloning https://github.com/lpi-code/IMT-Practical_Terraform.git" repository_id=938027232 worker_id=1
time="2025-04-30T14:46:14+02:00" level=info msg="Updated commit SHA 1427eba8ed4c4ac3e553c7a92bcb152add19e9d3" repository_id=936345647
time="2025-04-30T14:46:14+02:00" level=info msg="Stored module ." repository_id=936345647
time="2025-04-30T14:46:14+02:00" level=debug msg="Found 6 module directories" repository_id=936604353 worker_id=4
time="2025-04-30T14:46:14+02:00" level=info msg="Analyzed 6 modules" repository_id=936604353 worker_id=4
time="2025-04-30T14:46:14+02:00" level=info msg="Created TAR GZ file repositories/936604353.tar.gz" repository_id=936604353 worker_id=4
time="2025-04-30T14:46:14+02:00" level=info msg="Removed repository directory repositories/936604353" repository_id=936604353 worker_id=4
time="2025-04-30T14:46:14+02:00" level=info msg="Processing repository 938844558" repository_id=938844558 worker_id=4
time="2025-04-30T14:46:14+02:00" level=info msg="Cloning https://github.com/maggie197/opencart.git" repository_id=938844558 worker_id=4
time="2025-04-30T14:46:14+02:00" level=info msg="Updated commit SHA 174e9e8a4bdbf4fea94afad64674ff1a7f7e200a" repository_id=936604353
time="2025-04-30T14:46:14+02:00" level=info msg="Stored module tf/dev" repository_id=936604353
time="2025-04-30T14:46:14+02:00" level=info msg="Stored module tf/modules/cloud-run" repository_id=936604353
time="2025-04-30T14:46:14+02:00" level=info msg="Stored module tf/modules/cloud-sql" repository_id=936604353
time="2025-04-30T14:46:14+02:00" level=info msg="Stored module tf/modules/network" repository_id=936604353
time="2025-04-30T14:46:14+02:00" level=info msg="Stored module tf/modules/project-api" repository_id=936604353
time="2025-04-30T14:46:14+02:00" level=info msg="Stored module tf/modules/secret" repository_id=936604353
time="2025-04-30T14:46:14+02:00" level=debug msg="Found 1 module directories" repository_id=936670939 worker_id=6
time="2025-04-30T14:46:14+02:00" level=info msg="Analyzed 1 modules" repository_id=936670939 worker_id=6
time="2025-04-30T14:46:14+02:00" level=info msg="Created TAR GZ file repositories/936670939.tar.gz" repository_id=936670939 worker_id=6
time="2025-04-30T14:46:14+02:00" level=info msg="Removed repository directory repositories/936670939" repository_id=936670939 worker_id=6
time="2025-04-30T14:46:14+02:00" level=info msg="Processing repository 939082739" repository_id=939082739 worker_id=6
time="2025-04-30T14:46:14+02:00" level=info msg="Cloning https://github.com/mshoaibshafi/f5appworld25.git" repository_id=939082739 worker_id=6
time="2025-04-30T14:46:14+02:00" level=info msg="Updated commit SHA 3c3be6cd13e596b0af9b17f56d956a8be1ca750e" repository_id=936670939
time="2025-04-30T14:46:14+02:00" level=info msg="Stored module ." repository_id=936670939
time="2025-04-30T14:46:15+02:00" level=debug msg="Found 2 module directories" repository_id=937488680 worker_id=5
time="2025-04-30T14:46:15+02:00" level=info msg="Analyzed 2 modules" repository_id=937488680 worker_id=5
time="2025-04-30T14:46:15+02:00" level=info msg="Created TAR GZ file repositories/937488680.tar.gz" repository_id=937488680 worker_id=5
time="2025-04-30T14:46:15+02:00" level=info msg="Removed repository directory repositories/937488680" repository_id=937488680 worker_id=5
time="2025-04-30T14:46:15+02:00" level=info msg="Processing repository 939296123" repository_id=939296123 worker_id=5
time="2025-04-30T14:46:15+02:00" level=info msg="Cloning https://github.com/dipanjank/aws-glue-etl-example.git" repository_id=939296123 worker_id=5
time="2025-04-30T14:46:15+02:00" level=info msg="Updated commit SHA a1979878318fde1b07d72e0021906deb2ea00fa8" repository_id=937488680
time="2025-04-30T14:46:15+02:00" level=info msg="Stored module examples/complete" repository_id=937488680
time="2025-04-30T14:46:15+02:00" level=info msg="Stored module ." repository_id=937488680
time="2025-04-30T14:46:15+02:00" level=debug msg="Found 6 module directories" repository_id=937412052 worker_id=7
time="2025-04-30T14:46:15+02:00" level=info msg="Analyzed 6 modules" repository_id=937412052 worker_id=7
time="2025-04-30T14:46:15+02:00" level=info msg="Created TAR GZ file repositories/937412052.tar.gz" repository_id=937412052 worker_id=7
time="2025-04-30T14:46:15+02:00" level=info msg="Removed repository directory repositories/937412052" repository_id=937412052 worker_id=7
time="2025-04-30T14:46:15+02:00" level=info msg="Processing repository 939349560" repository_id=939349560 worker_id=7
time="2025-04-30T14:46:15+02:00" level=info msg="Cloning https://github.com/confluentinc/confluent-cloud-flink-workshop.git" repository_id=939349560 worker_id=7
time="2025-04-30T14:46:15+02:00" level=info msg="Updated commit SHA 7a12b335d2e76868dd4c3d4f9bcc366721007e73" repository_id=937412052
time="2025-04-30T14:46:15+02:00" level=info msg="Stored module terraform" repository_id=937412052
time="2025-04-30T14:46:15+02:00" level=info msg="Stored module terraform/modules/foreman_katello" repository_id=937412052
time="2025-04-30T14:46:15+02:00" level=info msg="Stored module terraform/modules/freeipa" repository_id=937412052
time="2025-04-30T14:46:15+02:00" level=info msg="Stored module terraform/modules/okd" repository_id=937412052
time="2025-04-30T14:46:15+02:00" level=info msg="Stored module terraform/modules/openstack" repository_id=937412052
time="2025-04-30T14:46:15+02:00" level=info msg="Stored module terraform/modules/ovirt" repository_id=937412052
time="2025-04-30T14:46:16+02:00" level=debug msg="Found 2 module directories" repository_id=938027232 worker_id=1
time="2025-04-30T14:46:16+02:00" level=info msg="Analyzed 2 modules" repository_id=938027232 worker_id=1
time="2025-04-30T14:46:16+02:00" level=info msg="Created TAR GZ file repositories/938027232.tar.gz" repository_id=938027232 worker_id=1
time="2025-04-30T14:46:16+02:00" level=info msg="Removed repository directory repositories/938027232" repository_id=938027232 worker_id=1
time="2025-04-30T14:46:16+02:00" level=info msg="Processing repository 939455031" repository_id=939455031 worker_id=1
time="2025-04-30T14:46:16+02:00" level=info msg="Cloning https://github.com/aws-samples/sample-eks-troubleshooting-rag-chatbot.git" repository_id=939455031 worker_id=1
time="2025-04-30T14:46:16+02:00" level=info msg="Updated commit SHA e1e36db53fb39a12d9d74e93186f626ca1329f02" repository_id=938027232
time="2025-04-30T14:46:16+02:00" level=info msg="Stored module ." repository_id=938027232
time="2025-04-30T14:46:16+02:00" level=info msg="Stored module test" repository_id=938027232
time="2025-04-30T14:46:17+02:00" level=debug msg="Found 6 module directories" repository_id=937853774 worker_id=2
time="2025-04-30T14:46:17+02:00" level=info msg="Analyzed 6 modules" repository_id=937853774 worker_id=2
time="2025-04-30T14:46:17+02:00" level=info msg="Created TAR GZ file repositories/937853774.tar.gz" repository_id=937853774 worker_id=2
time="2025-04-30T14:46:17+02:00" level=info msg="Removed repository directory repositories/937853774" repository_id=937853774 worker_id=2
time="2025-04-30T14:46:17+02:00" level=info msg="Processing repository 940174420" repository_id=940174420 worker_id=2
time="2025-04-30T14:46:17+02:00" level=info msg="Cloning https://github.com/jadonharsh109/aws-zero-trust.git" repository_id=940174420 worker_id=2
time="2025-04-30T14:46:17+02:00" level=info msg="Updated commit SHA 556f69e7c1ab46d96b65351fe4e724ba7686ce68" repository_id=937853774
time="2025-04-30T14:46:17+02:00" level=info msg="Stored module examples/only-iam-policy" repository_id=937853774
time="2025-04-30T14:46:17+02:00" level=info msg="Stored module examples/only-s3-bucket" repository_id=937853774
time="2025-04-30T14:46:17+02:00" level=info msg="Stored module examples/tfstate-s3-buckend" repository_id=937853774
time="2025-04-30T14:46:17+02:00" level=info msg="Stored module ." repository_id=937853774
time="2025-04-30T14:46:17+02:00" level=info msg="Stored module modules/iam-policy" repository_id=937853774
time="2025-04-30T14:46:17+02:00" level=info msg="Stored module modules/s3-bucket" repository_id=937853774
time="2025-04-30T14:46:17+02:00" level=debug msg="Found 1 module directories" repository_id=938844558 worker_id=4
time="2025-04-30T14:46:17+02:00" level=info msg="Analyzed 1 modules" repository_id=938844558 worker_id=4
time="2025-04-30T14:46:17+02:00" level=info msg="Created TAR GZ file repositories/938844558.tar.gz" repository_id=938844558 worker_id=4
time="2025-04-30T14:46:17+02:00" level=info msg="Removed repository directory repositories/938844558" repository_id=938844558 worker_id=4
time="2025-04-30T14:46:17+02:00" level=info msg="Processing repository 940177060" repository_id=940177060 worker_id=4
time="2025-04-30T14:46:17+02:00" level=info msg="Cloning https://github.com/charlstown/unir-cp2.git" repository_id=940177060 worker_id=4
time="2025-04-30T14:46:17+02:00" level=info msg="Updated commit SHA e4bb9470d5aec28728b144a9abf77cf2c5220dad" repository_id=938844558
time="2025-04-30T14:46:17+02:00" level=info msg="Stored module ." repository_id=938844558
time="2025-04-30T14:46:17+02:00" level=debug msg="Found 1 module directories" repository_id=939296123 worker_id=5
time="2025-04-30T14:46:17+02:00" level=info msg="Analyzed 1 modules" repository_id=939296123 worker_id=5
time="2025-04-30T14:46:17+02:00" level=info msg="Created TAR GZ file repositories/939296123.tar.gz" repository_id=939296123 worker_id=5
time="2025-04-30T14:46:17+02:00" level=info msg="Removed repository directory repositories/939296123" repository_id=939296123 worker_id=5
time="2025-04-30T14:46:17+02:00" level=info msg="Processing repository 940239952" repository_id=940239952 worker_id=5
time="2025-04-30T14:46:17+02:00" level=info msg="Cloning https://github.com/flmesh/areyoumeshingwith.us.git" repository_id=940239952 worker_id=5
time="2025-04-30T14:46:17+02:00" level=info msg="Updated commit SHA 7c8d3216cf274e030a6dccc8d2a762831b93ac75" repository_id=939296123
time="2025-04-30T14:46:17+02:00" level=info msg="Stored module terraform" repository_id=939296123
time="2025-04-30T14:46:19+02:00" level=debug msg="Found 7 module directories" repository_id=940174420 worker_id=2
time="2025-04-30T14:46:19+02:00" level=info msg="Analyzed 7 modules" repository_id=940174420 worker_id=2
time="2025-04-30T14:46:19+02:00" level=info msg="Created TAR GZ file repositories/940174420.tar.gz" repository_id=940174420 worker_id=2
time="2025-04-30T14:46:19+02:00" level=info msg="Removed repository directory repositories/940174420" repository_id=940174420 worker_id=2
time="2025-04-30T14:46:19+02:00" level=info msg="Processing repository 940297893" repository_id=940297893 worker_id=2
time="2025-04-30T14:46:19+02:00" level=info msg="Cloning https://github.com/NazBilgic/gameday-notification-terraform.git" repository_id=940297893 worker_id=2
time="2025-04-30T14:46:19+02:00" level=info msg="Updated commit SHA 97435c8410b040b72ec581efb2b93e27a9ef6c93" repository_id=940174420
time="2025-04-30T14:46:19+02:00" level=info msg="Stored module iac/environments/dev" repository_id=940174420
time="2025-04-30T14:46:19+02:00" level=info msg="Stored module iac/environments/local" repository_id=940174420
time="2025-04-30T14:46:19+02:00" level=info msg="Stored module iac/modules/eks" repository_id=940174420
time="2025-04-30T14:46:19+02:00" level=info msg="Stored module iac/modules/eks-auth" repository_id=940174420
time="2025-04-30T14:46:19+02:00" level=info msg="Stored module iac/modules/iam" repository_id=940174420
time="2025-04-30T14:46:19+02:00" level=info msg="Stored module iac/modules/kind" repository_id=940174420
time="2025-04-30T14:46:19+02:00" level=info msg="Stored module iac/modules/vpc" repository_id=940174420
time="2025-04-30T14:46:20+02:00" level=debug msg="Found 3 module directories" repository_id=939455031 worker_id=1
time="2025-04-30T14:46:20+02:00" level=info msg="Analyzed 3 modules" repository_id=939455031 worker_id=1
time="2025-04-30T14:46:20+02:00" level=info msg="Created TAR GZ file repositories/939455031.tar.gz" repository_id=939455031 worker_id=1
time="2025-04-30T14:46:20+02:00" level=info msg="Removed repository directory repositories/939455031" repository_id=939455031 worker_id=1
time="2025-04-30T14:46:20+02:00" level=info msg="Processing repository 940354391" repository_id=940354391 worker_id=1
time="2025-04-30T14:46:20+02:00" level=info msg="Cloning https://github.com/WahlNetwork/aws-terraform-landing-zone.git" repository_id=940354391 worker_id=1
time="2025-04-30T14:46:20+02:00" level=info msg="Updated commit SHA e00ba2ff27db2ca4c3db466aae29d9f21e0034f8" repository_id=939455031
time="2025-04-30T14:46:20+02:00" level=info msg="Stored module terraform" repository_id=939455031
time="2025-04-30T14:46:20+02:00" level=info msg="Stored module terraform/modules/agentic-chatbot" repository_id=939455031
time="2025-04-30T14:46:20+02:00" level=info msg="Stored module terraform/modules/ingestion-pipeline" repository_id=939455031
time="2025-04-30T14:46:24+02:00" level=debug msg="Found 1 module directories" repository_id=940354391 worker_id=1
time="2025-04-30T14:46:24+02:00" level=info msg="Analyzed 1 modules" repository_id=940354391 worker_id=1
time="2025-04-30T14:46:24+02:00" level=info msg="Created TAR GZ file repositories/940354391.tar.gz" repository_id=940354391 worker_id=1
time="2025-04-30T14:46:24+02:00" level=info msg="Removed repository directory repositories/940354391" repository_id=940354391 worker_id=1
time="2025-04-30T14:46:24+02:00" level=info msg="Processing repository 940506059" repository_id=940506059 worker_id=1
time="2025-04-30T14:46:24+02:00" level=info msg="Cloning https://github.com/optionalCTF/C2structor.git" repository_id=940506059 worker_id=1
time="2025-04-30T14:46:24+02:00" level=info msg="Updated commit SHA 83743347b4d44c98720770984793dd5f171c4a9a" repository_id=940354391
time="2025-04-30T14:46:24+02:00" level=info msg="Stored module landing-zone" repository_id=940354391
time="2025-04-30T14:46:25+02:00" level=debug msg="Found 4 module directories" repository_id=940177060 worker_id=4
time="2025-04-30T14:46:25+02:00" level=info msg="Analyzed 4 modules" repository_id=940177060 worker_id=4
time="2025-04-30T14:46:25+02:00" level=info msg="Created TAR GZ file repositories/940177060.tar.gz" repository_id=940177060 worker_id=4
time="2025-04-30T14:46:25+02:00" level=info msg="Removed repository directory repositories/940177060" repository_id=940177060 worker_id=4
time="2025-04-30T14:46:25+02:00" level=info msg="Processing repository 941236461" repository_id=941236461 worker_id=4
time="2025-04-30T14:46:25+02:00" level=info msg="Cloning https://github.com/tjmaynes/cloudflare-tunnel-terraform.git" repository_id=941236461 worker_id=4
time="2025-04-30T14:46:25+02:00" level=info msg="Updated commit SHA 2ac695ff806ef3ae7a552e0ea27f832f71a04d66" repository_id=940177060
time="2025-04-30T14:46:25+02:00" level=info msg="Stored module terraform" repository_id=940177060
time="2025-04-30T14:46:25+02:00" level=info msg="Stored module terraform/modules/acr" repository_id=940177060
time="2025-04-30T14:46:25+02:00" level=info msg="Stored module terraform/modules/aks" repository_id=940177060
time="2025-04-30T14:46:25+02:00" level=info msg="Stored module terraform/modules/vm" repository_id=940177060
time="2025-04-30T14:46:30+02:00" level=debug msg="Found 1 module directories" repository_id=940506059 worker_id=1
time="2025-04-30T14:46:30+02:00" level=info msg="Analyzed 1 modules" repository_id=940506059 worker_id=1
time="2025-04-30T14:46:30+02:00" level=info msg="Created TAR GZ file repositories/940506059.tar.gz" repository_id=940506059 worker_id=1
time="2025-04-30T14:46:30+02:00" level=info msg="Removed repository directory repositories/940506059" repository_id=940506059 worker_id=1
time="2025-04-30T14:46:30+02:00" level=info msg="Processing repository 941290895" repository_id=941290895 worker_id=1
time="2025-04-30T14:46:30+02:00" level=info msg="Cloning https://github.com/sd031/eks-auto-mode-workshop.git" repository_id=941290895 worker_id=1
time="2025-04-30T14:46:30+02:00" level=info msg="Updated commit SHA 41ee9fc4c1e0c1eeee9f251826cbd2d70947adfa" repository_id=940506059
time="2025-04-30T14:46:30+02:00" level=info msg="Stored module ." repository_id=940506059
time="2025-04-30T14:46:35+02:00" level=debug msg="Found 2 module directories" repository_id=939349560 worker_id=7
time="2025-04-30T14:46:35+02:00" level=info msg="Analyzed 2 modules" repository_id=939349560 worker_id=7
time="2025-04-30T14:46:35+02:00" level=info msg="Created TAR GZ file repositories/939349560.tar.gz" repository_id=939349560 worker_id=7
time="2025-04-30T14:46:35+02:00" level=info msg="Removed repository directory repositories/939349560" repository_id=939349560 worker_id=7
time="2025-04-30T14:46:35+02:00" level=info msg="Processing repository 941295295" repository_id=941295295 worker_id=7
time="2025-04-30T14:46:35+02:00" level=info msg="Cloning https://github.com/batleforc/weebo-si.git" repository_id=941295295 worker_id=7
time="2025-04-30T14:46:35+02:00" level=info msg="Updated commit SHA a73c91baea6eee6f0dbaa83ca3fca3bf39340723" repository_id=939349560
time="2025-04-30T14:46:35+02:00" level=info msg="Stored module demo-infrastructure" repository_id=939349560
time="2025-04-30T14:46:35+02:00" level=info msg="Stored module flink-demo-terraform" repository_id=939349560
time="2025-04-30T14:46:35+02:00" level=debug msg="Found 1 module directories" repository_id=940297893 worker_id=2
time="2025-04-30T14:46:35+02:00" level=info msg="Analyzed 1 modules" repository_id=940297893 worker_id=2
time="2025-04-30T14:46:35+02:00" level=info msg="Created TAR GZ file repositories/940297893.tar.gz" repository_id=940297893 worker_id=2
time="2025-04-30T14:46:35+02:00" level=info msg="Removed repository directory repositories/940297893" repository_id=940297893 worker_id=2
time="2025-04-30T14:46:35+02:00" level=info msg="Processing repository 941417801" repository_id=941417801 worker_id=2
time="2025-04-30T14:46:35+02:00" level=info msg="Cloning https://github.com/keidarcy/terraform-aws-cloudfront-image-optimizer-cdn.git" repository_id=941417801 worker_id=2
time="2025-04-30T14:46:35+02:00" level=info msg="Updated commit SHA a0a43cdfbbeb0eac8bfcdb6b64510c2f02107a5c" repository_id=940297893
time="2025-04-30T14:46:35+02:00" level=info msg="Stored module ." repository_id=940297893
time="2025-04-30T14:46:36+02:00" level=debug msg="Found 1 module directories" repository_id=941236461 worker_id=4
time="2025-04-30T14:46:36+02:00" level=info msg="Analyzed 1 modules" repository_id=941236461 worker_id=4
time="2025-04-30T14:46:36+02:00" level=info msg="Created TAR GZ file repositories/941236461.tar.gz" repository_id=941236461 worker_id=4
time="2025-04-30T14:46:36+02:00" level=info msg="Removed repository directory repositories/941236461" repository_id=941236461 worker_id=4
time="2025-04-30T14:46:36+02:00" level=info msg="Processing repository 941922146" repository_id=941922146 worker_id=4
time="2025-04-30T14:46:36+02:00" level=info msg="Cloning https://github.com/inthepocket/workshop-bucharest.git" repository_id=941922146 worker_id=4
time="2025-04-30T14:46:36+02:00" level=info msg="Updated commit SHA 7548fa7c9340cb22a2ebe0538fc8b731ae100dc3" repository_id=941236461
time="2025-04-30T14:46:36+02:00" level=info msg="Stored module ." repository_id=941236461
time="2025-04-30T14:46:37+02:00" level=debug msg="Found 2 module directories" repository_id=941290895 worker_id=1
time="2025-04-30T14:46:37+02:00" level=info msg="Analyzed 2 modules" repository_id=941290895 worker_id=1
time="2025-04-30T14:46:37+02:00" level=info msg="Created TAR GZ file repositories/941290895.tar.gz" repository_id=941290895 worker_id=1
time="2025-04-30T14:46:37+02:00" level=info msg="Removed repository directory repositories/941290895" repository_id=941290895 worker_id=1
time="2025-04-30T14:46:37+02:00" level=info msg="Processing repository 942082248" repository_id=942082248 worker_id=1
time="2025-04-30T14:46:37+02:00" level=info msg="Cloning https://github.com/O-Morgan/DevOps-TerrAnsible-Jenkins.git" repository_id=942082248 worker_id=1
time="2025-04-30T14:46:37+02:00" level=info msg="Updated commit SHA cc738954e2aced34d43ca0ead68ccf9dd6432ce8" repository_id=941290895
time="2025-04-30T14:46:37+02:00" level=info msg="Stored module terraform" repository_id=941290895
time="2025-04-30T14:46:37+02:00" level=info msg="Stored module terraform/back_end" repository_id=941290895
time="2025-04-30T14:46:38+02:00" level=debug msg="Found 6 module directories" repository_id=933700311 worker_id=3
time="2025-04-30T14:46:38+02:00" level=info msg="Analyzed 6 modules" repository_id=933700311 worker_id=3
time="2025-04-30T14:46:38+02:00" level=info msg="Created TAR GZ file repositories/933700311.tar.gz" repository_id=933700311 worker_id=3
time="2025-04-30T14:46:38+02:00" level=info msg="Removed repository directory repositories/933700311" repository_id=933700311 worker_id=3
time="2025-04-30T14:46:38+02:00" level=info msg="Processing repository 942256218" repository_id=942256218 worker_id=3
time="2025-04-30T14:46:38+02:00" level=info msg="Cloning https://github.com/jksprattler/terraform-azuread-users.git" repository_id=942256218 worker_id=3
time="2025-04-30T14:46:38+02:00" level=info msg="Updated commit SHA a82c5ea6e2f5bd5f21000e176c730110de4a423f" repository_id=933700311
time="2025-04-30T14:46:38+02:00" level=info msg="Stored module terraform" repository_id=933700311
time="2025-04-30T14:46:38+02:00" level=info msg="Stored module terraform/modules/agents" repository_id=933700311
time="2025-04-30T14:46:38+02:00" level=info msg="Stored module terraform/modules/dashboard" repository_id=933700311
time="2025-04-30T14:46:38+02:00" level=info msg="Stored module terraform/modules/initialize" repository_id=933700311
time="2025-04-30T14:46:38+02:00" level=info msg="Stored module terraform/modules/longhorn" repository_id=933700311
time="2025-04-30T14:46:38+02:00" level=info msg="Stored module terraform/modules/server" repository_id=933700311
time="2025-04-30T14:46:38+02:00" level=debug msg="Found 3 module directories" repository_id=939082739 worker_id=6
time="2025-04-30T14:46:38+02:00" level=info msg="Analyzed 3 modules" repository_id=939082739 worker_id=6
time="2025-04-30T14:46:39+02:00" level=info msg="Created TAR GZ file repositories/939082739.tar.gz" repository_id=939082739 worker_id=6
time="2025-04-30T14:46:39+02:00" level=info msg="Removed repository directory repositories/939082739" repository_id=939082739 worker_id=6
time="2025-04-30T14:46:39+02:00" level=info msg="Processing repository 942323220" repository_id=942323220 worker_id=6
time="2025-04-30T14:46:39+02:00" level=info msg="Cloning https://github.com/shempatterson/Getting-Started-Terraform-class.git" repository_id=942323220 worker_id=6
time="2025-04-30T14:46:39+02:00" level=info msg="Updated commit SHA 46c70c17a339a226f6f3f46eaa09511dcd65c7e6" repository_id=939082739
time="2025-04-30T14:46:39+02:00" level=info msg="Stored module phase-1" repository_id=939082739
time="2025-04-30T14:46:39+02:00" level=info msg="Stored module phase-2" repository_id=939082739
time="2025-04-30T14:46:39+02:00" level=info msg="Stored module phase-3" repository_id=939082739
time="2025-04-30T14:46:39+02:00" level=debug msg="Found 2 module directories" repository_id=941417801 worker_id=2
time="2025-04-30T14:46:39+02:00" level=info msg="Analyzed 2 modules" repository_id=941417801 worker_id=2
time="2025-04-30T14:46:39+02:00" level=info msg="Created TAR GZ file repositories/941417801.tar.gz" repository_id=941417801 worker_id=2
time="2025-04-30T14:46:39+02:00" level=info msg="Removed repository directory repositories/941417801" repository_id=941417801 worker_id=2
time="2025-04-30T14:46:39+02:00" level=info msg="Processing repository 942578791" repository_id=942578791 worker_id=2
time="2025-04-30T14:46:39+02:00" level=info msg="Cloning https://github.com/gindemit/TerraformGCPAuth.git" repository_id=942578791 worker_id=2
time="2025-04-30T14:46:39+02:00" level=info msg="Updated commit SHA 5a5b2391e93b1ffe7c8f75e1e19a7c78714bb018" repository_id=941417801
time="2025-04-30T14:46:39+02:00" level=info msg="Stored module examples" repository_id=941417801
time="2025-04-30T14:46:39+02:00" level=info msg="Stored module ." repository_id=941417801
time="2025-04-30T14:46:40+02:00" level=debug msg="Found 2 module directories" repository_id=941922146 worker_id=4
time="2025-04-30T14:46:40+02:00" level=info msg="Analyzed 2 modules" repository_id=941922146 worker_id=4
time="2025-04-30T14:46:40+02:00" level=info msg="Created TAR GZ file repositories/941922146.tar.gz" repository_id=941922146 worker_id=4
time="2025-04-30T14:46:40+02:00" level=info msg="Removed repository directory repositories/941922146" repository_id=941922146 worker_id=4
time="2025-04-30T14:46:40+02:00" level=info msg="Processing repository 942893152" repository_id=942893152 worker_id=4
time="2025-04-30T14:46:40+02:00" level=info msg="Cloning https://github.com/k8s-1/terraform-kind-cluster.git" repository_id=942893152 worker_id=4
time="2025-04-30T14:46:40+02:00" level=info msg="Updated commit SHA c9989e17543ec692830e3e93b3f25bfbafb7772d" repository_id=941922146
time="2025-04-30T14:46:40+02:00" level=info msg="Stored module todo" repository_id=941922146
time="2025-04-30T14:46:40+02:00" level=info msg="Stored module webserver" repository_id=941922146
time="2025-04-30T14:46:41+02:00" level=debug msg="Found 2 module directories" repository_id=942256218 worker_id=3
time="2025-04-30T14:46:41+02:00" level=info msg="Analyzed 2 modules" repository_id=942256218 worker_id=3
time="2025-04-30T14:46:41+02:00" level=info msg="Created TAR GZ file repositories/942256218.tar.gz" repository_id=942256218 worker_id=3
time="2025-04-30T14:46:41+02:00" level=info msg="Removed repository directory repositories/942256218" repository_id=942256218 worker_id=3
time="2025-04-30T14:46:41+02:00" level=info msg="Processing repository 942993135" repository_id=942993135 worker_id=3
time="2025-04-30T14:46:41+02:00" level=info msg="Cloning https://github.com/setheliot/eks_demo.git" repository_id=942993135 worker_id=3
time="2025-04-30T14:46:41+02:00" level=info msg="Updated commit SHA d1b17d0c76477586af20c9857e1c9b1786f98173" repository_id=942256218
time="2025-04-30T14:46:41+02:00" level=info msg="Stored module examples" repository_id=942256218
time="2025-04-30T14:46:41+02:00" level=info msg="Stored module ." repository_id=942256218
time="2025-04-30T14:46:42+02:00" level=debug msg="Found 1 module directories" repository_id=942578791 worker_id=2
time="2025-04-30T14:46:42+02:00" level=info msg="Analyzed 1 modules" repository_id=942578791 worker_id=2
time="2025-04-30T14:46:42+02:00" level=info msg="Created TAR GZ file repositories/942578791.tar.gz" repository_id=942578791 worker_id=2
time="2025-04-30T14:46:42+02:00" level=info msg="Removed repository directory repositories/942578791" repository_id=942578791 worker_id=2
time="2025-04-30T14:46:42+02:00" level=info msg="Processing repository 943160621" repository_id=943160621 worker_id=2
time="2025-04-30T14:46:42+02:00" level=info msg="Cloning https://github.com/edinc/github-copilot-extension-starter.git" repository_id=943160621 worker_id=2
time="2025-04-30T14:46:42+02:00" level=info msg="Updated commit SHA 3984c6b6a90a87343d5ac2ac602cc9783ee2f622" repository_id=942578791
time="2025-04-30T14:46:42+02:00" level=info msg="Stored module infra" repository_id=942578791
time="2025-04-30T14:46:42+02:00" level=debug msg="Found 7 module directories" repository_id=942323220 worker_id=6
time="2025-04-30T14:46:42+02:00" level=debug msg="Found 1 module directories" repository_id=942082248 worker_id=1
time="2025-04-30T14:46:42+02:00" level=info msg="Analyzed 1 modules" repository_id=942082248 worker_id=1
time="2025-04-30T14:46:42+02:00" level=info msg="Analyzed 7 modules" repository_id=942323220 worker_id=6
time="2025-04-30T14:46:42+02:00" level=info msg="Created TAR GZ file repositories/942082248.tar.gz" repository_id=942082248 worker_id=1
time="2025-04-30T14:46:42+02:00" level=info msg="Removed repository directory repositories/942082248" repository_id=942082248 worker_id=1
time="2025-04-30T14:46:42+02:00" level=info msg="Processing repository 944072445" repository_id=944072445 worker_id=1
time="2025-04-30T14:46:42+02:00" level=info msg="Cloning https://github.com/nagarajurahul/terraform-aws-multi-az-vpc.git" repository_id=944072445 worker_id=1
time="2025-04-30T14:46:42+02:00" level=info msg="Updated commit SHA e5f3fe2db63de685cd0bbd8e84567789c003f1e1" repository_id=942082248
time="2025-04-30T14:46:42+02:00" level=info msg="Stored module mtc-terransible" repository_id=942082248
time="2025-04-30T14:46:42+02:00" level=info msg="Created TAR GZ file repositories/942323220.tar.gz" repository_id=942323220 worker_id=6
time="2025-04-30T14:46:42+02:00" level=info msg="Removed repository directory repositories/942323220" repository_id=942323220 worker_id=6
time="2025-04-30T14:46:42+02:00" level=info msg="Processing repository 944198843" repository_id=944198843 worker_id=6
time="2025-04-30T14:46:42+02:00" level=info msg="Cloning https://github.com/pdblasi-studios-llc/executive_function.git" repository_id=944198843 worker_id=6
time="2025-04-30T14:46:42+02:00" level=info msg="Updated commit SHA 51caf451ec9eab51f50ed0376f9f5690c1504e6d" repository_id=942323220
time="2025-04-30T14:46:42+02:00" level=info msg="Stored module base_web_app" repository_id=942323220
time="2025-04-30T14:46:42+02:00" level=info msg="Stored module m4_solution" repository_id=942323220
time="2025-04-30T14:46:42+02:00" level=info msg="Stored module m5_solution" repository_id=942323220
time="2025-04-30T14:46:42+02:00" level=info msg="Stored module m6_solution" repository_id=942323220
time="2025-04-30T14:46:42+02:00" level=info msg="Stored module m7_solution" repository_id=942323220
time="2025-04-30T14:46:42+02:00" level=info msg="Stored module m8_solution" repository_id=942323220
time="2025-04-30T14:46:42+02:00" level=info msg="Stored module m8_solution/modules/globo-web-app-s3" repository_id=942323220
time="2025-04-30T14:46:43+02:00" level=debug msg="Found 2 module directories" repository_id=942893152 worker_id=4
time="2025-04-30T14:46:43+02:00" level=info msg="Analyzed 2 modules" repository_id=942893152 worker_id=4
time="2025-04-30T14:46:43+02:00" level=info msg="Created TAR GZ file repositories/942893152.tar.gz" repository_id=942893152 worker_id=4
time="2025-04-30T14:46:43+02:00" level=info msg="Removed repository directory repositories/942893152" repository_id=942893152 worker_id=4
time="2025-04-30T14:46:43+02:00" level=info msg="Processing repository 944753438" repository_id=944753438 worker_id=4
time="2025-04-30T14:46:43+02:00" level=info msg="Cloning https://github.com/michaelkosir/vault-secrets-operator-demo.git" repository_id=944753438 worker_id=4
time="2025-04-30T14:46:43+02:00" level=info msg="Updated commit SHA 69e834e31a9e6590604dbd5416ed899971aed112" repository_id=942893152
time="2025-04-30T14:46:43+02:00" level=info msg="Stored module cluster" repository_id=942893152
time="2025-04-30T14:46:43+02:00" level=info msg="Stored module cluster-res" repository_id=942893152
time="2025-04-30T14:46:46+02:00" level=debug msg="Found 1 module directories" repository_id=944072445 worker_id=1
time="2025-04-30T14:46:46+02:00" level=info msg="Analyzed 1 modules" repository_id=944072445 worker_id=1
time="2025-04-30T14:46:46+02:00" level=info msg="Created TAR GZ file repositories/944072445.tar.gz" repository_id=944072445 worker_id=1
time="2025-04-30T14:46:46+02:00" level=info msg="Removed repository directory repositories/944072445" repository_id=944072445 worker_id=1
time="2025-04-30T14:46:46+02:00" level=info msg="Processing repository 944956632" repository_id=944956632 worker_id=1
time="2025-04-30T14:46:46+02:00" level=info msg="Cloning https://github.com/justynroberts/PDdemoGenerator.git" repository_id=944956632 worker_id=1
time="2025-04-30T14:46:46+02:00" level=info msg="Updated commit SHA c8fdbf41274dc23ff4b3b9e631e7eea0e3cea6e7" repository_id=944072445
time="2025-04-30T14:46:46+02:00" level=info msg="Stored module ." repository_id=944072445
time="2025-04-30T14:46:47+02:00" level=debug msg="Found 4 module directories" repository_id=942993135 worker_id=3
time="2025-04-30T14:46:47+02:00" level=info msg="Analyzed 4 modules" repository_id=942993135 worker_id=3
time="2025-04-30T14:46:47+02:00" level=info msg="Created TAR GZ file repositories/942993135.tar.gz" repository_id=942993135 worker_id=3
time="2025-04-30T14:46:47+02:00" level=info msg="Removed repository directory repositories/942993135" repository_id=942993135 worker_id=3
time="2025-04-30T14:46:47+02:00" level=info msg="Processing repository 945183257" repository_id=945183257 worker_id=3
time="2025-04-30T14:46:47+02:00" level=info msg="Cloning https://github.com/kennethwolters/ephemeral-tunnel.git" repository_id=945183257 worker_id=3
time="2025-04-30T14:46:47+02:00" level=info msg="Updated commit SHA 673f5c5e236552a6b965bd10d8c8d61bd32270ba" repository_id=942993135
time="2025-04-30T14:46:47+02:00" level=info msg="Stored module terraform/deploy" repository_id=942993135
time="2025-04-30T14:46:47+02:00" level=info msg="Stored module terraform/deploy/modules/alb" repository_id=942993135
time="2025-04-30T14:46:47+02:00" level=info msg="Stored module terraform/hello" repository_id=942993135
time="2025-04-30T14:46:47+02:00" level=info msg="Stored module terraform/init" repository_id=942993135
time="2025-04-30T14:46:47+02:00" level=debug msg="Found 2 module directories" repository_id=944198843 worker_id=6
time="2025-04-30T14:46:47+02:00" level=info msg="Analyzed 2 modules" repository_id=944198843 worker_id=6
time="2025-04-30T14:46:48+02:00" level=info msg="Created TAR GZ file repositories/944198843.tar.gz" repository_id=944198843 worker_id=6
time="2025-04-30T14:46:48+02:00" level=info msg="Removed repository directory repositories/944198843" repository_id=944198843 worker_id=6
time="2025-04-30T14:46:48+02:00" level=info msg="Processing repository 945687688" repository_id=945687688 worker_id=6
time="2025-04-30T14:46:48+02:00" level=info msg="Cloning https://github.com/Ap3x/Game-Infrastructure.git" repository_id=945687688 worker_id=6
time="2025-04-30T14:46:48+02:00" level=info msg="Updated commit SHA c4bd9804e6ec604a5ee23485ba050b02549cc970" repository_id=944198843
time="2025-04-30T14:46:48+02:00" level=info msg="Stored module executive_function_server/deploy/aws/terraform" repository_id=944198843
time="2025-04-30T14:46:48+02:00" level=info msg="Stored module executive_function_server/deploy/gcp/terraform_gce" repository_id=944198843
time="2025-04-30T14:46:51+02:00" level=debug msg="Found 1 module directories" repository_id=945183257 worker_id=3
time="2025-04-30T14:46:51+02:00" level=info msg="Analyzed 1 modules" repository_id=945183257 worker_id=3
time="2025-04-30T14:46:51+02:00" level=info msg="Created TAR GZ file repositories/945183257.tar.gz" repository_id=945183257 worker_id=3
time="2025-04-30T14:46:51+02:00" level=info msg="Removed repository directory repositories/945183257" repository_id=945183257 worker_id=3
time="2025-04-30T14:46:51+02:00" level=info msg="Processing repository 946555246" repository_id=946555246 worker_id=3
time="2025-04-30T14:46:51+02:00" level=info msg="Cloning https://github.com/Stensel8/automated-infrastructures.git" repository_id=946555246 worker_id=3
time="2025-04-30T14:46:51+02:00" level=info msg="Updated commit SHA 7b6a181e8981d5d61006450b4051399a0c9ea250" repository_id=945183257
time="2025-04-30T14:46:51+02:00" level=info msg="Stored module ." repository_id=945183257
time="2025-04-30T14:46:53+02:00" level=debug msg="Found 1 module directories" repository_id=944956632 worker_id=1
time="2025-04-30T14:46:53+02:00" level=info msg="Analyzed 1 modules" repository_id=944956632 worker_id=1
time="2025-04-30T14:46:53+02:00" level=info msg="Created TAR GZ file repositories/944956632.tar.gz" repository_id=944956632 worker_id=1
time="2025-04-30T14:46:53+02:00" level=info msg="Removed repository directory repositories/944956632" repository_id=944956632 worker_id=1
time="2025-04-30T14:46:53+02:00" level=info msg="Processing repository 946584888" repository_id=946584888 worker_id=1
time="2025-04-30T14:46:53+02:00" level=info msg="Cloning https://github.com/vak-rashu/S3-Static-Website-in-Localstack.git" repository_id=946584888 worker_id=1
time="2025-04-30T14:46:53+02:00" level=info msg="Updated commit SHA 7d72966205c45740ac34d491efe19448303785a5" repository_id=944956632
time="2025-04-30T14:46:53+02:00" level=info msg="Stored module terraform-servicegraph-main" repository_id=944956632
time="2025-04-30T14:46:53+02:00" level=debug msg="Found 4 module directories" repository_id=941295295 worker_id=7
time="2025-04-30T14:46:53+02:00" level=info msg="Analyzed 4 modules" repository_id=941295295 worker_id=7
time="2025-04-30T14:46:53+02:00" level=info msg="Created TAR GZ file repositories/941295295.tar.gz" repository_id=941295295 worker_id=7
time="2025-04-30T14:46:53+02:00" level=info msg="Removed repository directory repositories/941295295" repository_id=941295295 worker_id=7
time="2025-04-30T14:46:53+02:00" level=info msg="Processing repository 946748255" repository_id=946748255 worker_id=7
time="2025-04-30T14:46:53+02:00" level=info msg="Cloning https://github.com/bergsv/tf-az-module-compute.git" repository_id=946748255 worker_id=7
time="2025-04-30T14:46:53+02:00" level=info msg="Updated commit SHA 76e5f9e6043dbc099578b297e637b143391f0a7e" repository_id=941295295
time="2025-04-30T14:46:53+02:00" level=info msg="Stored module 0.terraform/download-iso-talos" repository_id=941295295
time="2025-04-30T14:46:53+02:00" level=info msg="Stored module 0.terraform/vpn-proxmox" repository_id=941295295
time="2025-04-30T14:46:53+02:00" level=info msg="Stored module capi.terraform" repository_id=941295295
time="2025-04-30T14:46:53+02:00" level=info msg="Stored module capi.terraform_init" repository_id=941295295
time="2025-04-30T14:46:54+02:00" level=debug msg="Found 1 module directories" repository_id=945687688 worker_id=6
time="2025-04-30T14:46:54+02:00" level=info msg="Analyzed 1 modules" repository_id=945687688 worker_id=6
time="2025-04-30T14:46:54+02:00" level=info msg="Created TAR GZ file repositories/945687688.tar.gz" repository_id=945687688 worker_id=6
time="2025-04-30T14:46:54+02:00" level=info msg="Removed repository directory repositories/945687688" repository_id=945687688 worker_id=6
time="2025-04-30T14:46:54+02:00" level=info msg="Processing repository 947150295" repository_id=947150295 worker_id=6
time="2025-04-30T14:46:54+02:00" level=info msg="Cloning https://github.com/re-cinq/meetup-ai.git" repository_id=947150295 worker_id=6
time="2025-04-30T14:46:54+02:00" level=info msg="Updated commit SHA f2ad780276491688eaa38f678fa371f72eb72898" repository_id=945687688
time="2025-04-30T14:46:54+02:00" level=info msg="Stored module terraform" repository_id=945687688
time="2025-04-30T14:46:55+02:00" level=debug msg="Found 1 module directories" repository_id=943160621 worker_id=2
time="2025-04-30T14:46:55+02:00" level=info msg="Analyzed 1 modules" repository_id=943160621 worker_id=2
time="2025-04-30T14:46:55+02:00" level=info msg="Created TAR GZ file repositories/943160621.tar.gz" repository_id=943160621 worker_id=2
time="2025-04-30T14:46:55+02:00" level=info msg="Removed repository directory repositories/943160621" repository_id=943160621 worker_id=2
time="2025-04-30T14:46:55+02:00" level=info msg="Processing repository 947317489" repository_id=947317489 worker_id=2
time="2025-04-30T14:46:55+02:00" level=info msg="Cloning https://github.com/knowald/nginx-spa.git" repository_id=947317489 worker_id=2
time="2025-04-30T14:46:55+02:00" level=info msg="Updated commit SHA 6bd10b242f4ee5d5bc7a5fa6367c377a6cade3c7" repository_id=943160621
time="2025-04-30T14:46:55+02:00" level=info msg="Stored module terraform" repository_id=943160621
time="2025-04-30T14:46:55+02:00" level=debug msg="Found 1 module directories" repository_id=944753438 worker_id=4
time="2025-04-30T14:46:55+02:00" level=info msg="Analyzed 1 modules" repository_id=944753438 worker_id=4
time="2025-04-30T14:46:55+02:00" level=info msg="Created TAR GZ file repositories/944753438.tar.gz" repository_id=944753438 worker_id=4
time="2025-04-30T14:46:55+02:00" level=info msg="Removed repository directory repositories/944753438" repository_id=944753438 worker_id=4
time="2025-04-30T14:46:55+02:00" level=info msg="Processing repository 947326135" repository_id=947326135 worker_id=4
time="2025-04-30T14:46:55+02:00" level=info msg="Cloning https://github.com/turbot/tailpipe-mod-nginx-access-log-detections.git" repository_id=947326135 worker_id=4
time="2025-04-30T14:46:55+02:00" level=info msg="Updated commit SHA 0bcb8d8d3c3518705b857eb4297614c506da3f97" repository_id=944753438
time="2025-04-30T14:46:55+02:00" level=info msg="Stored module tf" repository_id=944753438
time="2025-04-30T14:46:58+02:00" level=debug msg="Found 1 module directories" repository_id=940239952 worker_id=5
time="2025-04-30T14:46:58+02:00" level=info msg="Analyzed 1 modules" repository_id=940239952 worker_id=5
time="2025-04-30T14:46:58+02:00" level=info msg="Created TAR GZ file repositories/940239952.tar.gz" repository_id=940239952 worker_id=5
time="2025-04-30T14:46:58+02:00" level=info msg="Removed repository directory repositories/940239952" repository_id=940239952 worker_id=5
time="2025-04-30T14:46:58+02:00" level=info msg="Processing repository 947748100" repository_id=947748100 worker_id=5
time="2025-04-30T14:46:58+02:00" level=info msg="Cloning https://github.com/aws-samples/sample-aws-eks-auto-mode.git" repository_id=947748100 worker_id=5
time="2025-04-30T14:46:58+02:00" level=info msg="Updated commit SHA c34b5deacca265afe0dfd4113dc2eb89e2e5c062" repository_id=940239952
time="2025-04-30T14:46:58+02:00" level=info msg="Stored module terraform" repository_id=940239952
time="2025-04-30T14:46:59+02:00" level=debug msg="Found 1 module directories" repository_id=946584888 worker_id=1
time="2025-04-30T14:46:59+02:00" level=info msg="Analyzed 1 modules" repository_id=946584888 worker_id=1
time="2025-04-30T14:46:59+02:00" level=info msg="Created TAR GZ file repositories/946584888.tar.gz" repository_id=946584888 worker_id=1
time="2025-04-30T14:46:59+02:00" level=info msg="Removed repository directory repositories/946584888" repository_id=946584888 worker_id=1
time="2025-04-30T14:46:59+02:00" level=info msg="Processing repository 947757633" repository_id=947757633 worker_id=1
time="2025-04-30T14:46:59+02:00" level=info msg="Cloning https://github.com/aws-samples/sample-eks-hybrid-nodes-raspberry-pi.git" repository_id=947757633 worker_id=1
time="2025-04-30T14:46:59+02:00" level=info msg="Updated commit SHA 1fc669c8f7cfa1436dd83d4c379c3ebd1a7f1446" repository_id=946584888
time="2025-04-30T14:46:59+02:00" level=info msg="Stored module ." repository_id=946584888
time="2025-04-30T14:46:59+02:00" level=debug msg="Found 9 module directories" repository_id=946555246 worker_id=3
time="2025-04-30T14:46:59+02:00" level=info msg="Analyzed 9 modules" repository_id=946555246 worker_id=3
time="2025-04-30T14:46:59+02:00" level=info msg="Created TAR GZ file repositories/946555246.tar.gz" repository_id=946555246 worker_id=3
time="2025-04-30T14:46:59+02:00" level=info msg="Removed repository directory repositories/946555246" repository_id=946555246 worker_id=3
time="2025-04-30T14:46:59+02:00" level=info msg="Processing repository 948265152" repository_id=948265152 worker_id=3
time="2025-04-30T14:46:59+02:00" level=info msg="Cloning https://github.com/jhulndev/terraform-talos-cluster.git" repository_id=948265152 worker_id=3
time="2025-04-30T14:46:59+02:00" level=info msg="Updated commit SHA 4ab1d6689aa7ad632d97a4761aa306641e442474" repository_id=946555246
time="2025-04-30T14:46:59+02:00" level=info msg="Stored module week-1/createvpc" repository_id=946555246
time="2025-04-30T14:46:59+02:00" level=info msg="Stored module week-2/Modules/SecurityGroup" repository_id=946555246
time="2025-04-30T14:46:59+02:00" level=info msg="Stored module week-2/Modules/Server" repository_id=946555246
time="2025-04-30T14:46:59+02:00" level=info msg="Stored module week-2/Modules/SharedKey" repository_id=946555246
time="2025-04-30T14:46:59+02:00" level=info msg="Stored module week-2/Modules/VPC" repository_id=946555246
time="2025-04-30T14:46:59+02:00" level=info msg="Stored module week-2/klantA/prod" repository_id=946555246
time="2025-04-30T14:46:59+02:00" level=info msg="Stored module week-2/klantA/test" repository_id=946555246
time="2025-04-30T14:46:59+02:00" level=info msg="Stored module week-2/klantB/prod" repository_id=946555246
time="2025-04-30T14:46:59+02:00" level=info msg="Stored module week-2/klantC/prod" repository_id=946555246
time="2025-04-30T14:47:00+02:00" level=debug msg="Found 1 module directories" repository_id=946748255 worker_id=7
time="2025-04-30T14:47:00+02:00" level=info msg="Analyzed 1 modules" repository_id=946748255 worker_id=7
time="2025-04-30T14:47:00+02:00" level=info msg="Created TAR GZ file repositories/946748255.tar.gz" repository_id=946748255 worker_id=7
time="2025-04-30T14:47:00+02:00" level=info msg="Removed repository directory repositories/946748255" repository_id=946748255 worker_id=7
time="2025-04-30T14:47:00+02:00" level=info msg="Processing repository 949097370" repository_id=949097370 worker_id=7
time="2025-04-30T14:47:00+02:00" level=info msg="Cloning https://github.com/sarwarpatel/devopsinsiders-batch-17.git" repository_id=949097370 worker_id=7
time="2025-04-30T14:47:00+02:00" level=info msg="Updated commit SHA 4b0e2528c1f69dd28cb9b9a4ea912635071ccfdd" repository_id=946748255
time="2025-04-30T14:47:00+02:00" level=info msg="Stored module ." repository_id=946748255
time="2025-04-30T14:47:01+02:00" level=debug msg="Found 0 module directories" repository_id=947317489 worker_id=2
time="2025-04-30T14:47:01+02:00" level=info msg="Analyzed 0 modules" repository_id=947317489 worker_id=2
time="2025-04-30T14:47:01+02:00" level=info msg="Created TAR GZ file repositories/947317489.tar.gz" repository_id=947317489 worker_id=2
time="2025-04-30T14:47:01+02:00" level=info msg="Removed repository directory repositories/947317489" repository_id=947317489 worker_id=2
time="2025-04-30T14:47:01+02:00" level=info msg="Processing repository 949197602" repository_id=949197602 worker_id=2
time="2025-04-30T14:47:01+02:00" level=info msg="Cloning https://github.com/datawranglerai/self-host-n8n-on-gcr.git" repository_id=949197602 worker_id=2
time="2025-04-30T14:47:01+02:00" level=info msg="Updated commit SHA 665c05646fd6193c1b030526ac909351cd7e02d7" repository_id=947317489
time="2025-04-30T14:47:01+02:00" level=debug msg="Found 1 module directories" repository_id=947150295 worker_id=6
time="2025-04-30T14:47:01+02:00" level=info msg="Analyzed 1 modules" repository_id=947150295 worker_id=6
time="2025-04-30T14:47:01+02:00" level=info msg="Created TAR GZ file repositories/947150295.tar.gz" repository_id=947150295 worker_id=6
time="2025-04-30T14:47:01+02:00" level=info msg="Removed repository directory repositories/947150295" repository_id=947150295 worker_id=6
time="2025-04-30T14:47:01+02:00" level=info msg="Processing repository 949325989" repository_id=949325989 worker_id=6
time="2025-04-30T14:47:01+02:00" level=info msg="Cloning https://github.com/kihanyu/create-terraform-monorepo-gcp.git" repository_id=949325989 worker_id=6
time="2025-04-30T14:47:01+02:00" level=info msg="Updated commit SHA e9c744e22f1a28d89adc1e72ee80d2b342606fec" repository_id=947150295
time="2025-04-30T14:47:01+02:00" level=info msg="Stored module terraform" repository_id=947150295
time="2025-04-30T14:47:03+02:00" level=debug msg="Found 3 module directories" repository_id=948265152 worker_id=3
time="2025-04-30T14:47:03+02:00" level=info msg="Analyzed 3 modules" repository_id=948265152 worker_id=3
time="2025-04-30T14:47:03+02:00" level=info msg="Created TAR GZ file repositories/948265152.tar.gz" repository_id=948265152 worker_id=3
time="2025-04-30T14:47:03+02:00" level=info msg="Removed repository directory repositories/948265152" repository_id=948265152 worker_id=3
time="2025-04-30T14:47:03+02:00" level=info msg="Processing repository 949610052" repository_id=949610052 worker_id=3
time="2025-04-30T14:47:03+02:00" level=info msg="Cloning https://github.com/ziedbentahar/scheduled-queries-with-amazom-timestreamdb.git" repository_id=949610052 worker_id=3
time="2025-04-30T14:47:03+02:00" level=info msg="Updated commit SHA af53f6015b5357adfdad87d878d0bee0d1d7eb9f" repository_id=948265152
time="2025-04-30T14:47:03+02:00" level=info msg="Stored module examples/root" repository_id=948265152
time="2025-04-30T14:47:03+02:00" level=info msg="Stored module ." repository_id=948265152
time="2025-04-30T14:47:03+02:00" level=info msg="Stored module modules/placeholder" repository_id=948265152
time="2025-04-30T14:47:05+02:00" level=debug msg="Found 1 module directories" repository_id=949197602 worker_id=2
time="2025-04-30T14:47:05+02:00" level=info msg="Analyzed 1 modules" repository_id=949197602 worker_id=2
time="2025-04-30T14:47:05+02:00" level=info msg="Created TAR GZ file repositories/949197602.tar.gz" repository_id=949197602 worker_id=2
time="2025-04-30T14:47:05+02:00" level=info msg="Removed repository directory repositories/949197602" repository_id=949197602 worker_id=2
time="2025-04-30T14:47:05+02:00" level=info msg="Processing repository 950033808" repository_id=950033808 worker_id=2
time="2025-04-30T14:47:05+02:00" level=info msg="Cloning https://github.com/ridvansg/Spot-EC2-Github-runner-Docker-compose-Cloudflare-DNS.git" repository_id=950033808 worker_id=2
time="2025-04-30T14:47:05+02:00" level=info msg="Updated commit SHA dac230de5e7211b29da937618a66401c68dd01db" repository_id=949197602
time="2025-04-30T14:47:05+02:00" level=info msg="Stored module terraform" repository_id=949197602
time="2025-04-30T14:47:08+02:00" level=debug msg="Found 41 module directories" repository_id=949325989 worker_id=6
time="2025-04-30T14:47:08+02:00" level=info msg="Analyzed 41 modules" repository_id=949325989 worker_id=6
time="2025-04-30T14:47:08+02:00" level=info msg="Created TAR GZ file repositories/949325989.tar.gz" repository_id=949325989 worker_id=6
time="2025-04-30T14:47:08+02:00" level=info msg="Removed repository directory repositories/949325989" repository_id=949325989 worker_id=6
time="2025-04-30T14:47:08+02:00" level=info msg="Processing repository 950933875" repository_id=950933875 worker_id=6
time="2025-04-30T14:47:08+02:00" level=info msg="Cloning https://github.com/gsrt1088/learn-terraform.git" repository_id=950933875 worker_id=6
time="2025-04-30T14:47:08+02:00" level=info msg="Updated commit SHA 23f163501067f5c646569ec6ff8fd3bfea5da293" repository_id=949325989
time="2025-04-30T14:47:08+02:00" level=info msg="Stored module environments/dev" repository_id=949325989
time="2025-04-30T14:47:08+02:00" level=info msg="Stored module modules/ai-ml/automl" repository_id=949325989
time="2025-04-30T14:47:08+02:00" level=info msg="Stored module modules/ai-ml/vertex-ai/workbench" repository_id=949325989
time="2025-04-30T14:47:08+02:00" level=info msg="Stored module modules/compute/cloud-run/domain-mapping" repository_id=949325989
time="2025-04-30T14:47:08+02:00" level=info msg="Stored module modules/compute/cloud-run/service" repository_id=949325989
time="2025-04-30T14:47:08+02:00" level=info msg="Stored module modules/compute/gce/instance" repository_id=949325989
time="2025-04-30T14:47:08+02:00" level=info msg="Stored module modules/compute/gce/instance-template" repository_id=949325989
time="2025-04-30T14:47:08+02:00" level=info msg="Stored module modules/compute/gce/managed-instance-group" repository_id=949325989
time="2025-04-30T14:47:08+02:00" level=info msg="Stored module modules/compute/gke/cluster" repository_id=949325989
time="2025-04-30T14:47:08+02:00" level=info msg="Stored module modules/compute/gke/nodepool" repository_id=949325989
time="2025-04-30T14:47:08+02:00" level=info msg="Stored module modules/databases/bigtable" repository_id=949325989
time="2025-04-30T14:47:08+02:00" level=info msg="Stored module modules/databases/cloud-sql/mysql" repository_id=949325989
time="2025-04-30T14:47:08+02:00" level=info msg="Stored module modules/databases/cloud-sql/postgres" repository_id=949325989
time="2025-04-30T14:47:08+02:00" level=info msg="Stored module modules/databases/firestore" repository_id=949325989
time="2025-04-30T14:47:08+02:00" level=info msg="Stored module modules/databases/memorystore/memcached" repository_id=949325989
time="2025-04-30T14:47:08+02:00" level=info msg="Stored module modules/databases/memorystore/redis" repository_id=949325989
time="2025-04-30T14:47:08+02:00" level=info msg="Stored module modules/hybrid-cloud/anthos/cluster" repository_id=949325989
time="2025-04-30T14:47:08+02:00" level=info msg="Stored module modules/hybrid-cloud/config-management" repository_id=949325989
time="2025-04-30T14:47:08+02:00" level=info msg="Stored module modules/hybrid-cloud/interconnect" repository_id=949325989
time="2025-04-30T14:47:08+02:00" level=info msg="Stored module modules/messaging/eventarc" repository_id=949325989
time="2025-04-30T14:47:08+02:00" level=info msg="Stored module modules/messaging/pubsub/subscription" repository_id=949325989
time="2025-04-30T14:47:08+02:00" level=info msg="Stored module modules/messaging/pubsub/topic" repository_id=949325989
time="2025-04-30T14:47:08+02:00" level=info msg="Stored module modules/monitoring/cloud-monitoring/dashboards" repository_id=949325989
time="2025-04-30T14:47:08+02:00" level=info msg="Stored module modules/monitoring/logging/log-metric" repository_id=949325989
time="2025-04-30T14:47:08+02:00" level=info msg="Stored module modules/monitoring/logging/log-sink" repository_id=949325989
time="2025-04-30T14:47:08+02:00" level=info msg="Stored module modules/monitoring/trace" repository_id=949325989
time="2025-04-30T14:47:08+02:00" level=info msg="Stored module modules/network/dns" repository_id=949325989
time="2025-04-30T14:47:08+02:00" level=info msg="Stored module modules/network/firewall" repository_id=949325989
time="2025-04-30T14:47:08+02:00" level=info msg="Stored module modules/network/peering" repository_id=949325989
time="2025-04-30T14:47:08+02:00" level=info msg="Stored module modules/network/v2" repository_id=949325989
time="2025-04-30T14:47:08+02:00" level=info msg="Stored module modules/network/vpc/v1" repository_id=949325989
time="2025-04-30T14:47:08+02:00" level=info msg="Stored module modules/network/vpc/v1/test" repository_id=949325989
time="2025-04-30T14:47:08+02:00" level=info msg="Stored module modules/network/vpc/v2" repository_id=949325989
time="2025-04-30T14:47:08+02:00" level=info msg="Stored module modules/security/iam/service-account" repository_id=949325989
time="2025-04-30T14:47:08+02:00" level=info msg="Stored module modules/security/kms/crypto-key" repository_id=949325989
time="2025-04-30T14:47:08+02:00" level=info msg="Stored module modules/security/kms/keyring" repository_id=949325989
time="2025-04-30T14:47:08+02:00" level=info msg="Stored module modules/security/secret-manager" repository_id=949325989
time="2025-04-30T14:47:08+02:00" level=info msg="Stored module modules/security/vpc-service-controls" repository_id=949325989
time="2025-04-30T14:47:08+02:00" level=info msg="Stored module modules/storage/filestore" repository_id=949325989
time="2025-04-30T14:47:08+02:00" level=info msg="Stored module modules/storage/gcs/bucket" repository_id=949325989
time="2025-04-30T14:47:08+02:00" level=info msg="Stored module modules/storage/gcs/bucket-iam" repository_id=949325989
time="2025-04-30T14:47:09+02:00" level=debug msg="Found 0 module directories" repository_id=947326135 worker_id=4
time="2025-04-30T14:47:09+02:00" level=info msg="Analyzed 0 modules" repository_id=947326135 worker_id=4
time="2025-04-30T14:47:09+02:00" level=info msg="Created TAR GZ file repositories/947326135.tar.gz" repository_id=947326135 worker_id=4
time="2025-04-30T14:47:09+02:00" level=info msg="Removed repository directory repositories/947326135" repository_id=947326135 worker_id=4
time="2025-04-30T14:47:09+02:00" level=info msg="Processing repository 951501606" repository_id=951501606 worker_id=4
time="2025-04-30T14:47:09+02:00" level=info msg="Cloning https://github.com/v-omelai/raspberry-llm-infra.git" repository_id=951501606 worker_id=4
time="2025-04-30T14:47:09+02:00" level=info msg="Updated commit SHA 6a16d2b053c9f44c963a0e73abe8351113356f3d" repository_id=947326135
time="2025-04-30T14:47:10+02:00" level=debug msg="Found 1 module directories" repository_id=947748100 worker_id=5
time="2025-04-30T14:47:10+02:00" level=info msg="Analyzed 1 modules" repository_id=947748100 worker_id=5
time="2025-04-30T14:47:10+02:00" level=info msg="Created TAR GZ file repositories/947748100.tar.gz" repository_id=947748100 worker_id=5
time="2025-04-30T14:47:10+02:00" level=info msg="Removed repository directory repositories/947748100" repository_id=947748100 worker_id=5
time="2025-04-30T14:47:10+02:00" level=info msg="Processing repository 951558087" repository_id=951558087 worker_id=5
time="2025-04-30T14:47:10+02:00" level=info msg="Cloning https://github.com/arbaaz29/e-commerce-tf.git" repository_id=951558087 worker_id=5
time="2025-04-30T14:47:10+02:00" level=info msg="Updated commit SHA aed5815c75dff3b8253212f6c3521f08ee39cb76" repository_id=947748100
time="2025-04-30T14:47:10+02:00" level=info msg="Stored module terraform" repository_id=947748100
time="2025-04-30T14:47:13+02:00" level=debug msg="Found 3 module directories" repository_id=949610052 worker_id=3
time="2025-04-30T14:47:13+02:00" level=info msg="Analyzed 3 modules" repository_id=949610052 worker_id=3
time="2025-04-30T14:47:13+02:00" level=info msg="Created TAR GZ file repositories/949610052.tar.gz" repository_id=949610052 worker_id=3
time="2025-04-30T14:47:13+02:00" level=info msg="Removed repository directory repositories/949610052" repository_id=949610052 worker_id=3
time="2025-04-30T14:47:13+02:00" level=info msg="Processing repository 952186281" repository_id=952186281 worker_id=3
time="2025-04-30T14:47:13+02:00" level=info msg="Cloning https://github.com/timfpark/ai-reference.git" repository_id=952186281 worker_id=3
time="2025-04-30T14:47:13+02:00" level=info msg="Updated commit SHA 277020150b553ef851de001509572e3dadd43692" repository_id=949610052
time="2025-04-30T14:47:13+02:00" level=info msg="Stored module infra/ingestion" repository_id=949610052
time="2025-04-30T14:47:13+02:00" level=info msg="Stored module infra" repository_id=949610052
time="2025-04-30T14:47:13+02:00" level=info msg="Stored module infra/timeseries-store" repository_id=949610052
time="2025-04-30T14:47:14+02:00" level=debug msg="Found 1 module directories" repository_id=950933875 worker_id=6
time="2025-04-30T14:47:14+02:00" level=info msg="Analyzed 1 modules" repository_id=950933875 worker_id=6
time="2025-04-30T14:47:14+02:00" level=info msg="Created TAR GZ file repositories/950933875.tar.gz" repository_id=950933875 worker_id=6
time="2025-04-30T14:47:14+02:00" level=info msg="Removed repository directory repositories/950933875" repository_id=950933875 worker_id=6
time="2025-04-30T14:47:14+02:00" level=info msg="Processing repository 952257345" repository_id=952257345 worker_id=6
time="2025-04-30T14:47:14+02:00" level=info msg="Cloning https://github.com/raynayam/Microservices-Deployment-Framework.git" repository_id=952257345 worker_id=6
time="2025-04-30T14:47:14+02:00" level=info msg="Updated commit SHA b5dbd4c35be791c59e72e21ef70208893b1869fb" repository_id=950933875
time="2025-04-30T14:47:14+02:00" level=info msg="Stored module ." repository_id=950933875
time="2025-04-30T14:47:18+02:00" level=debug msg="Found 1 module directories" repository_id=947757633 worker_id=1
time="2025-04-30T14:47:18+02:00" level=info msg="Analyzed 1 modules" repository_id=947757633 worker_id=1
time="2025-04-30T14:47:18+02:00" level=info msg="Created TAR GZ file repositories/947757633.tar.gz" repository_id=947757633 worker_id=1
time="2025-04-30T14:47:18+02:00" level=info msg="Removed repository directory repositories/947757633" repository_id=947757633 worker_id=1
time="2025-04-30T14:47:18+02:00" level=info msg="Processing repository 952380011" repository_id=952380011 worker_id=1
time="2025-04-30T14:47:18+02:00" level=info msg="Cloning https://github.com/atkaridarshan04/AWS-Cloud-Lab.git" repository_id=952380011 worker_id=1
time="2025-04-30T14:47:18+02:00" level=info msg="Updated commit SHA 8de23dab41810274bf800dd3823ff96409d6ff9e" repository_id=947757633
time="2025-04-30T14:47:18+02:00" level=info msg="Stored module terraform" repository_id=947757633
time="2025-04-30T14:47:19+02:00" level=debug msg="Found 1 module directories" repository_id=950033808 worker_id=2
time="2025-04-30T14:47:19+02:00" level=info msg="Analyzed 1 modules" repository_id=950033808 worker_id=2
time="2025-04-30T14:47:19+02:00" level=info msg="Created TAR GZ file repositories/950033808.tar.gz" repository_id=950033808 worker_id=2
time="2025-04-30T14:47:19+02:00" level=info msg="Removed repository directory repositories/950033808" repository_id=950033808 worker_id=2
time="2025-04-30T14:47:19+02:00" level=info msg="Processing repository 952557102" repository_id=952557102 worker_id=2
time="2025-04-30T14:47:19+02:00" level=info msg="Cloning https://github.com/Millefeuille42/coder-xcp-xoa-template.git" repository_id=952557102 worker_id=2
time="2025-04-30T14:47:19+02:00" level=info msg="Updated commit SHA 47642fb70b551c61cf137d28dad3ed1965f6a942" repository_id=950033808
time="2025-04-30T14:47:19+02:00" level=info msg="Stored module ." repository_id=950033808
time="2025-04-30T14:47:20+02:00" level=debug msg="Found 1 module directories" repository_id=951501606 worker_id=4
time="2025-04-30T14:47:20+02:00" level=info msg="Analyzed 1 modules" repository_id=951501606 worker_id=4
time="2025-04-30T14:47:20+02:00" level=info msg="Created TAR GZ file repositories/951501606.tar.gz" repository_id=951501606 worker_id=4
time="2025-04-30T14:47:20+02:00" level=info msg="Removed repository directory repositories/951501606" repository_id=951501606 worker_id=4
time="2025-04-30T14:47:20+02:00" level=info msg="Processing repository 952701117" repository_id=952701117 worker_id=4
time="2025-04-30T14:47:20+02:00" level=info msg="Cloning https://github.com/txnenterprise/terraform-aws-module-ecs.git" repository_id=952701117 worker_id=4
time="2025-04-30T14:47:20+02:00" level=info msg="Updated commit SHA aadd0189e7bb78d21e2eb250651164d7dfc470d3" repository_id=951501606
time="2025-04-30T14:47:20+02:00" level=info msg="Stored module terraform" repository_id=951501606
time="2025-04-30T14:47:21+02:00" level=debug msg="Found 4 module directories" repository_id=952257345 worker_id=6
time="2025-04-30T14:47:21+02:00" level=info msg="Analyzed 4 modules" repository_id=952257345 worker_id=6
time="2025-04-30T14:47:21+02:00" level=info msg="Created TAR GZ file repositories/952257345.tar.gz" repository_id=952257345 worker_id=6
time="2025-04-30T14:47:21+02:00" level=info msg="Removed repository directory repositories/952257345" repository_id=952257345 worker_id=6
time="2025-04-30T14:47:21+02:00" level=info msg="Processing repository 952814997" repository_id=952814997 worker_id=6
time="2025-04-30T14:47:21+02:00" level=info msg="Cloning https://github.com/jonpulsifer/infra.git" repository_id=952814997 worker_id=6
time="2025-04-30T14:47:21+02:00" level=info msg="Updated commit SHA 1127d2375d832e97c31ecf9fc083720b86f43055" repository_id=952257345
time="2025-04-30T14:47:21+02:00" level=info msg="Stored module infrastructure/terraform" repository_id=952257345
time="2025-04-30T14:47:21+02:00" level=info msg="Stored module infrastructure/terraform/modules/eks" repository_id=952257345
time="2025-04-30T14:47:21+02:00" level=info msg="Stored module infrastructure/terraform/modules/kubernetes-addons" repository_id=952257345
time="2025-04-30T14:47:21+02:00" level=info msg="Stored module infrastructure/terraform/modules/vpc" repository_id=952257345
time="2025-04-30T14:47:24+02:00" level=debug msg="Found 1 module directories" repository_id=951558087 worker_id=5
time="2025-04-30T14:47:24+02:00" level=info msg="Analyzed 1 modules" repository_id=951558087 worker_id=5
time="2025-04-30T14:47:24+02:00" level=info msg="Created TAR GZ file repositories/951558087.tar.gz" repository_id=951558087 worker_id=5
time="2025-04-30T14:47:24+02:00" level=info msg="Removed repository directory repositories/951558087" repository_id=951558087 worker_id=5
time="2025-04-30T14:47:24+02:00" level=info msg="Processing repository 952998707" repository_id=952998707 worker_id=5
time="2025-04-30T14:47:24+02:00" level=info msg="Cloning https://github.com/Sunwood-ai-labs/eks-sandbox.git" repository_id=952998707 worker_id=5
time="2025-04-30T14:47:24+02:00" level=info msg="Updated commit SHA eb75c117630579f4b6e04ea224dd32b8f36ab27f" repository_id=951558087
time="2025-04-30T14:47:24+02:00" level=info msg="Stored module ." repository_id=951558087
time="2025-04-30T14:47:25+02:00" level=debug msg="Found 1 module directories" repository_id=952557102 worker_id=2
time="2025-04-30T14:47:25+02:00" level=info msg="Analyzed 1 modules" repository_id=952557102 worker_id=2
time="2025-04-30T14:47:25+02:00" level=info msg="Created TAR GZ file repositories/952557102.tar.gz" repository_id=952557102 worker_id=2
time="2025-04-30T14:47:25+02:00" level=info msg="Removed repository directory repositories/952557102" repository_id=952557102 worker_id=2
time="2025-04-30T14:47:25+02:00" level=info msg="Processing repository 953827147" repository_id=953827147 worker_id=2
time="2025-04-30T14:47:25+02:00" level=info msg="Cloning https://github.com/angeline-hilda/OCI-PostgreSQL.git" repository_id=953827147 worker_id=2
time="2025-04-30T14:47:25+02:00" level=info msg="Updated commit SHA f8d8b3bba043210e29b9e1d1acbf5060ca2bc2f3" repository_id=952557102
time="2025-04-30T14:47:25+02:00" level=info msg="Stored module ." repository_id=952557102
time="2025-04-30T14:47:25+02:00" level=debug msg="Found 1 module directories" repository_id=952701117 worker_id=4
time="2025-04-30T14:47:25+02:00" level=info msg="Analyzed 1 modules" repository_id=952701117 worker_id=4
time="2025-04-30T14:47:25+02:00" level=info msg="Created TAR GZ file repositories/952701117.tar.gz" repository_id=952701117 worker_id=4
time="2025-04-30T14:47:25+02:00" level=info msg="Removed repository directory repositories/952701117" repository_id=952701117 worker_id=4
time="2025-04-30T14:47:25+02:00" level=info msg="Processing repository 954394951" repository_id=954394951 worker_id=4
time="2025-04-30T14:47:25+02:00" level=info msg="Cloning https://github.com/jhermesn/EC2TutorialTF.git" repository_id=954394951 worker_id=4
time="2025-04-30T14:47:25+02:00" level=info msg="Updated commit SHA 0eae951939562568a08b3915ab37427af026ec1e" repository_id=952701117
time="2025-04-30T14:47:25+02:00" level=info msg="Stored module ." repository_id=952701117
time="2025-04-30T14:47:33+02:00" level=debug msg="Found 15 module directories" repository_id=952814997 worker_id=6
time="2025-04-30T14:47:33+02:00" level=info msg="Analyzed 15 modules" repository_id=952814997 worker_id=6
time="2025-04-30T14:47:33+02:00" level=info msg="Created TAR GZ file repositories/952814997.tar.gz" repository_id=952814997 worker_id=6
time="2025-04-30T14:47:33+02:00" level=info msg="Removed repository directory repositories/952814997" repository_id=952814997 worker_id=6
time="2025-04-30T14:47:33+02:00" level=info msg="Processing repository 954537648" repository_id=954537648 worker_id=6
time="2025-04-30T14:47:33+02:00" level=info msg="Cloning https://github.com/saviynt/skeleton-terraform-project.git" repository_id=954537648 worker_id=6
time="2025-04-30T14:47:33+02:00" level=info msg="Updated commit SHA 7f0f40959c18479a3f72cbbf7aedd4202dd012da" repository_id=952814997
time="2025-04-30T14:47:33+02:00" level=info msg="Stored module argo" repository_id=952814997
time="2025-04-30T14:47:33+02:00" level=info msg="Stored module cloudflare" repository_id=952814997
time="2025-04-30T14:47:33+02:00" level=info msg="Stored module gcp/organization" repository_id=952814997
time="2025-04-30T14:47:33+02:00" level=info msg="Stored module gcp/organization/modules/project" repository_id=952814997
time="2025-04-30T14:47:33+02:00" level=info msg="Stored module gcp/projects/firebees" repository_id=952814997
time="2025-04-30T14:47:33+02:00" level=info msg="Stored module gcp/projects/homelab-ng" repository_id=952814997
time="2025-04-30T14:47:34+02:00" level=info msg="Stored module gcp/projects/jonpulsifer" repository_id=952814997
time="2025-04-30T14:47:34+02:00" level=info msg="Stored module gcp/projects/kubesec" repository_id=952814997
time="2025-04-30T14:47:34+02:00" level=info msg="Stored module gcp/projects/lolcorp" repository_id=952814997
time="2025-04-30T14:47:34+02:00" level=info msg="Stored module gcp/projects/trusted-builds" repository_id=952814997
time="2025-04-30T14:47:34+02:00" level=info msg="Stored module gcp/projects/wishin-app" repository_id=952814997
time="2025-04-30T14:47:34+02:00" level=info msg="Stored module k8s/flux" repository_id=952814997
time="2025-04-30T14:47:34+02:00" level=info msg="Stored module unifi" repository_id=952814997
time="2025-04-30T14:47:34+02:00" level=info msg="Stored module vault" repository_id=952814997
time="2025-04-30T14:47:34+02:00" level=info msg="Stored module workspace" repository_id=952814997
time="2025-04-30T14:47:37+02:00" level=debug msg="Found 1 module directories" repository_id=954394951 worker_id=4
time="2025-04-30T14:47:37+02:00" level=info msg="Analyzed 1 modules" repository_id=954394951 worker_id=4
time="2025-04-30T14:47:37+02:00" level=info msg="Created TAR GZ file repositories/954394951.tar.gz" repository_id=954394951 worker_id=4
time="2025-04-30T14:47:37+02:00" level=info msg="Removed repository directory repositories/954394951" repository_id=954394951 worker_id=4
time="2025-04-30T14:47:37+02:00" level=info msg="Processing repository 955191400" repository_id=955191400 worker_id=4
time="2025-04-30T14:47:37+02:00" level=info msg="Cloning https://github.com/aws-samples/sample-developer-environment.git" repository_id=955191400 worker_id=4
time="2025-04-30T14:47:37+02:00" level=info msg="Updated commit SHA b0e852b8191dde6dca6e5a05d255a2f320f4b186" repository_id=954394951
time="2025-04-30T14:47:37+02:00" level=info msg="Stored module tf" repository_id=954394951
time="2025-04-30T14:47:37+02:00" level=debug msg="Found 30 module directories" repository_id=952186281 worker_id=3
time="2025-04-30T14:47:37+02:00" level=info msg="Analyzed 30 modules" repository_id=952186281 worker_id=3
time="2025-04-30T14:47:37+02:00" level=info msg="Created TAR GZ file repositories/952186281.tar.gz" repository_id=952186281 worker_id=3
time="2025-04-30T14:47:37+02:00" level=info msg="Removed repository directory repositories/952186281" repository_id=952186281 worker_id=3
time="2025-04-30T14:47:37+02:00" level=info msg="Processing repository 955376415" repository_id=955376415 worker_id=3
time="2025-04-30T14:47:37+02:00" level=info msg="Cloning https://github.com/ofirc/ingress-nightmare.git" repository_id=955376415 worker_id=3
time="2025-04-30T14:47:37+02:00" level=info msg="Updated commit SHA 3897071e14bcfebed463ad4d3f0bda26cec87ac5" repository_id=952186281
time="2025-04-30T14:47:37+02:00" level=info msg="Stored module build-infra/github-runner-durable-resources" repository_id=952186281
time="2025-04-30T14:47:37+02:00" level=info msg="Stored module build-infra/github-runner-ra-resources/job" repository_id=952186281
time="2025-04-30T14:47:37+02:00" level=info msg="Stored module build-infra/github-runner-ra-resources" repository_id=952186281
time="2025-04-30T14:47:37+02:00" level=info msg="Stored module modules/acr" repository_id=952186281
time="2025-04-30T14:47:37+02:00" level=info msg="Stored module modules/ai" repository_id=952186281
time="2025-04-30T14:47:37+02:00" level=info msg="Stored module modules/aisearch" repository_id=952186281
time="2025-04-30T14:47:37+02:00" level=info msg="Stored module modules/aml" repository_id=952186281
time="2025-04-30T14:47:37+02:00" level=info msg="Stored module modules/app_service" repository_id=952186281
time="2025-04-30T14:47:37+02:00" level=info msg="Stored module modules/appinsights" repository_id=952186281
time="2025-04-30T14:47:37+02:00" level=info msg="Stored module modules/application_gateway" repository_id=952186281
time="2025-04-30T14:47:37+02:00" level=info msg="Stored module modules/azure_monitor_private_link_scope" repository_id=952186281
time="2025-04-30T14:47:37+02:00" level=info msg="Stored module modules/azure_openai" repository_id=952186281
time="2025-04-30T14:47:37+02:00" level=info msg="Stored module modules/azureai_contentsafety" repository_id=952186281
time="2025-04-30T14:47:37+02:00" level=info msg="Stored module modules/core" repository_id=952186281
time="2025-04-30T14:47:37+02:00" level=info msg="Stored module modules/core_security_groups" repository_id=952186281
time="2025-04-30T14:47:37+02:00" level=info msg="Stored module modules/cosmos_db" repository_id=952186281
time="2025-04-30T14:47:37+02:00" level=info msg="Stored module modules/ddos_protection_plan" repository_id=952186281
time="2025-04-30T14:47:37+02:00" level=info msg="Stored module modules/defender_for_cloud" repository_id=952186281
time="2025-04-30T14:47:37+02:00" level=info msg="Stored module modules/dns_resolver" repository_id=952186281
time="2025-04-30T14:47:37+02:00" level=info msg="Stored module modules/document_intelligence" repository_id=952186281
time="2025-04-30T14:47:37+02:00" level=info msg="Stored module modules/keyvault" repository_id=952186281
time="2025-04-30T14:47:37+02:00" level=info msg="Stored module modules/loganalytics" repository_id=952186281
time="2025-04-30T14:47:37+02:00" level=info msg="Stored module modules/nat_gateway" repository_id=952186281
time="2025-04-30T14:47:37+02:00" level=info msg="Stored module modules/private_dns_zones" repository_id=952186281
time="2025-04-30T14:47:37+02:00" level=info msg="Stored module modules/rai_policies" repository_id=952186281
time="2025-04-30T14:47:37+02:00" level=info msg="Stored module modules/storage_account" repository_id=952186281
time="2025-04-30T14:47:37+02:00" level=info msg="Stored module modules/virtual_network" repository_id=952186281
time="2025-04-30T14:47:37+02:00" level=info msg="Stored module modules/virtual_network_gateway_vpn" repository_id=952186281
time="2025-04-30T14:47:37+02:00" level=info msg="Stored module reference_architectures/secure_aml" repository_id=952186281
time="2025-04-30T14:47:37+02:00" level=info msg="Stored module reference_architectures/secure_aml_rag" repository_id=952186281
time="2025-04-30T14:47:40+02:00" level=debug msg="Found 7 module directories" repository_id=953827147 worker_id=2
time="2025-04-30T14:47:40+02:00" level=info msg="Analyzed 7 modules" repository_id=953827147 worker_id=2
time="2025-04-30T14:47:40+02:00" level=info msg="Created TAR GZ file repositories/953827147.tar.gz" repository_id=953827147 worker_id=2
time="2025-04-30T14:47:40+02:00" level=info msg="Removed repository directory repositories/953827147" repository_id=953827147 worker_id=2
time="2025-04-30T14:47:40+02:00" level=info msg="Processing repository 955657439" repository_id=955657439 worker_id=2
time="2025-04-30T14:47:40+02:00" level=info msg="Cloning https://github.com/aws-samples/sample-pace-data-analytics-ml-ai.git" repository_id=955657439 worker_id=2
time="2025-04-30T14:47:40+02:00" level=info msg="Updated commit SHA 387e81a17c951cb70ce76a8303dd7a4622ced524" repository_id=953827147
time="2025-04-30T14:47:40+02:00" level=info msg="Stored module ." repository_id=953827147
time="2025-04-30T14:47:40+02:00" level=info msg="Stored module network" repository_id=953827147
time="2025-04-30T14:47:40+02:00" level=info msg="Stored module postgresql/backup" repository_id=953827147
time="2025-04-30T14:47:40+02:00" level=info msg="Stored module postgresql/config" repository_id=953827147
time="2025-04-30T14:47:40+02:00" level=info msg="Stored module postgresql/db_custom" repository_id=953827147
time="2025-04-30T14:47:40+02:00" level=info msg="Stored module postgresql/db_system" repository_id=953827147
time="2025-04-30T14:47:40+02:00" level=info msg="Stored module postgresql/monitoring" repository_id=953827147
time="2025-04-30T14:47:41+02:00" level=debug msg="Found 4 module directories" repository_id=952998707 worker_id=5
time="2025-04-30T14:47:41+02:00" level=info msg="Analyzed 4 modules" repository_id=952998707 worker_id=5
time="2025-04-30T14:47:41+02:00" level=info msg="Created TAR GZ file repositories/952998707.tar.gz" repository_id=952998707 worker_id=5
time="2025-04-30T14:47:41+02:00" level=info msg="Removed repository directory repositories/952998707" repository_id=952998707 worker_id=5
time="2025-04-30T14:47:41+02:00" level=info msg="Processing repository 955725565" repository_id=955725565 worker_id=5
time="2025-04-30T14:47:41+02:00" level=info msg="Cloning https://github.com/DipanshuRawat/EKS-Terraform.git" repository_id=955725565 worker_id=5
time="2025-04-30T14:47:41+02:00" level=info msg="Updated commit SHA c072b7e875940fca3bed22c83c00d0b1c3ade975" repository_id=952998707
time="2025-04-30T14:47:41+02:00" level=info msg="Stored module example/eks-shared-resources-auto-deploy/terraform" repository_id=952998707
time="2025-04-30T14:47:41+02:00" level=info msg="Stored module example/eks-terraform-gradio-sample" repository_id=952998707
time="2025-04-30T14:47:41+02:00" level=info msg="Stored module example/eks-terraform-share-resource/terraform" repository_id=952998707
time="2025-04-30T14:47:41+02:00" level=info msg="Stored module example/eks-terraform-share-resources-route53/terraform" repository_id=952998707
time="2025-04-30T14:47:47+02:00" level=debug msg="Found 1 module directories" repository_id=955376415 worker_id=3
time="2025-04-30T14:47:47+02:00" level=info msg="Analyzed 1 modules" repository_id=955376415 worker_id=3
time="2025-04-30T14:47:47+02:00" level=info msg="Created TAR GZ file repositories/955376415.tar.gz" repository_id=955376415 worker_id=3
time="2025-04-30T14:47:47+02:00" level=info msg="Removed repository directory repositories/955376415" repository_id=955376415 worker_id=3
time="2025-04-30T14:47:47+02:00" level=info msg="Processing repository 956153144" repository_id=956153144 worker_id=3
time="2025-04-30T14:47:47+02:00" level=info msg="Cloning https://github.com/renatogroffe/AzureDevOps-KICS-Terraform-AKS.git" repository_id=956153144 worker_id=3
time="2025-04-30T14:47:47+02:00" level=info msg="Updated commit SHA 698ff821f00359a6b31546a9767fd48c8804e2e5" repository_id=955376415
time="2025-04-30T14:47:47+02:00" level=info msg="Stored module ." repository_id=955376415
time="2025-04-30T14:47:49+02:00" level=debug msg="Found 1 module directories" repository_id=955725565 worker_id=5
time="2025-04-30T14:47:49+02:00" level=info msg="Analyzed 1 modules" repository_id=955725565 worker_id=5
time="2025-04-30T14:47:49+02:00" level=info msg="Created TAR GZ file repositories/955725565.tar.gz" repository_id=955725565 worker_id=5
time="2025-04-30T14:47:49+02:00" level=info msg="Removed repository directory repositories/955725565" repository_id=955725565 worker_id=5
time="2025-04-30T14:47:49+02:00" level=info msg="Processing repository 956453461" repository_id=956453461 worker_id=5
time="2025-04-30T14:47:49+02:00" level=info msg="Cloning https://github.com/langfuse/langfuse-terraform-aws.git" repository_id=956453461 worker_id=5
time="2025-04-30T14:47:49+02:00" level=info msg="Updated commit SHA f2c9806766d01d1b3aed28d83a3538955d2dda81" repository_id=955725565
time="2025-04-30T14:47:49+02:00" level=info msg="Stored module ." repository_id=955725565
time="2025-04-30T14:47:53+02:00" level=debug msg="Found 1 module directories" repository_id=955191400 worker_id=4
time="2025-04-30T14:47:53+02:00" level=info msg="Analyzed 1 modules" repository_id=955191400 worker_id=4
time="2025-04-30T14:47:53+02:00" level=info msg="Created TAR GZ file repositories/955191400.tar.gz" repository_id=955191400 worker_id=4
time="2025-04-30T14:47:53+02:00" level=info msg="Removed repository directory repositories/955191400" repository_id=955191400 worker_id=4
time="2025-04-30T14:47:53+02:00" level=info msg="Processing repository 956561846" repository_id=956561846 worker_id=4
time="2025-04-30T14:47:53+02:00" level=info msg="Cloning https://github.com/consultomer/EntraApp.git" repository_id=956561846 worker_id=4
time="2025-04-30T14:47:53+02:00" level=info msg="Updated commit SHA 125be43d6db8b26812dd5c2e89915926f2ea420f" repository_id=955191400
time="2025-04-30T14:47:53+02:00" level=info msg="Stored module release" repository_id=955191400
time="2025-04-30T14:47:54+02:00" level=debug msg="Found 1 module directories" repository_id=956153144 worker_id=3
time="2025-04-30T14:47:54+02:00" level=info msg="Analyzed 1 modules" repository_id=956153144 worker_id=3
time="2025-04-30T14:47:54+02:00" level=info msg="Created TAR GZ file repositories/956153144.tar.gz" repository_id=956153144 worker_id=3
time="2025-04-30T14:47:54+02:00" level=info msg="Removed repository directory repositories/956153144" repository_id=956153144 worker_id=3
time="2025-04-30T14:47:54+02:00" level=info msg="Processing repository 956810385" repository_id=956810385 worker_id=3
time="2025-04-30T14:47:54+02:00" level=info msg="Cloning https://github.com/anveshmuppeda/EKS-Troubleshooting-AI-Assistant.git" repository_id=956810385 worker_id=3
time="2025-04-30T14:47:54+02:00" level=info msg="Updated commit SHA 92e579e29d90689b380c1ab625904abeab2a9ccf" repository_id=956153144
time="2025-04-30T14:47:54+02:00" level=info msg="Stored module src" repository_id=956153144
time="2025-04-30T14:48:04+02:00" level=debug msg="Found 2 module directories" repository_id=956453461 worker_id=5
time="2025-04-30T14:48:04+02:00" level=info msg="Analyzed 2 modules" repository_id=956453461 worker_id=5
time="2025-04-30T14:48:04+02:00" level=info msg="Created TAR GZ file repositories/956453461.tar.gz" repository_id=956453461 worker_id=5
time="2025-04-30T14:48:04+02:00" level=info msg="Removed repository directory repositories/956453461" repository_id=956453461 worker_id=5
time="2025-04-30T14:48:04+02:00" level=info msg="Processing repository 957119246" repository_id=957119246 worker_id=5
time="2025-04-30T14:48:04+02:00" level=info msg="Cloning https://github.com/pooyanazad/Web-Development-Infrastructure-on-AWS.git" repository_id=957119246 worker_id=5
time="2025-04-30T14:48:04+02:00" level=info msg="Updated commit SHA 5631a029a56ea7e1cf8a0310d20ca282bd7b10a9" repository_id=956453461
time="2025-04-30T14:48:04+02:00" level=info msg="Stored module ." repository_id=956453461
time="2025-04-30T14:48:04+02:00" level=info msg="Stored module examples/quickstart" repository_id=956453461
time="2025-04-30T14:48:08+02:00" level=debug msg="Found 1 module directories" repository_id=956561846 worker_id=4
time="2025-04-30T14:48:08+02:00" level=info msg="Analyzed 1 modules" repository_id=956561846 worker_id=4
time="2025-04-30T14:48:08+02:00" level=info msg="Created TAR GZ file repositories/956561846.tar.gz" repository_id=956561846 worker_id=4
time="2025-04-30T14:48:08+02:00" level=info msg="Removed repository directory repositories/956561846" repository_id=956561846 worker_id=4
time="2025-04-30T14:48:08+02:00" level=info msg="Processing repository 957176447" repository_id=957176447 worker_id=4
time="2025-04-30T14:48:08+02:00" level=info msg="Cloning https://github.com/dkontango/infra.git" repository_id=957176447 worker_id=4
time="2025-04-30T14:48:08+02:00" level=info msg="Updated commit SHA 60730b5bd14cc9a0108961f3952761164ef09505" repository_id=956561846
time="2025-04-30T14:48:08+02:00" level=info msg="Stored module iac" repository_id=956561846
time="2025-04-30T14:48:13+02:00" level=debug msg="Found 6 module directories" repository_id=952380011 worker_id=1
time="2025-04-30T14:48:13+02:00" level=info msg="Analyzed 6 modules" repository_id=952380011 worker_id=1
time="2025-04-30T14:48:13+02:00" level=info msg="Created TAR GZ file repositories/952380011.tar.gz" repository_id=952380011 worker_id=1
time="2025-04-30T14:48:13+02:00" level=info msg="Removed repository directory repositories/952380011" repository_id=952380011 worker_id=1
time="2025-04-30T14:48:13+02:00" level=info msg="Processing repository 957496449" repository_id=957496449 worker_id=1
time="2025-04-30T14:48:13+02:00" level=info msg="Cloning https://github.com/nsgowebjavaprog/devops-course.git" repository_id=957496449 worker_id=1
time="2025-04-30T14:48:13+02:00" level=info msg="Updated commit SHA 60724f51a65390f06f0dcb8dc66b17aca3c2651d" repository_id=952380011
time="2025-04-30T14:48:13+02:00" level=info msg="Stored module custom-vpc-with-ec2-autoscaling/terraform/infra" repository_id=952380011
time="2025-04-30T14:48:13+02:00" level=info msg="Stored module custom-vpc-with-ec2-autoscaling/terraform" repository_id=952380011
time="2025-04-30T14:48:13+02:00" level=info msg="Stored module serverless-url-shortener/terraform" repository_id=952380011
time="2025-04-30T14:48:13+02:00" level=info msg="Stored module static-website-hosting/terraform" repository_id=952380011
time="2025-04-30T14:48:13+02:00" level=info msg="Stored module terraform-remote-backend/backend-infra" repository_id=952380011
time="2025-04-30T14:48:13+02:00" level=info msg="Stored module terraform-remote-backend" repository_id=952380011
time="2025-04-30T14:48:22+02:00" level=debug msg="Found 1 module directories" repository_id=957119246 worker_id=5
time="2025-04-30T14:48:22+02:00" level=info msg="Analyzed 1 modules" repository_id=957119246 worker_id=5
time="2025-04-30T14:48:22+02:00" level=info msg="Created TAR GZ file repositories/957119246.tar.gz" repository_id=957119246 worker_id=5
time="2025-04-30T14:48:22+02:00" level=info msg="Removed repository directory repositories/957119246" repository_id=957119246 worker_id=5
time="2025-04-30T14:48:22+02:00" level=info msg="Processing repository 957708764" repository_id=957708764 worker_id=5
time="2025-04-30T14:48:22+02:00" level=info msg="Cloning https://github.com/yash509/DevSecOps-Candy-Store-WebApp-Deployment.git" repository_id=957708764 worker_id=5
time="2025-04-30T14:48:22+02:00" level=info msg="Updated commit SHA 6e1d80ae9e47810971fd7dc0ee8a089cedd99905" repository_id=957119246
time="2025-04-30T14:48:22+02:00" level=info msg="Stored module ." repository_id=957119246
time="2025-04-30T14:48:24+02:00" level=debug msg="Found 4 module directories" repository_id=949097370 worker_id=7
time="2025-04-30T14:48:24+02:00" level=info msg="Analyzed 4 modules" repository_id=949097370 worker_id=7
time="2025-04-30T14:48:25+02:00" level=info msg="Created TAR GZ file repositories/949097370.tar.gz" repository_id=949097370 worker_id=7
time="2025-04-30T14:48:25+02:00" level=info msg="Removed repository directory repositories/949097370" repository_id=949097370 worker_id=7
time="2025-04-30T14:48:25+02:00" level=info msg="Processing repository 958007485" repository_id=958007485 worker_id=7
time="2025-04-30T14:48:25+02:00" level=info msg="Cloning https://github.com/saideepthi422/Terraform-EKS.git" repository_id=958007485 worker_id=7
time="2025-04-30T14:48:25+02:00" level=info msg="Updated commit SHA 45930bdaea26bba31b75e80f005b677d4f6b26fc" repository_id=949097370
time="2025-04-30T14:48:25+02:00" level=info msg="Stored module CodeSamples/Terraform/Class1" repository_id=949097370
time="2025-04-30T14:48:25+02:00" level=info msg="Stored module CodeSamples/Terraform/Class2" repository_id=949097370
time="2025-04-30T14:48:25+02:00" level=info msg="Stored module CodeSamples/Terraform/Class3" repository_id=949097370
time="2025-04-30T14:48:25+02:00" level=info msg="Stored module CodeSamples/Terraform/Class4" repository_id=949097370
time="2025-04-30T14:48:32+02:00" level=debug msg="Found 8 module directories" repository_id=957176447 worker_id=4
time="2025-04-30T14:48:32+02:00" level=info msg="Analyzed 8 modules" repository_id=957176447 worker_id=4
time="2025-04-30T14:48:32+02:00" level=info msg="Created TAR GZ file repositories/957176447.tar.gz" repository_id=957176447 worker_id=4
time="2025-04-30T14:48:32+02:00" level=info msg="Removed repository directory repositories/957176447" repository_id=957176447 worker_id=4
time="2025-04-30T14:48:32+02:00" level=info msg="Processing repository 958145136" repository_id=958145136 worker_id=4
time="2025-04-30T14:48:32+02:00" level=info msg="Updated commit SHA 057b203214a56ddb767886de170cde0eb970d8a7" repository_id=957176447
time="2025-04-30T14:48:32+02:00" level=info msg="Cloning https://github.com/Aiven-Labs/terraform-cookbook.git" repository_id=958145136 worker_id=4
time="2025-04-30T14:48:32+02:00" level=info msg="Stored module tofu/home-assistant" repository_id=957176447
time="2025-04-30T14:48:32+02:00" level=info msg="Stored module tofu/kubernetes/bootstrap/proxmox-csi-plugin" repository_id=957176447
time="2025-04-30T14:48:32+02:00" level=info msg="Stored module tofu/kubernetes/bootstrap/sealed-secrets" repository_id=957176447
time="2025-04-30T14:48:32+02:00" level=info msg="Stored module tofu/kubernetes/bootstrap/volumes" repository_id=957176447
time="2025-04-30T14:48:32+02:00" level=info msg="Stored module tofu/kubernetes/bootstrap/volumes/persistent-volume" repository_id=957176447
time="2025-04-30T14:48:32+02:00" level=info msg="Stored module tofu/kubernetes/bootstrap/volumes/proxmox-volume" repository_id=957176447
time="2025-04-30T14:48:32+02:00" level=info msg="Stored module tofu/kubernetes" repository_id=957176447
time="2025-04-30T14:48:32+02:00" level=info msg="Stored module tofu/kubernetes/talos" repository_id=957176447
time="2025-04-30T14:48:37+02:00" level=debug msg="Found 1 module directories" repository_id=958007485 worker_id=7
time="2025-04-30T14:48:37+02:00" level=info msg="Analyzed 1 modules" repository_id=958007485 worker_id=7
time="2025-04-30T14:48:37+02:00" level=info msg="Created TAR GZ file repositories/958007485.tar.gz" repository_id=958007485 worker_id=7
time="2025-04-30T14:48:37+02:00" level=info msg="Removed repository directory repositories/958007485" repository_id=958007485 worker_id=7
time="2025-04-30T14:48:37+02:00" level=info msg="Processing repository 958323747" repository_id=958323747 worker_id=7
time="2025-04-30T14:48:37+02:00" level=info msg="Cloning https://github.com/nholuongut/seafile-ec2-s3-terraform.git" repository_id=958323747 worker_id=7
time="2025-04-30T14:48:37+02:00" level=info msg="Updated commit SHA 4340490fe83ddd7ec9901b0c716b39a3968149d7" repository_id=958007485
time="2025-04-30T14:48:37+02:00" level=info msg="Stored module ." repository_id=958007485
time="2025-04-30T14:48:42+02:00" level=debug msg="Found 3 module directories" repository_id=956810385 worker_id=3
time="2025-04-30T14:48:42+02:00" level=info msg="Analyzed 3 modules" repository_id=956810385 worker_id=3
time="2025-04-30T14:48:42+02:00" level=info msg="Created TAR GZ file repositories/956810385.tar.gz" repository_id=956810385 worker_id=3
time="2025-04-30T14:48:42+02:00" level=info msg="Removed repository directory repositories/956810385" repository_id=956810385 worker_id=3
time="2025-04-30T14:48:42+02:00" level=info msg="Processing repository 958485125" repository_id=958485125 worker_id=3
time="2025-04-30T14:48:42+02:00" level=info msg="Cloning https://github.com/thecomalley/terraform-azurerm-python-function.git" repository_id=958485125 worker_id=3
time="2025-04-30T14:48:42+02:00" level=info msg="Updated commit SHA 95aa134f3891f760f396b1f3784694982522cbf5" repository_id=956810385
time="2025-04-30T14:48:42+02:00" level=info msg="Stored module infra/terraform" repository_id=956810385
time="2025-04-30T14:48:42+02:00" level=info msg="Stored module infra/terraform/modules/agentic-chatbot" repository_id=956810385
time="2025-04-30T14:48:42+02:00" level=info msg="Stored module infra/terraform/modules/ingestion-pipeline" repository_id=956810385
time="2025-04-30T14:48:44+02:00" level=debug msg="Found 1 module directories" repository_id=957708764 worker_id=5
time="2025-04-30T14:48:44+02:00" level=info msg="Analyzed 1 modules" repository_id=957708764 worker_id=5
time="2025-04-30T14:48:44+02:00" level=debug msg="Found 1 module directories" repository_id=958145136 worker_id=4
time="2025-04-30T14:48:44+02:00" level=info msg="Analyzed 1 modules" repository_id=958145136 worker_id=4
time="2025-04-30T14:48:44+02:00" level=info msg="Created TAR GZ file repositories/958145136.tar.gz" repository_id=958145136 worker_id=4
time="2025-04-30T14:48:44+02:00" level=info msg="Created TAR GZ file repositories/957708764.tar.gz" repository_id=957708764 worker_id=5
time="2025-04-30T14:48:44+02:00" level=info msg="Removed repository directory repositories/958145136" repository_id=958145136 worker_id=4
time="2025-04-30T14:48:44+02:00" level=info msg="Processing repository 958655374" repository_id=958655374 worker_id=4
time="2025-04-30T14:48:44+02:00" level=info msg="Cloning https://github.com/Shridharshukl/TerraForm-weatherapp-realtime.git" repository_id=958655374 worker_id=4
time="2025-04-30T14:48:44+02:00" level=info msg="Updated commit SHA 004c82708b41ea083e074bafbe0c5545afaec48e" repository_id=958145136
time="2025-04-30T14:48:44+02:00" level=info msg="Stored module modules" repository_id=958145136
time="2025-04-30T14:48:44+02:00" level=info msg="Removed repository directory repositories/957708764" repository_id=957708764 worker_id=5
time="2025-04-30T14:48:44+02:00" level=info msg="Processing repository 958763275" repository_id=958763275 worker_id=5
time="2025-04-30T14:48:44+02:00" level=info msg="Cloning https://github.com/SREAlam/Go-Terraform-s3.git" repository_id=958763275 worker_id=5
time="2025-04-30T14:48:44+02:00" level=info msg="Updated commit SHA 119f439cd398e4f9cbf1df2992abef83894e763b" repository_id=957708764
time="2025-04-30T14:48:44+02:00" level=info msg="Stored module AWS-EKS-Deployment-Pipeline" repository_id=957708764
time="2025-04-30T14:48:55+02:00" level=debug msg="Found 1 module directories" repository_id=958323747 worker_id=7
time="2025-04-30T14:48:55+02:00" level=info msg="Analyzed 1 modules" repository_id=958323747 worker_id=7
time="2025-04-30T14:48:55+02:00" level=info msg="Created TAR GZ file repositories/958323747.tar.gz" repository_id=958323747 worker_id=7
time="2025-04-30T14:48:55+02:00" level=info msg="Removed repository directory repositories/958323747" repository_id=958323747 worker_id=7
time="2025-04-30T14:48:55+02:00" level=info msg="Processing repository 958975240" repository_id=958975240 worker_id=7
time="2025-04-30T14:48:55+02:00" level=info msg="Cloning https://github.com/realfredlai/terraform-aws-cloudfront-response-headers-policy.git" repository_id=958975240 worker_id=7
time="2025-04-30T14:48:55+02:00" level=info msg="Updated commit SHA 6d8613312f613c77fd4f1e9a3996730af09a19d8" repository_id=958323747
time="2025-04-30T14:48:55+02:00" level=info msg="Stored module ." repository_id=958323747
time="2025-04-30T14:49:00+02:00" level=debug msg="Found 2 module directories" repository_id=958655374 worker_id=4
time="2025-04-30T14:49:00+02:00" level=info msg="Analyzed 2 modules" repository_id=958655374 worker_id=4
time="2025-04-30T14:49:00+02:00" level=info msg="Created TAR GZ file repositories/958655374.tar.gz" repository_id=958655374 worker_id=4
time="2025-04-30T14:49:00+02:00" level=info msg="Removed repository directory repositories/958655374" repository_id=958655374 worker_id=4
time="2025-04-30T14:49:00+02:00" level=info msg="Processing repository 959200466" repository_id=959200466 worker_id=4
time="2025-04-30T14:49:00+02:00" level=info msg="Cloning https://github.com/turbot/tailpipe-mod-apache-access-log-detections.git" repository_id=959200466 worker_id=4
time="2025-04-30T14:49:00+02:00" level=info msg="Updated commit SHA 4f76fff7b5f72edee5936f52908ca7565cbf8fd8" repository_id=958655374
time="2025-04-30T14:49:00+02:00" level=info msg="Stored module ." repository_id=958655374
time="2025-04-30T14:49:00+02:00" level=info msg="Stored module modules/Ec2_instance" repository_id=958655374
time="2025-04-30T14:49:04+02:00" level=debug msg="Found 2 module directories" repository_id=958763275 worker_id=5
time="2025-04-30T14:49:04+02:00" level=info msg="Analyzed 2 modules" repository_id=958763275 worker_id=5
time="2025-04-30T14:49:04+02:00" level=info msg="Created TAR GZ file repositories/958763275.tar.gz" repository_id=958763275 worker_id=5
time="2025-04-30T14:49:04+02:00" level=info msg="Removed repository directory repositories/958763275" repository_id=958763275 worker_id=5
time="2025-04-30T14:49:04+02:00" level=info msg="Processing repository 959332149" repository_id=959332149 worker_id=5
time="2025-04-30T14:49:04+02:00" level=info msg="Cloning https://github.com/tedilabs/terraform-aws-vpn.git" repository_id=959332149 worker_id=5
time="2025-04-30T14:49:04+02:00" level=info msg="Updated commit SHA fa524bde14c2dfb97dcacc22f407ad66142dc4df" repository_id=958763275
time="2025-04-30T14:49:04+02:00" level=info msg="Stored module ." repository_id=958763275
time="2025-04-30T14:49:04+02:00" level=info msg="Stored module terraform" repository_id=958763275
time="2025-04-30T14:49:06+02:00" level=debug msg="Found 1 module directories" repository_id=957496449 worker_id=1
time="2025-04-30T14:49:06+02:00" level=info msg="Analyzed 1 modules" repository_id=957496449 worker_id=1
time="2025-04-30T14:49:06+02:00" level=info msg="Created TAR GZ file repositories/957496449.tar.gz" repository_id=957496449 worker_id=1
time="2025-04-30T14:49:06+02:00" level=info msg="Removed repository directory repositories/957496449" repository_id=957496449 worker_id=1
time="2025-04-30T14:49:06+02:00" level=info msg="Processing repository 959936733" repository_id=959936733 worker_id=1
time="2025-04-30T14:49:06+02:00" level=info msg="Cloning https://github.com/Bcoderx6/terraform-cloudflare-reverse-proxy.git" repository_id=959936733 worker_id=1
time="2025-04-30T14:49:06+02:00" level=info msg="Updated commit SHA 8bf675713850c9a7782749fd0496a642a947d19c" repository_id=957496449
time="2025-04-30T14:49:06+02:00" level=info msg="Stored module ." repository_id=957496449
time="2025-04-30T14:49:07+02:00" level=debug msg="Found 3 module directories" repository_id=958975240 worker_id=7
time="2025-04-30T14:49:07+02:00" level=info msg="Analyzed 3 modules" repository_id=958975240 worker_id=7
time="2025-04-30T14:49:07+02:00" level=info msg="Created TAR GZ file repositories/958975240.tar.gz" repository_id=958975240 worker_id=7
time="2025-04-30T14:49:07+02:00" level=info msg="Removed repository directory repositories/958975240" repository_id=958975240 worker_id=7
time="2025-04-30T14:49:07+02:00" level=info msg="Processing repository 960289311" repository_id=960289311 worker_id=7
time="2025-04-30T14:49:07+02:00" level=info msg="Cloning https://github.com/VaelixCorp/Traefik-DNS-Module.git" repository_id=960289311 worker_id=7
time="2025-04-30T14:49:07+02:00" level=info msg="Updated commit SHA 32ac06fbeb20a6b7b799a3548afbaf2581aafd59" repository_id=958975240
time="2025-04-30T14:49:07+02:00" level=info msg="Stored module examples/basic" repository_id=958975240
time="2025-04-30T14:49:07+02:00" level=info msg="Stored module examples/complete" repository_id=958975240
time="2025-04-30T14:49:07+02:00" level=info msg="Stored module ." repository_id=958975240
time="2025-04-30T14:49:13+02:00" level=debug msg="Found 2 module directories" repository_id=959332149 worker_id=5
time="2025-04-30T14:49:13+02:00" level=info msg="Analyzed 2 modules" repository_id=959332149 worker_id=5
time="2025-04-30T14:49:13+02:00" level=info msg="Created TAR GZ file repositories/959332149.tar.gz" repository_id=959332149 worker_id=5
time="2025-04-30T14:49:13+02:00" level=info msg="Removed repository directory repositories/959332149" repository_id=959332149 worker_id=5
time="2025-04-30T14:49:13+02:00" level=info msg="Processing repository 960338662" repository_id=960338662 worker_id=5
time="2025-04-30T14:49:13+02:00" level=info msg="Cloning https://github.com/matuszeman/homelab.git" repository_id=960338662 worker_id=5
time="2025-04-30T14:49:13+02:00" level=info msg="Updated commit SHA 2072ad3947ad5e83fc031244f326bd9abcf24ad6" repository_id=959332149
time="2025-04-30T14:49:13+02:00" level=info msg="Stored module modules/customer-gateway" repository_id=959332149
time="2025-04-30T14:49:13+02:00" level=info msg="Stored module modules/vpn-connection" repository_id=959332149
time="2025-04-30T14:49:13+02:00" level=debug msg="Found 2 module directories" repository_id=959936733 worker_id=1
time="2025-04-30T14:49:13+02:00" level=info msg="Analyzed 2 modules" repository_id=959936733 worker_id=1
time="2025-04-30T14:49:13+02:00" level=info msg="Created TAR GZ file repositories/959936733.tar.gz" repository_id=959936733 worker_id=1
time="2025-04-30T14:49:13+02:00" level=info msg="Removed repository directory repositories/959936733" repository_id=959936733 worker_id=1
time="2025-04-30T14:49:13+02:00" level=info msg="Processing repository 960562633" repository_id=960562633 worker_id=1
time="2025-04-30T14:49:13+02:00" level=info msg="Cloning https://github.com/Tech-Preta/terraform-mimirtool.git" repository_id=960562633 worker_id=1
time="2025-04-30T14:49:13+02:00" level=info msg="Updated commit SHA abd35d67bb027eb884fe43e8ce98cb51a373f1e1" repository_id=959936733
time="2025-04-30T14:49:13+02:00" level=info msg="Stored module ." repository_id=959936733
time="2025-04-30T14:49:13+02:00" level=info msg="Stored module modules/treafik" repository_id=959936733
time="2025-04-30T14:49:14+02:00" level=debug msg="Found 5 module directories" repository_id=958485125 worker_id=3
time="2025-04-30T14:49:14+02:00" level=info msg="Analyzed 5 modules" repository_id=958485125 worker_id=3
time="2025-04-30T14:49:14+02:00" level=info msg="Created TAR GZ file repositories/958485125.tar.gz" repository_id=958485125 worker_id=3
time="2025-04-30T14:49:14+02:00" level=info msg="Removed repository directory repositories/958485125" repository_id=958485125 worker_id=3
time="2025-04-30T14:49:14+02:00" level=info msg="Processing repository 960603985" repository_id=960603985 worker_id=3
time="2025-04-30T14:49:14+02:00" level=info msg="Cloning https://github.com/luisbianconi/k8slab-for-a-penny.git" repository_id=960603985 worker_id=3
time="2025-04-30T14:49:14+02:00" level=info msg="Updated commit SHA f5af94efc0ac2584e89eaaf0c69df74abb74e086" repository_id=958485125
time="2025-04-30T14:49:14+02:00" level=info msg="Stored module ." repository_id=958485125
time="2025-04-30T14:49:14+02:00" level=info msg="Stored module examples/main" repository_id=958485125
time="2025-04-30T14:49:14+02:00" level=info msg="Stored module src" repository_id=958485125
time="2025-04-30T14:49:14+02:00" level=info msg="Stored module tests/http" repository_id=958485125
time="2025-04-30T14:49:14+02:00" level=info msg="Stored module tests/setup" repository_id=958485125
time="2025-04-30T14:49:15+02:00" level=debug msg="Found 2 module directories" repository_id=960289311 worker_id=7
time="2025-04-30T14:49:15+02:00" level=info msg="Analyzed 2 modules" repository_id=960289311 worker_id=7
time="2025-04-30T14:49:15+02:00" level=info msg="Created TAR GZ file repositories/960289311.tar.gz" repository_id=960289311 worker_id=7
time="2025-04-30T14:49:15+02:00" level=info msg="Removed repository directory repositories/960289311" repository_id=960289311 worker_id=7
time="2025-04-30T14:49:15+02:00" level=info msg="Processing repository 960673926" repository_id=960673926 worker_id=7
time="2025-04-30T14:49:15+02:00" level=info msg="Cloning https://github.com/wfclark5/ut.git" repository_id=960673926 worker_id=7
time="2025-04-30T14:49:15+02:00" level=info msg="Updated commit SHA abd35d67bb027eb884fe43e8ce98cb51a373f1e1" repository_id=960289311
time="2025-04-30T14:49:15+02:00" level=info msg="Stored module ." repository_id=960289311
time="2025-04-30T14:49:15+02:00" level=info msg="Stored module modules/treafik" repository_id=960289311
time="2025-04-30T14:49:21+02:00" level=debug msg="Found 0 module directories" repository_id=959200466 worker_id=4
time="2025-04-30T14:49:21+02:00" level=info msg="Analyzed 0 modules" repository_id=959200466 worker_id=4
time="2025-04-30T14:49:21+02:00" level=info msg="Created TAR GZ file repositories/959200466.tar.gz" repository_id=959200466 worker_id=4
time="2025-04-30T14:49:21+02:00" level=info msg="Removed repository directory repositories/959200466" repository_id=959200466 worker_id=4
time="2025-04-30T14:49:21+02:00" level=info msg="Processing repository 961183999" repository_id=961183999 worker_id=4
time="2025-04-30T14:49:21+02:00" level=info msg="Cloning https://github.com/Daniel-Fonseca-da-Silva/communitydevops-terraform.git" repository_id=961183999 worker_id=4
time="2025-04-30T14:49:21+02:00" level=info msg="Updated commit SHA a17ac2229fee50af907609166e0693f2ff04d26b" repository_id=959200466
time="2025-04-30T14:49:22+02:00" level=debug msg="Found 34 module directories" repository_id=960338662 worker_id=5
time="2025-04-30T14:49:22+02:00" level=info msg="Analyzed 34 modules" repository_id=960338662 worker_id=5
time="2025-04-30T14:49:22+02:00" level=info msg="Created TAR GZ file repositories/960338662.tar.gz" repository_id=960338662 worker_id=5
time="2025-04-30T14:49:22+02:00" level=info msg="Removed repository directory repositories/960338662" repository_id=960338662 worker_id=5
time="2025-04-30T14:49:22+02:00" level=info msg="Processing repository 961305010" repository_id=961305010 worker_id=5
time="2025-04-30T14:49:22+02:00" level=info msg="Cloning https://github.com/wanted-cloud/terraform-azure-service-plan.git" repository_id=961305010 worker_id=5
time="2025-04-30T14:49:22+02:00" level=info msg="Updated commit SHA 19c385ff55b5754d7f79aaff76fc29aa31999d2d" repository_id=960338662
time="2025-04-30T14:49:22+02:00" level=info msg="Stored module examples/kube/system" repository_id=960338662
time="2025-04-30T14:49:22+02:00" level=info msg="Stored module examples/talos-cluster/proxmox" repository_id=960338662
time="2025-04-30T14:49:22+02:00" level=info msg="Stored module kube/argocd/apps/argocd" repository_id=960338662
time="2025-04-30T14:49:22+02:00" level=info msg="Stored module kube/argocd/apps/cert-manager-letsencrypt" repository_id=960338662
time="2025-04-30T14:49:22+02:00" level=info msg="Stored module kube/argocd/apps/external-dns-cloudflare" repository_id=960338662
time="2025-04-30T14:49:22+02:00" level=info msg="Stored module kube/argocd/apps/metallb" repository_id=960338662
time="2025-04-30T14:49:22+02:00" level=info msg="Stored module kube/argocd/apps/monitoring-alloy" repository_id=960338662
time="2025-04-30T14:49:22+02:00" level=info msg="Stored module kube/argocd/apps/sealed-secrets" repository_id=960338662
time="2025-04-30T14:49:22+02:00" level=info msg="Stored module kube/argocd/apps/storage-longhorn" repository_id=960338662
time="2025-04-30T14:49:22+02:00" level=info msg="Stored module kube/argocd/apps/traefik" repository_id=960338662
time="2025-04-30T14:49:22+02:00" level=info msg="Stored module kube/argocd/apps/traefik-crds" repository_id=960338662
time="2025-04-30T14:49:22+02:00" level=info msg="Stored module kube/argocd/modules/argocd-app" repository_id=960338662
time="2025-04-30T14:49:22+02:00" level=info msg="Stored module modules/network-address-pool-output" repository_id=960338662
time="2025-04-30T14:49:22+02:00" level=info msg="Stored module modules/network-dns-cloudflare" repository_id=960338662
time="2025-04-30T14:49:22+02:00" level=info msg="Stored module modules/network-dns-routeros" repository_id=960338662
time="2025-04-30T14:49:22+02:00" level=info msg="Stored module modules/network-routeros/dhcp-server" repository_id=960338662
time="2025-04-30T14:49:22+02:00" level=info msg="Stored module modules/network-routeros" repository_id=960338662
time="2025-04-30T14:49:22+02:00" level=info msg="Stored module modules/network-zerotier-bridged" repository_id=960338662
time="2025-04-30T14:49:22+02:00" level=info msg="Stored module modules/network-zerotier-bridged-interface-routeros" repository_id=960338662
time="2025-04-30T14:49:22+02:00" level=info msg="Stored module modules/routeros/access" repository_id=960338662
time="2025-04-30T14:49:22+02:00" level=info msg="Stored module modules/routeros" repository_id=960338662
time="2025-04-30T14:49:22+02:00" level=info msg="Stored module modules/routeros/defconf" repository_id=960338662
time="2025-04-30T14:49:22+02:00" level=info msg="Stored module modules/routeros-zerotier-instance/defconf" repository_id=960338662
time="2025-04-30T14:49:22+02:00" level=info msg="Stored module modules/routeros-zerotier-instance" repository_id=960338662
time="2025-04-30T14:49:22+02:00" level=info msg="Stored module modules/talos-cluster-config" repository_id=960338662
time="2025-04-30T14:49:22+02:00" level=info msg="Stored module modules/talos-cluster-proxmox" repository_id=960338662
time="2025-04-30T14:49:22+02:00" level=info msg="Stored module modules/talos-image" repository_id=960338662
time="2025-04-30T14:49:22+02:00" level=info msg="Stored module modules/talos-image-proxmox" repository_id=960338662
time="2025-04-30T14:49:22+02:00" level=info msg="Stored module modules/talos-kubeconfig" repository_id=960338662
time="2025-04-30T14:49:22+02:00" level=info msg="Stored module modules/talos-machine-config" repository_id=960338662
time="2025-04-30T14:49:22+02:00" level=info msg="Stored module modules/talos-machine-proxmox" repository_id=960338662
time="2025-04-30T14:49:22+02:00" level=info msg="Stored module modules/talos-talosctl-config" repository_id=960338662
time="2025-04-30T14:49:22+02:00" level=info msg="Stored module modules/vm-cloudinit-network" repository_id=960338662
time="2025-04-30T14:49:22+02:00" level=info msg="Stored module modules/vm-cloudinit-network-proxmox" repository_id=960338662
time="2025-04-30T14:49:23+02:00" level=debug msg="Found 2 module directories" repository_id=960562633 worker_id=1
time="2025-04-30T14:49:23+02:00" level=info msg="Analyzed 2 modules" repository_id=960562633 worker_id=1
time="2025-04-30T14:49:23+02:00" level=info msg="Created TAR GZ file repositories/960562633.tar.gz" repository_id=960562633 worker_id=1
time="2025-04-30T14:49:23+02:00" level=info msg="Removed repository directory repositories/960562633" repository_id=960562633 worker_id=1
time="2025-04-30T14:49:23+02:00" level=info msg="Processing repository 961376237" repository_id=961376237 worker_id=1
time="2025-04-30T14:49:23+02:00" level=info msg="Cloning https://github.com/dimitrijmalcev/k3s-cluster.git" repository_id=961376237 worker_id=1
time="2025-04-30T14:49:23+02:00" level=info msg="Updated commit SHA 84058401d6113c8aea536f94a04b83f24e6c9a7d" repository_id=960562633
time="2025-04-30T14:49:23+02:00" level=info msg="Stored module ." repository_id=960562633
time="2025-04-30T14:49:23+02:00" level=info msg="Stored module modules/mimirtool" repository_id=960562633
time="2025-04-30T14:49:26+02:00" level=debug msg="Found 1 module directories" repository_id=960603985 worker_id=3
time="2025-04-30T14:49:26+02:00" level=info msg="Analyzed 1 modules" repository_id=960603985 worker_id=3
time="2025-04-30T14:49:26+02:00" level=info msg="Created TAR GZ file repositories/960603985.tar.gz" repository_id=960603985 worker_id=3
time="2025-04-30T14:49:26+02:00" level=info msg="Removed repository directory repositories/960603985" repository_id=960603985 worker_id=3
time="2025-04-30T14:49:26+02:00" level=info msg="Processing repository 962161031" repository_id=962161031 worker_id=3
time="2025-04-30T14:49:26+02:00" level=info msg="Cloning https://github.com/ai-on-gke/quick-start-guides.git" repository_id=962161031 worker_id=3
time="2025-04-30T14:49:26+02:00" level=info msg="Updated commit SHA db489af03cc8a0d53850362c07d5e21d8a4b5847" repository_id=960603985
time="2025-04-30T14:49:26+02:00" level=info msg="Stored module ." repository_id=960603985
time="2025-04-30T14:49:26+02:00" level=debug msg="Found 3 module directories" repository_id=961183999 worker_id=4
time="2025-04-30T14:49:26+02:00" level=info msg="Analyzed 3 modules" repository_id=961183999 worker_id=4
time="2025-04-30T14:49:26+02:00" level=info msg="Created TAR GZ file repositories/961183999.tar.gz" repository_id=961183999 worker_id=4
time="2025-04-30T14:49:26+02:00" level=info msg="Removed repository directory repositories/961183999" repository_id=961183999 worker_id=4
time="2025-04-30T14:49:26+02:00" level=info msg="Processing repository 962346860" repository_id=962346860 worker_id=4
time="2025-04-30T14:49:26+02:00" level=info msg="Cloning https://github.com/nix-tkobayashi/aws-cost-monitoring-slack-notification.git" repository_id=962346860 worker_id=4
time="2025-04-30T14:49:26+02:00" level=info msg="Updated commit SHA b90b996f9fe3933773c331c8d2e66b734da96e04" repository_id=961183999
time="2025-04-30T14:49:26+02:00" level=info msg="Stored module ." repository_id=961183999
time="2025-04-30T14:49:26+02:00" level=info msg="Stored module modules/cluster" repository_id=961183999
time="2025-04-30T14:49:26+02:00" level=info msg="Stored module modules/network" repository_id=961183999
time="2025-04-30T14:49:28+02:00" level=debug msg="Found 2 module directories" repository_id=961305010 worker_id=5
time="2025-04-30T14:49:28+02:00" level=info msg="Analyzed 2 modules" repository_id=961305010 worker_id=5
time="2025-04-30T14:49:28+02:00" level=info msg="Created TAR GZ file repositories/961305010.tar.gz" repository_id=961305010 worker_id=5
time="2025-04-30T14:49:28+02:00" level=info msg="Removed repository directory repositories/961305010" repository_id=961305010 worker_id=5
time="2025-04-30T14:49:28+02:00" level=info msg="Processing repository 962505454" repository_id=962505454 worker_id=5
time="2025-04-30T14:49:28+02:00" level=info msg="Cloning https://github.com/pjpaulor/n8n-azure-container-app.git" repository_id=962505454 worker_id=5
time="2025-04-30T14:49:28+02:00" level=info msg="Updated commit SHA 2620bc3d33ecb717699558cadc6acd072f006f97" repository_id=961305010
time="2025-04-30T14:49:28+02:00" level=info msg="Stored module examples/base" repository_id=961305010
time="2025-04-30T14:49:28+02:00" level=info msg="Stored module ." repository_id=961305010
time="2025-04-30T14:49:30+02:00" level=debug msg="Found 5 module directories" repository_id=960673926 worker_id=7
time="2025-04-30T14:49:30+02:00" level=info msg="Analyzed 5 modules" repository_id=960673926 worker_id=7
time="2025-04-30T14:49:30+02:00" level=info msg="Created TAR GZ file repositories/960673926.tar.gz" repository_id=960673926 worker_id=7
time="2025-04-30T14:49:30+02:00" level=info msg="Removed repository directory repositories/960673926" repository_id=960673926 worker_id=7
time="2025-04-30T14:49:30+02:00" level=info msg="Processing repository 962862937" repository_id=962862937 worker_id=7
time="2025-04-30T14:49:30+02:00" level=info msg="Cloning https://github.com/greavr/gcp-starter.git" repository_id=962862937 worker_id=7
time="2025-04-30T14:49:30+02:00" level=info msg="Updated commit SHA a7ee0c37d13a76e1bb7a797cfc040207aa551e63" repository_id=960673926
time="2025-04-30T14:49:30+02:00" level=info msg="Stored module infra" repository_id=960673926
time="2025-04-30T14:49:30+02:00" level=info msg="Stored module infra/modules/adb-unity-catalog" repository_id=960673926
time="2025-04-30T14:49:30+02:00" level=info msg="Stored module infra/modules/adb-workspace" repository_id=960673926
time="2025-04-30T14:49:30+02:00" level=info msg="Stored module infra/modules/metastore-and-users" repository_id=960673926
time="2025-04-30T14:49:30+02:00" level=info msg="Stored module infra/modules/sqldb-mssql" repository_id=960673926
time="2025-04-30T14:49:31+02:00" level=debug msg="Found 2 module directories" repository_id=962346860 worker_id=4
time="2025-04-30T14:49:31+02:00" level=info msg="Analyzed 2 modules" repository_id=962346860 worker_id=4
time="2025-04-30T14:49:31+02:00" level=info msg="Created TAR GZ file repositories/962346860.tar.gz" repository_id=962346860 worker_id=4
time="2025-04-30T14:49:31+02:00" level=info msg="Removed repository directory repositories/962346860" repository_id=962346860 worker_id=4
time="2025-04-30T14:49:31+02:00" level=info msg="Processing repository 962875677" repository_id=962875677 worker_id=4
time="2025-04-30T14:49:31+02:00" level=info msg="Cloning https://github.com/confluentinc/atg_cc_enterprise_via_nlb.git" repository_id=962875677 worker_id=4
time="2025-04-30T14:49:31+02:00" level=info msg="Updated commit SHA 8a733d3e56f165110493be2b8b2a8d8c78598fc8" repository_id=962346860
time="2025-04-30T14:49:31+02:00" level=info msg="Stored module examples/basic" repository_id=962346860
time="2025-04-30T14:49:31+02:00" level=info msg="Stored module modules/cost-watcher" repository_id=962346860
time="2025-04-30T14:49:36+02:00" level=debug msg="Found 1 module directories" repository_id=962505454 worker_id=5
time="2025-04-30T14:49:36+02:00" level=info msg="Analyzed 1 modules" repository_id=962505454 worker_id=5
time="2025-04-30T14:49:36+02:00" level=info msg="Created TAR GZ file repositories/962505454.tar.gz" repository_id=962505454 worker_id=5
time="2025-04-30T14:49:36+02:00" level=info msg="Removed repository directory repositories/962505454" repository_id=962505454 worker_id=5
time="2025-04-30T14:49:36+02:00" level=info msg="Processing repository 963647539" repository_id=963647539 worker_id=5
time="2025-04-30T14:49:36+02:00" level=info msg="Cloning https://github.com/reductoai/reducto-onprem-azure.git" repository_id=963647539 worker_id=5
time="2025-04-30T14:49:36+02:00" level=info msg="Updated commit SHA 244bf374c1cfc9637d43bf03c6dea805a8e9215e" repository_id=962505454
time="2025-04-30T14:49:36+02:00" level=info msg="Stored module ." repository_id=962505454
time="2025-04-30T14:49:37+02:00" level=debug msg="Found 37 module directories" repository_id=955657439 worker_id=2
time="2025-04-30T14:49:37+02:00" level=info msg="Analyzed 37 modules" repository_id=955657439 worker_id=2
time="2025-04-30T14:49:38+02:00" level=info msg="Created TAR GZ file repositories/955657439.tar.gz" repository_id=955657439 worker_id=2
time="2025-04-30T14:49:38+02:00" level=info msg="Removed repository directory repositories/955657439" repository_id=955657439 worker_id=2
time="2025-04-30T14:49:38+02:00" level=info msg="Processing repository 964009563" repository_id=964009563 worker_id=2
time="2025-04-30T14:49:38+02:00" level=info msg="Cloning https://github.com/0GiS0/mcp-server-azure-function.git" repository_id=964009563 worker_id=2
time="2025-04-30T14:49:38+02:00" level=info msg="Updated commit SHA 4ec2b5d164c0beb6d9b60772964340c0b3d5f127" repository_id=955657439
time="2025-04-30T14:49:38+02:00" level=info msg="Stored module iac/roots/athena" repository_id=955657439
time="2025-04-30T14:49:38+02:00" level=info msg="Stored module iac/roots/datalakes/billing" repository_id=955657439
time="2025-04-30T14:49:38+02:00" level=info msg="Stored module iac/roots/datalakes/billing-cur" repository_id=955657439
time="2025-04-30T14:49:38+02:00" level=info msg="Stored module iac/roots/datalakes/inventory" repository_id=955657439
time="2025-04-30T14:49:38+02:00" level=info msg="Stored module iac/roots/datalakes/splunk" repository_id=955657439
time="2025-04-30T14:49:38+02:00" level=info msg="Stored module iac/roots/datazone/dz-consumer-project" repository_id=955657439
time="2025-04-30T14:49:38+02:00" level=info msg="Stored module iac/roots/datazone/dz-custom-project" repository_id=955657439
time="2025-04-30T14:49:38+02:00" level=info msg="Stored module iac/roots/datazone/dz-domain" repository_id=955657439
time="2025-04-30T14:49:38+02:00" level=info msg="Stored module iac/roots/datazone/dz-producer-project" repository_id=955657439
time="2025-04-30T14:49:38+02:00" level=info msg="Stored module iac/roots/datazone/dz-project-prereq" repository_id=955657439
time="2025-04-30T14:49:38+02:00" level=info msg="Stored module iac/roots/foundation/buckets" repository_id=955657439
time="2025-04-30T14:49:38+02:00" level=info msg="Stored module iac/roots/foundation/iam-roles" repository_id=955657439
time="2025-04-30T14:49:38+02:00" level=info msg="Stored module iac/roots/foundation/kms-keys" repository_id=955657439
time="2025-04-30T14:49:38+02:00" level=info msg="Stored module iac/roots/idc/idc-acc" repository_id=955657439
time="2025-04-30T14:49:38+02:00" level=info msg="Stored module iac/roots/idc/idc-org" repository_id=955657439
time="2025-04-30T14:49:38+02:00" level=info msg="Stored module iac/roots/network" repository_id=955657439
time="2025-04-30T14:49:38+02:00" level=info msg="Stored module iac/roots/quicksight/dataset" repository_id=955657439
time="2025-04-30T14:49:38+02:00" level=info msg="Stored module iac/roots/quicksight/subscription" repository_id=955657439
time="2025-04-30T14:49:38+02:00" level=info msg="Stored module iac/roots/sagemaker/consumer-project" repository_id=955657439
time="2025-04-30T14:49:38+02:00" level=info msg="Stored module iac/roots/sagemaker/domain" repository_id=955657439
time="2025-04-30T14:49:38+02:00" level=info msg="Stored module iac/roots/sagemaker/domain-prereq" repository_id=955657439
time="2025-04-30T14:49:38+02:00" level=info msg="Stored module iac/roots/sagemaker/producer-project" repository_id=955657439
time="2025-04-30T14:49:38+02:00" level=info msg="Stored module iac/roots/sagemaker/project-config" repository_id=955657439
time="2025-04-30T14:49:38+02:00" level=info msg="Stored module iac/roots/sagemaker/project-prereq" repository_id=955657439
time="2025-04-30T14:49:38+02:00" level=info msg="Stored module iac/roots/sagemaker/project-user" repository_id=955657439
time="2025-04-30T14:49:38+02:00" level=info msg="Stored module iac/templates/modules/bucket" repository_id=955657439
time="2025-04-30T14:49:38+02:00" level=info msg="Stored module iac/templates/modules/datazone-domain" repository_id=955657439
time="2025-04-30T14:49:38+02:00" level=info msg="Stored module iac/templates/modules/datazone-project/custom" repository_id=955657439
time="2025-04-30T14:49:38+02:00" level=info msg="Stored module iac/templates/modules/datazone-project/datasource" repository_id=955657439
time="2025-04-30T14:49:38+02:00" level=info msg="Stored module iac/templates/modules/datazone-project/environment" repository_id=955657439
time="2025-04-30T14:49:38+02:00" level=info msg="Stored module iac/templates/modules/datazone-project/prereq" repository_id=955657439
time="2025-04-30T14:49:38+02:00" level=info msg="Stored module iac/templates/modules/datazone-project/project" repository_id=955657439
time="2025-04-30T14:49:38+02:00" level=info msg="Stored module iac/templates/modules/datazone-project/user" repository_id=955657439
time="2025-04-30T14:49:38+02:00" level=info msg="Stored module iac/templates/modules/sagemaker-project" repository_id=955657439
time="2025-04-30T14:49:38+02:00" level=info msg="Stored module iac/templates/modules/vpc" repository_id=955657439
time="2025-04-30T14:49:38+02:00" level=info msg="Stored module iac/templates/modules/vpc-endpoint" repository_id=955657439
time="2025-04-30T14:49:38+02:00" level=info msg="Stored module iac/templates/modules/vpc-peering" repository_id=955657439
time="2025-04-30T14:49:38+02:00" level=debug msg="Found 6 module directories" repository_id=962875677 worker_id=4
time="2025-04-30T14:49:38+02:00" level=info msg="Analyzed 6 modules" repository_id=962875677 worker_id=4
time="2025-04-30T14:49:38+02:00" level=info msg="Created TAR GZ file repositories/962875677.tar.gz" repository_id=962875677 worker_id=4
time="2025-04-30T14:49:38+02:00" level=info msg="Removed repository directory repositories/962875677" repository_id=962875677 worker_id=4
time="2025-04-30T14:49:38+02:00" level=info msg="Processing repository 964289078" repository_id=964289078 worker_id=4
time="2025-04-30T14:49:38+02:00" level=info msg="Cloning https://github.com/msfidelis/linuxtips-curso-containers-aws-eks-observability-cluster.git" repository_id=964289078 worker_id=4
time="2025-04-30T14:49:38+02:00" level=info msg="Updated commit SHA 134410b6e10380b650b7fbfecfebbf48780b48e5" repository_id=962875677
time="2025-04-30T14:49:38+02:00" level=info msg="Stored module aws/jump-host" repository_id=962875677
time="2025-04-30T14:49:38+02:00" level=info msg="Stored module aws/privatelink-endpoint" repository_id=962875677
time="2025-04-30T14:49:38+02:00" level=info msg="Stored module aws/vpcs" repository_id=962875677
time="2025-04-30T14:49:38+02:00" level=info msg="Stored module cc-controlplane" repository_id=962875677
time="2025-04-30T14:49:38+02:00" level=info msg="Stored module cc-dataplane" repository_id=962875677
time="2025-04-30T14:49:38+02:00" level=info msg="Stored module ." repository_id=962875677
time="2025-04-30T14:49:38+02:00" level=debug msg="Found 7 module directories" repository_id=954537648 worker_id=6
time="2025-04-30T14:49:38+02:00" level=info msg="Analyzed 7 modules" repository_id=954537648 worker_id=6
time="2025-04-30T14:49:38+02:00" level=info msg="Created TAR GZ file repositories/954537648.tar.gz" repository_id=954537648 worker_id=6
time="2025-04-30T14:49:38+02:00" level=info msg="Removed repository directory repositories/954537648" repository_id=954537648 worker_id=6
time="2025-04-30T14:49:38+02:00" level=info msg="Processing repository 964423012" repository_id=964423012 worker_id=6
time="2025-04-30T14:49:38+02:00" level=info msg="Cloning https://github.com/shishir-insane/ng-paperless-infra.git" repository_id=964423012 worker_id=6
time="2025-04-30T14:49:38+02:00" level=info msg="Updated commit SHA 8f34b0a1b7ab16972bb34a369087bc933d00b8cd" repository_id=954537648
time="2025-04-30T14:49:38+02:00" level=info msg="Stored module environment/dev" repository_id=954537648
time="2025-04-30T14:49:38+02:00" level=info msg="Stored module environment/prod" repository_id=954537648
time="2025-04-30T14:49:38+02:00" level=info msg="Stored module environment/test" repository_id=954537648
time="2025-04-30T14:49:38+02:00" level=info msg="Stored module ." repository_id=954537648
time="2025-04-30T14:49:38+02:00" level=info msg="Stored module resources/connections" repository_id=954537648
time="2025-04-30T14:49:38+02:00" level=info msg="Stored module resources/endpoints" repository_id=954537648
time="2025-04-30T14:49:38+02:00" level=info msg="Stored module resources/security_systems" repository_id=954537648
time="2025-04-30T14:49:40+02:00" level=debug msg="Found 1 module directories" repository_id=964289078 worker_id=4
time="2025-04-30T14:49:40+02:00" level=info msg="Analyzed 1 modules" repository_id=964289078 worker_id=4
time="2025-04-30T14:49:40+02:00" level=info msg="Created TAR GZ file repositories/964289078.tar.gz" repository_id=964289078 worker_id=4
time="2025-04-30T14:49:40+02:00" level=info msg="Removed repository directory repositories/964289078" repository_id=964289078 worker_id=4
time="2025-04-30T14:49:40+02:00" level=info msg="Processing repository 964859218" repository_id=964859218 worker_id=4
time="2025-04-30T14:49:40+02:00" level=info msg="Cloning https://github.com/Hasankanso/aks-crossplane.git" repository_id=964859218 worker_id=4
time="2025-04-30T14:49:40+02:00" level=info msg="Updated commit SHA 02e1d044f6329b9d624b9ef0cff1d0bd276c754d" repository_id=964289078
time="2025-04-30T14:49:40+02:00" level=info msg="Stored module ." repository_id=964289078
time="2025-04-30T14:49:40+02:00" level=debug msg="Found 2 module directories" repository_id=962862937 worker_id=7
time="2025-04-30T14:49:40+02:00" level=info msg="Analyzed 2 modules" repository_id=962862937 worker_id=7
time="2025-04-30T14:49:40+02:00" level=info msg="Created TAR GZ file repositories/962862937.tar.gz" repository_id=962862937 worker_id=7
time="2025-04-30T14:49:40+02:00" level=info msg="Removed repository directory repositories/962862937" repository_id=962862937 worker_id=7
time="2025-04-30T14:49:40+02:00" level=info msg="Processing repository 965160040" repository_id=965160040 worker_id=7
time="2025-04-30T14:49:40+02:00" level=info msg="Cloning https://github.com/devandreacarratta/aws-transfer-family-terraform.git" repository_id=965160040 worker_id=7
time="2025-04-30T14:49:40+02:00" level=info msg="Updated commit SHA 21b1585aca96cd0eedd08e30f7affabee8d0622d" repository_id=962862937
time="2025-04-30T14:49:40+02:00" level=info msg="Stored module automate-deploy" repository_id=962862937
time="2025-04-30T14:49:40+02:00" level=info msg="Stored module terraform" repository_id=962862937
time="2025-04-30T14:49:40+02:00" level=debug msg="Found 3 module directories" repository_id=961376237 worker_id=1
time="2025-04-30T14:49:40+02:00" level=info msg="Analyzed 3 modules" repository_id=961376237 worker_id=1
time="2025-04-30T14:49:40+02:00" level=info msg="Created TAR GZ file repositories/961376237.tar.gz" repository_id=961376237 worker_id=1
time="2025-04-30T14:49:40+02:00" level=info msg="Removed repository directory repositories/961376237" repository_id=961376237 worker_id=1
time="2025-04-30T14:49:40+02:00" level=info msg="Processing repository 965902890" repository_id=965902890 worker_id=1
time="2025-04-30T14:49:40+02:00" level=info msg="Cloning https://github.com/morrismusumi/k8s-auto.git" repository_id=965902890 worker_id=1
time="2025-04-30T14:49:40+02:00" level=info msg="Updated commit SHA c1462c3bac36704db6729d47b5287661a4fddfd2" repository_id=961376237
time="2025-04-30T14:49:40+02:00" level=info msg="Stored module modules/01-hetzner-infrastructure" repository_id=961376237
time="2025-04-30T14:49:40+02:00" level=info msg="Stored module modules/02-aws-infrastructure" repository_id=961376237
time="2025-04-30T14:49:40+02:00" level=info msg="Stored module modules/99-empty-module" repository_id=961376237
time="2025-04-30T14:49:41+02:00" level=debug msg="Found 1 module directories" repository_id=964423012 worker_id=6
time="2025-04-30T14:49:41+02:00" level=info msg="Analyzed 1 modules" repository_id=964423012 worker_id=6
time="2025-04-30T14:49:41+02:00" level=info msg="Created TAR GZ file repositories/964423012.tar.gz" repository_id=964423012 worker_id=6
time="2025-04-30T14:49:41+02:00" level=info msg="Removed repository directory repositories/964423012" repository_id=964423012 worker_id=6
time="2025-04-30T14:49:41+02:00" level=info msg="Processing repository 965913812" repository_id=965913812 worker_id=6
time="2025-04-30T14:49:41+02:00" level=info msg="Cloning https://github.com/zPirroZ3007/spring-microservices-boilerplate.git" repository_id=965913812 worker_id=6
time="2025-04-30T14:49:41+02:00" level=info msg="Updated commit SHA 958b47a0370cd45d1aed7ef7c66f8ee7f5b9170e" repository_id=964423012
time="2025-04-30T14:49:41+02:00" level=info msg="Stored module terraform" repository_id=964423012
time="2025-04-30T14:49:41+02:00" level=debug msg="Found 17 module directories" repository_id=962161031 worker_id=3
time="2025-04-30T14:49:41+02:00" level=info msg="Analyzed 17 modules" repository_id=962161031 worker_id=3
time="2025-04-30T14:49:41+02:00" level=info msg="Created TAR GZ file repositories/962161031.tar.gz" repository_id=962161031 worker_id=3
time="2025-04-30T14:49:41+02:00" level=info msg="Removed repository directory repositories/962161031" repository_id=962161031 worker_id=3
time="2025-04-30T14:49:41+02:00" level=info msg="Processing repository 966921462" repository_id=966921462 worker_id=3
time="2025-04-30T14:49:41+02:00" level=info msg="Cloning https://github.com/ksilva-kwn/oci-terraform.git" repository_id=966921462 worker_id=3
time="2025-04-30T14:49:41+02:00" level=info msg="Updated commit SHA fe2a87d169a25a2fda08dce14d60f4a3cbc0f515" repository_id=962161031
time="2025-04-30T14:49:41+02:00" level=info msg="Stored module common/infrastructure" repository_id=962161031
time="2025-04-30T14:49:41+02:00" level=info msg="Stored module common/modules/cloudsql" repository_id=962161031
time="2025-04-30T14:49:41+02:00" level=info msg="Stored module common/modules/gcp-network" repository_id=962161031
time="2025-04-30T14:49:41+02:00" level=info msg="Stored module common/modules/gcs" repository_id=962161031
time="2025-04-30T14:49:41+02:00" level=info msg="Stored module common/modules/gke-autopilot-private-cluster" repository_id=962161031
time="2025-04-30T14:49:41+02:00" level=info msg="Stored module common/modules/gke-autopilot-public-cluster" repository_id=962161031
time="2025-04-30T14:49:41+02:00" level=info msg="Stored module common/modules/gke-standard-private-cluster" repository_id=962161031
time="2025-04-30T14:49:41+02:00" level=info msg="Stored module common/modules/gke-standard-public-cluster" repository_id=962161031
time="2025-04-30T14:49:41+02:00" level=info msg="Stored module common/modules/iap" repository_id=962161031
time="2025-04-30T14:49:41+02:00" level=info msg="Stored module common/modules/inference-service" repository_id=962161031
time="2025-04-30T14:49:41+02:00" level=info msg="Stored module common/modules/jupyter" repository_id=962161031
time="2025-04-30T14:49:41+02:00" level=info msg="Stored module common/modules/kuberay-cluster" repository_id=962161031
time="2025-04-30T14:49:41+02:00" level=info msg="Stored module common/modules/kuberay-monitoring" repository_id=962161031
time="2025-04-30T14:49:41+02:00" level=info msg="Stored module common/modules/kubernetes-namespace" repository_id=962161031
time="2025-04-30T14:49:41+02:00" level=info msg="Stored module jupyter" repository_id=962161031
time="2025-04-30T14:49:41+02:00" level=info msg="Stored module rag/frontend" repository_id=962161031
time="2025-04-30T14:49:41+02:00" level=info msg="Stored module rag" repository_id=962161031
time="2025-04-30T14:49:42+02:00" level=debug msg="Found 1 module directories" repository_id=964859218 worker_id=4
time="2025-04-30T14:49:42+02:00" level=info msg="Analyzed 1 modules" repository_id=964859218 worker_id=4
time="2025-04-30T14:49:42+02:00" level=info msg="Created TAR GZ file repositories/964859218.tar.gz" repository_id=964859218 worker_id=4
time="2025-04-30T14:49:42+02:00" level=info msg="Removed repository directory repositories/964859218" repository_id=964859218 worker_id=4
time="2025-04-30T14:49:42+02:00" level=info msg="Processing repository 966934374" repository_id=966934374 worker_id=4
time="2025-04-30T14:49:42+02:00" level=info msg="Cloning https://github.com/terraform-google-modules/terraform-google-abfs.git" repository_id=966934374 worker_id=4
time="2025-04-30T14:49:42+02:00" level=info msg="Updated commit SHA 0f8c5b23cb5119e4eee6a7740ddb17ed9225fa6b" repository_id=964859218
time="2025-04-30T14:49:42+02:00" level=info msg="Stored module ." repository_id=964859218
time="2025-04-30T14:49:42+02:00" level=debug msg="Found 5 module directories" repository_id=965902890 worker_id=1
time="2025-04-30T14:49:42+02:00" level=info msg="Analyzed 5 modules" repository_id=965902890 worker_id=1
time="2025-04-30T14:49:42+02:00" level=info msg="Created TAR GZ file repositories/965902890.tar.gz" repository_id=965902890 worker_id=1
time="2025-04-30T14:49:42+02:00" level=info msg="Removed repository directory repositories/965902890" repository_id=965902890 worker_id=1
time="2025-04-30T14:49:42+02:00" level=info msg="Processing repository 967106800" repository_id=967106800 worker_id=1
time="2025-04-30T14:49:42+02:00" level=info msg="Cloning https://github.com/ynovytskyy/homelab-k8s-platform.git" repository_id=967106800 worker_id=1
time="2025-04-30T14:49:42+02:00" level=info msg="Updated commit SHA cfb7ca567e745492f3809bda6ba11d90ccc31fdf" repository_id=965902890
time="2025-04-30T14:49:42+02:00" level=info msg="Stored module terraform" repository_id=965902890
time="2025-04-30T14:49:42+02:00" level=info msg="Stored module terraform/modules/apps/terraform" repository_id=965902890
time="2025-04-30T14:49:42+02:00" level=info msg="Stored module terraform/modules/infra/providers/proxmox/terraform" repository_id=965902890
time="2025-04-30T14:49:42+02:00" level=info msg="Stored module terraform/modules/infra/providers/upcloud/terraform" repository_id=965902890
time="2025-04-30T14:49:42+02:00" level=info msg="Stored module terraform/modules/k3s_install/terraform" repository_id=965902890
time="2025-04-30T14:49:42+02:00" level=debug msg="Found 1 module directories" repository_id=964009563 worker_id=2
time="2025-04-30T14:49:42+02:00" level=info msg="Analyzed 1 modules" repository_id=964009563 worker_id=2
time="2025-04-30T14:49:42+02:00" level=info msg="Created TAR GZ file repositories/964009563.tar.gz" repository_id=964009563 worker_id=2
time="2025-04-30T14:49:42+02:00" level=info msg="Removed repository directory repositories/964009563" repository_id=964009563 worker_id=2
time="2025-04-30T14:49:42+02:00" level=info msg="Processing repository 967443774" repository_id=967443774 worker_id=2
time="2025-04-30T14:49:42+02:00" level=info msg="Cloning https://github.com/langfuse/langfuse-terraform-gcp.git" repository_id=967443774 worker_id=2
time="2025-04-30T14:49:42+02:00" level=info msg="Updated commit SHA 8a9f3a3b676fd4b3dcf9048fc5ef5e3eadcef07a" repository_id=964009563
time="2025-04-30T14:49:42+02:00" level=info msg="Stored module infra" repository_id=964009563
time="2025-04-30T14:49:42+02:00" level=debug msg="Found 1 module directories" repository_id=965160040 worker_id=7
time="2025-04-30T14:49:42+02:00" level=info msg="Analyzed 1 modules" repository_id=965160040 worker_id=7
time="2025-04-30T14:49:42+02:00" level=info msg="Created TAR GZ file repositories/965160040.tar.gz" repository_id=965160040 worker_id=7
time="2025-04-30T14:49:42+02:00" level=info msg="Removed repository directory repositories/965160040" repository_id=965160040 worker_id=7
time="2025-04-30T14:49:42+02:00" level=info msg="Processing repository 967485429" repository_id=967485429 worker_id=7
time="2025-04-30T14:49:42+02:00" level=info msg="Cloning https://github.com/cloudwithritesh/tf-azpolicy-demo.git" repository_id=967485429 worker_id=7
time="2025-04-30T14:49:42+02:00" level=info msg="Updated commit SHA 834599cc574055ef220e6ef60e7aba5b984f3763" repository_id=965160040
time="2025-04-30T14:49:42+02:00" level=info msg="Stored module infra" repository_id=965160040
time="2025-04-30T14:49:42+02:00" level=debug msg="Found 1 module directories" repository_id=963647539 worker_id=5
time="2025-04-30T14:49:42+02:00" level=info msg="Analyzed 1 modules" repository_id=963647539 worker_id=5
time="2025-04-30T14:49:42+02:00" level=info msg="Created TAR GZ file repositories/963647539.tar.gz" repository_id=963647539 worker_id=5
time="2025-04-30T14:49:42+02:00" level=info msg="Removed repository directory repositories/963647539" repository_id=963647539 worker_id=5
time="2025-04-30T14:49:42+02:00" level=info msg="Processing repository 968105184" repository_id=968105184 worker_id=5
time="2025-04-30T14:49:42+02:00" level=info msg="Cloning https://github.com/HealsCodes/ephemeral-devbox.git" repository_id=968105184 worker_id=5
time="2025-04-30T14:49:42+02:00" level=info msg="Updated commit SHA 5c520bb08d87719de7f58b4e408bcf11b4e33f76" repository_id=963647539
time="2025-04-30T14:49:42+02:00" level=info msg="Stored module ." repository_id=963647539
time="2025-04-30T14:49:42+02:00" level=debug msg="Found 1 module directories" repository_id=966921462 worker_id=3
time="2025-04-30T14:49:42+02:00" level=info msg="Analyzed 1 modules" repository_id=966921462 worker_id=3
time="2025-04-30T14:49:42+02:00" level=info msg="Created TAR GZ file repositories/966921462.tar.gz" repository_id=966921462 worker_id=3
time="2025-04-30T14:49:42+02:00" level=info msg="Removed repository directory repositories/966921462" repository_id=966921462 worker_id=3
time="2025-04-30T14:49:42+02:00" level=info msg="Processing repository 968446241" repository_id=968446241 worker_id=3
time="2025-04-30T14:49:42+02:00" level=info msg="Cloning https://github.com/nulldutra/terraform-kind-grafana-stack.git" repository_id=968446241 worker_id=3
time="2025-04-30T14:49:42+02:00" level=info msg="Updated commit SHA 6aa839fbef1689719722c47ebcf9045eb31737bb" repository_id=966921462
time="2025-04-30T14:49:42+02:00" level=info msg="Stored module oci-terraform-codes/oci-terraform" repository_id=966921462
time="2025-04-30T14:49:43+02:00" level=debug msg="Found 1 module directories" repository_id=965913812 worker_id=6
time="2025-04-30T14:49:43+02:00" level=info msg="Analyzed 1 modules" repository_id=965913812 worker_id=6
time="2025-04-30T14:49:43+02:00" level=info msg="Created TAR GZ file repositories/965913812.tar.gz" repository_id=965913812 worker_id=6
time="2025-04-30T14:49:43+02:00" level=info msg="Removed repository directory repositories/965913812" repository_id=965913812 worker_id=6
time="2025-04-30T14:49:43+02:00" level=info msg="Processing repository 969950115" repository_id=969950115 worker_id=6
time="2025-04-30T14:49:43+02:00" level=info msg="Cloning https://github.com/AlejandraBeltranMorales/TFG-LXC.git" repository_id=969950115 worker_id=6
time="2025-04-30T14:49:43+02:00" level=info msg="Updated commit SHA c7cf12e05891779ab0426d8355db40ad0eac4d32" repository_id=965913812
time="2025-04-30T14:49:43+02:00" level=info msg="Stored module infra" repository_id=965913812
time="2025-04-30T14:49:44+02:00" level=debug msg="Found 4 module directories" repository_id=967106800 worker_id=1
time="2025-04-30T14:49:44+02:00" level=info msg="Analyzed 4 modules" repository_id=967106800 worker_id=1
time="2025-04-30T14:49:44+02:00" level=info msg="Created TAR GZ file repositories/967106800.tar.gz" repository_id=967106800 worker_id=1
time="2025-04-30T14:49:44+02:00" level=debug msg="Found 2 module directories" repository_id=967443774 worker_id=2
time="2025-04-30T14:49:44+02:00" level=info msg="Removed repository directory repositories/967106800" repository_id=967106800 worker_id=1
time="2025-04-30T14:49:44+02:00" level=info msg="Processing repository 970085397" repository_id=970085397 worker_id=1
time="2025-04-30T14:49:44+02:00" level=info msg="Cloning https://github.com/SubhanshuMG/agentic-rag-devsecops.git" repository_id=970085397 worker_id=1
time="2025-04-30T14:49:44+02:00" level=info msg="Updated commit SHA a3e562cb648b403da92c87a7e3e971cc49c8db33" repository_id=967106800
time="2025-04-30T14:49:44+02:00" level=info msg="Stored module ." repository_id=967106800
time="2025-04-30T14:49:44+02:00" level=info msg="Stored module modules/longhorn" repository_id=967106800
time="2025-04-30T14:49:44+02:00" level=info msg="Stored module modules/metallb" repository_id=967106800
time="2025-04-30T14:49:44+02:00" level=info msg="Stored module modules/proxmox_talos" repository_id=967106800
time="2025-04-30T14:49:44+02:00" level=info msg="Analyzed 2 modules" repository_id=967443774 worker_id=2
time="2025-04-30T14:49:44+02:00" level=info msg="Created TAR GZ file repositories/967443774.tar.gz" repository_id=967443774 worker_id=2
time="2025-04-30T14:49:44+02:00" level=info msg="Removed repository directory repositories/967443774" repository_id=967443774 worker_id=2
time="2025-04-30T14:49:44+02:00" level=info msg="Processing repository 970381779" repository_id=970381779 worker_id=2
time="2025-04-30T14:49:44+02:00" level=info msg="Cloning https://github.com/davmano/terraform-aws-webapp.git" repository_id=970381779 worker_id=2
time="2025-04-30T14:49:44+02:00" level=info msg="Updated commit SHA b05c15c5995ed5495ed9dc8cd61285f5ada21dc2" repository_id=967443774
time="2025-04-30T14:49:44+02:00" level=info msg="Stored module ." repository_id=967443774
time="2025-04-30T14:49:44+02:00" level=info msg="Stored module examples/quickstart" repository_id=967443774
time="2025-04-30T14:49:44+02:00" level=debug msg="Found 1 module directories" repository_id=968105184 worker_id=5
time="2025-04-30T14:49:44+02:00" level=info msg="Analyzed 1 modules" repository_id=968105184 worker_id=5
time="2025-04-30T14:49:44+02:00" level=info msg="Created TAR GZ file repositories/968105184.tar.gz" repository_id=968105184 worker_id=5
time="2025-04-30T14:49:44+02:00" level=info msg="Removed repository directory repositories/968105184" repository_id=968105184 worker_id=5
time="2025-04-30T14:49:44+02:00" level=info msg="Processing repository 970837012" repository_id=970837012 worker_id=5
time="2025-04-30T14:49:44+02:00" level=info msg="Cloning https://github.com/mikevanwinkle/deploy-python.git" repository_id=970837012 worker_id=5
time="2025-04-30T14:49:44+02:00" level=info msg="Updated commit SHA c0725a39c84c40f5ee13776f27cdf49739cf8d53" repository_id=968105184
time="2025-04-30T14:49:44+02:00" level=info msg="Stored module ." repository_id=968105184
time="2025-04-30T14:49:44+02:00" level=debug msg="Found 1 module directories" repository_id=968446241 worker_id=3
time="2025-04-30T14:49:44+02:00" level=info msg="Analyzed 1 modules" repository_id=968446241 worker_id=3
time="2025-04-30T14:49:44+02:00" level=info msg="Created TAR GZ file repositories/968446241.tar.gz" repository_id=968446241 worker_id=3
time="2025-04-30T14:49:44+02:00" level=info msg="Removed repository directory repositories/968446241" repository_id=968446241 worker_id=3
time="2025-04-30T14:49:44+02:00" level=info msg="Processing repository 971773787" repository_id=971773787 worker_id=3
time="2025-04-30T14:49:44+02:00" level=info msg="Cloning https://github.com/claudiocaldeirao/url-shortener.git" repository_id=971773787 worker_id=3
time="2025-04-30T14:49:44+02:00" level=info msg="Updated commit SHA e4cfe152bb2728cc5f9edc863ac51ed081955c35" repository_id=968446241
time="2025-04-30T14:49:44+02:00" level=info msg="Stored module ." repository_id=968446241
time="2025-04-30T14:49:44+02:00" level=debug msg="Found 4 module directories" repository_id=966934374 worker_id=4
time="2025-04-30T14:49:44+02:00" level=info msg="Analyzed 4 modules" repository_id=966934374 worker_id=4
time="2025-04-30T14:49:44+02:00" level=info msg="Created TAR GZ file repositories/966934374.tar.gz" repository_id=966934374 worker_id=4
time="2025-04-30T14:49:44+02:00" level=info msg="Removed repository directory repositories/966934374" repository_id=966934374 worker_id=4
time="2025-04-30T14:49:44+02:00" level=info msg="Processing repository 971932504" repository_id=971932504 worker_id=4
time="2025-04-30T14:49:44+02:00" level=info msg="Cloning https://github.com/CloudAstro/terraform-opentelekomcloud-module-template.git" repository_id=971932504 worker_id=4
time="2025-04-30T14:49:44+02:00" level=info msg="Updated commit SHA 105afd95e2aa3b716168f518873d893839e5fc43" repository_id=966934374
time="2025-04-30T14:49:44+02:00" level=info msg="Stored module examples/simple" repository_id=966934374
time="2025-04-30T14:49:44+02:00" level=info msg="Stored module examples/simple/monitoring" repository_id=966934374
time="2025-04-30T14:49:44+02:00" level=info msg="Stored module modules/server" repository_id=966934374
time="2025-04-30T14:49:44+02:00" level=info msg="Stored module modules/uploaders" repository_id=966934374
time="2025-04-30T14:49:45+02:00" level=debug msg="Found 1 module directories" repository_id=969950115 worker_id=6
time="2025-04-30T14:49:45+02:00" level=info msg="Analyzed 1 modules" repository_id=969950115 worker_id=6
time="2025-04-30T14:49:45+02:00" level=info msg="Created TAR GZ file repositories/969950115.tar.gz" repository_id=969950115 worker_id=6
time="2025-04-30T14:49:45+02:00" level=info msg="Removed repository directory repositories/969950115" repository_id=969950115 worker_id=6
time="2025-04-30T14:49:45+02:00" level=info msg="Processing repository 972060136" repository_id=972060136 worker_id=6
time="2025-04-30T14:49:45+02:00" level=info msg="Cloning https://github.com/langfuse/langfuse-terraform-azure.git" repository_id=972060136 worker_id=6
time="2025-04-30T14:49:45+02:00" level=info msg="Updated commit SHA 783bc83815b999edd78bf6090b44a1a459603852" repository_id=969950115
time="2025-04-30T14:49:45+02:00" level=info msg="Stored module tf" repository_id=969950115
time="2025-04-30T14:49:46+02:00" level=debug msg="Found 1 module directories" repository_id=967485429 worker_id=7
time="2025-04-30T14:49:46+02:00" level=info msg="Analyzed 1 modules" repository_id=967485429 worker_id=7
time="2025-04-30T14:49:46+02:00" level=info msg="Created TAR GZ file repositories/967485429.tar.gz" repository_id=967485429 worker_id=7
time="2025-04-30T14:49:46+02:00" level=info msg="Removed repository directory repositories/967485429" repository_id=967485429 worker_id=7
time="2025-04-30T14:49:46+02:00" level=info msg="Processing repository 972547784" repository_id=972547784 worker_id=7
time="2025-04-30T14:49:46+02:00" level=info msg="Cloning https://github.com/cozystack/examples.git" repository_id=972547784 worker_id=7
time="2025-04-30T14:49:46+02:00" level=info msg="Updated commit SHA 9810b7d960c92d15eee3f0046c07a8a9416ca7b6" repository_id=967485429
time="2025-04-30T14:49:46+02:00" level=info msg="Stored module ." repository_id=967485429
time="2025-04-30T14:49:47+02:00" level=debug msg="Found 2 module directories" repository_id=972060136 worker_id=6
time="2025-04-30T14:49:47+02:00" level=info msg="Analyzed 2 modules" repository_id=972060136 worker_id=6
time="2025-04-30T14:49:47+02:00" level=info msg="Created TAR GZ file repositories/972060136.tar.gz" repository_id=972060136 worker_id=6
time="2025-04-30T14:49:47+02:00" level=info msg="Removed repository directory repositories/972060136" repository_id=972060136 worker_id=6
time="2025-04-30T14:49:47+02:00" level=info msg="Processing repository 973152097" repository_id=973152097 worker_id=6
time="2025-04-30T14:49:47+02:00" level=info msg="Cloning https://github.com/susilnem/az-terraform-modules.git" repository_id=973152097 worker_id=6
time="2025-04-30T14:49:47+02:00" level=info msg="Updated commit SHA b5795d747f4ea82a1c98a8ee95c1f9f405c14b15" repository_id=972060136
time="2025-04-30T14:49:47+02:00" level=info msg="Stored module ." repository_id=972060136
time="2025-04-30T14:49:47+02:00" level=info msg="Stored module examples/quickstart" repository_id=972060136
time="2025-04-30T14:49:48+02:00" level=debug msg="Found 2 module directories" repository_id=972547784 worker_id=7
time="2025-04-30T14:49:48+02:00" level=info msg="Analyzed 2 modules" repository_id=972547784 worker_id=7
time="2025-04-30T14:49:48+02:00" level=info msg="Created TAR GZ file repositories/972547784.tar.gz" repository_id=972547784 worker_id=7
time="2025-04-30T14:49:48+02:00" level=info msg="Removed repository directory repositories/972547784" repository_id=972547784 worker_id=7
time="2025-04-30T14:49:48+02:00" level=info msg="Processing repository 973852013" repository_id=973852013 worker_id=7
time="2025-04-30T14:49:48+02:00" level=info msg="Cloning https://github.com/dushanprojects/GCP_Terrafrom_Modules.git" repository_id=973852013 worker_id=7
time="2025-04-30T14:49:48+02:00" level=info msg="Updated commit SHA 4817d0861b374c5030f9fca747ce30b9f3bcc9ec" repository_id=972547784
time="2025-04-30T14:49:48+02:00" level=info msg="Stored module 001-deploy-cozystack-oci/_modules/vcn" repository_id=972547784
time="2025-04-30T14:49:48+02:00" level=info msg="Stored module 001-deploy-cozystack-oci" repository_id=972547784
time="2025-04-30T14:49:48+02:00" level=debug msg="Found 1 module directories" repository_id=970085397 worker_id=1
time="2025-04-30T14:49:48+02:00" level=info msg="Analyzed 1 modules" repository_id=970085397 worker_id=1
time="2025-04-30T14:49:48+02:00" level=info msg="Created TAR GZ file repositories/970085397.tar.gz" repository_id=970085397 worker_id=1
time="2025-04-30T14:49:48+02:00" level=info msg="Removed repository directory repositories/970085397" repository_id=970085397 worker_id=1
time="2025-04-30T14:49:48+02:00" level=info msg="Processing repository 974262498" repository_id=974262498 worker_id=1
time="2025-04-30T14:49:48+02:00" level=info msg="Cloning https://github.com/CloudAstro/terraform-azurerm-virtual-network.git" repository_id=974262498 worker_id=1
time="2025-04-30T14:49:48+02:00" level=info msg="Updated commit SHA 3d3f2f3d20a2c7b5857a051565e99dbcdaff650b" repository_id=970085397
time="2025-04-30T14:49:48+02:00" level=info msg="Stored module infrastructure/infra/terraform/eks" repository_id=970085397
time="2025-04-30T14:49:48+02:00" level=debug msg="Found 1 module directories" repository_id=970837012 worker_id=5
time="2025-04-30T14:49:48+02:00" level=info msg="Analyzed 1 modules" repository_id=970837012 worker_id=5
time="2025-04-30T14:49:48+02:00" level=info msg="Created TAR GZ file repositories/970837012.tar.gz" repository_id=970837012 worker_id=5
time="2025-04-30T14:49:48+02:00" level=info msg="Removed repository directory repositories/970837012" repository_id=970837012 worker_id=5
time="2025-04-30T14:49:48+02:00" level=info msg="Processing repository 974774456" repository_id=974774456 worker_id=5
time="2025-04-30T14:49:48+02:00" level=info msg="Cloning https://github.com/CloudAstro/terraform-azurerm-subnet.git" repository_id=974774456 worker_id=5
time="2025-04-30T14:49:48+02:00" level=info msg="Updated commit SHA dfc1823cf22cfc3ed94fb451c7b54af49a493386" repository_id=970837012
time="2025-04-30T14:49:48+02:00" level=info msg="Stored module aws-lambda" repository_id=970837012
time="2025-04-30T14:49:49+02:00" level=debug msg="Found 4 module directories" repository_id=973152097 worker_id=6
time="2025-04-30T14:49:49+02:00" level=info msg="Analyzed 4 modules" repository_id=973152097 worker_id=6
time="2025-04-30T14:49:49+02:00" level=info msg="Created TAR GZ file repositories/973152097.tar.gz" repository_id=973152097 worker_id=6
time="2025-04-30T14:49:49+02:00" level=info msg="Removed repository directory repositories/973152097" repository_id=973152097 worker_id=6
time="2025-04-30T14:49:49+02:00" level=info msg="Processing repository 974828434" repository_id=974828434 worker_id=6
time="2025-04-30T14:49:49+02:00" level=info msg="Cloning https://github.com/CloudAstro/terraform-opentelekomcloud-vpc.git" repository_id=974828434 worker_id=6
time="2025-04-30T14:49:49+02:00" level=info msg="Updated commit SHA ac3ac43f19276ab389fb79abc3c89f3d7503027b" repository_id=973152097
time="2025-04-30T14:49:49+02:00" level=info msg="Stored module ." repository_id=973152097
time="2025-04-30T14:49:49+02:00" level=info msg="Stored module environments" repository_id=973152097
time="2025-04-30T14:49:49+02:00" level=info msg="Stored module modules/az_network" repository_id=973152097
time="2025-04-30T14:49:49+02:00" level=info msg="Stored module modules/az_virtual_machine" repository_id=973152097
time="2025-04-30T14:49:50+02:00" level=debug msg="Found 8 module directories" repository_id=973852013 worker_id=7
time="2025-04-30T14:49:50+02:00" level=info msg="Analyzed 8 modules" repository_id=973852013 worker_id=7
time="2025-04-30T14:49:50+02:00" level=info msg="Created TAR GZ file repositories/973852013.tar.gz" repository_id=973852013 worker_id=7
time="2025-04-30T14:49:50+02:00" level=info msg="Removed repository directory repositories/973852013" repository_id=973852013 worker_id=7
time="2025-04-30T14:49:50+02:00" level=info msg="Processing repository 974931321" repository_id=974931321 worker_id=7
time="2025-04-30T14:49:50+02:00" level=info msg="Cloning https://github.com/khoubate/honeynetx.git" repository_id=974931321 worker_id=7
time="2025-04-30T14:49:50+02:00" level=info msg="Updated commit SHA c037f8dab28530f045081017126979c58e79800d" repository_id=973852013
time="2025-04-30T14:49:50+02:00" level=info msg="Stored module examples/cloudfunction_disk_attach_check" repository_id=973852013
time="2025-04-30T14:49:50+02:00" level=info msg="Stored module examples/gke_clusters/regional_cluster_default_vpc" repository_id=973852013
time="2025-04-30T14:49:50+02:00" level=info msg="Stored module examples/gke_clusters/regional_private_cluster_custom_vpc" repository_id=973852013
time="2025-04-30T14:49:50+02:00" level=info msg="Stored module examples/vpc_custom" repository_id=973852013
time="2025-04-30T14:49:50+02:00" level=info msg="Stored module modules/cloud_function" repository_id=973852013
time="2025-04-30T14:49:50+02:00" level=info msg="Stored module modules/enable_services" repository_id=973852013
time="2025-04-30T14:49:50+02:00" level=info msg="Stored module modules/gke_regional_cluster" repository_id=973852013
time="2025-04-30T14:49:50+02:00" level=info msg="Stored module modules/vpc" repository_id=973852013
time="2025-04-30T14:49:51+02:00" level=debug msg="Found 3 module directories" repository_id=974774456 worker_id=5
time="2025-04-30T14:49:51+02:00" level=info msg="Analyzed 3 modules" repository_id=974774456 worker_id=5
time="2025-04-30T14:49:51+02:00" level=debug msg="Found 3 module directories" repository_id=974262498 worker_id=1
time="2025-04-30T14:49:51+02:00" level=info msg="Created TAR GZ file repositories/974774456.tar.gz" repository_id=974774456 worker_id=5
time="2025-04-30T14:49:51+02:00" level=info msg="Removed repository directory repositories/974774456" repository_id=974774456 worker_id=5
time="2025-04-30T14:49:51+02:00" level=info msg="Updated commit SHA 24c197a5c6b59fecf54d436d4fb0ea47ff7924cf" repository_id=974774456
time="2025-04-30T14:49:51+02:00" level=info msg="Stored module examples/default" repository_id=974774456
time="2025-04-30T14:49:51+02:00" level=info msg="Stored module examples/full" repository_id=974774456
time="2025-04-30T14:49:51+02:00" level=info msg="Stored module ." repository_id=974774456
time="2025-04-30T14:49:51+02:00" level=info msg="Analyzed 3 modules" repository_id=974262498 worker_id=1
time="2025-04-30T14:49:51+02:00" level=info msg="Created TAR GZ file repositories/974262498.tar.gz" repository_id=974262498 worker_id=1
time="2025-04-30T14:49:51+02:00" level=info msg="Removed repository directory repositories/974262498" repository_id=974262498 worker_id=1
time="2025-04-30T14:49:51+02:00" level=info msg="Updated commit SHA b390c6834852d7e96b5b6683c0649f0f10799673" repository_id=974262498
time="2025-04-30T14:49:51+02:00" level=info msg="Stored module examples/default" repository_id=974262498
time="2025-04-30T14:49:51+02:00" level=info msg="Stored module examples/full" repository_id=974262498
time="2025-04-30T14:49:51+02:00" level=info msg="Stored module ." repository_id=974262498
time="2025-04-30T14:49:51+02:00" level=debug msg="Found 3 module directories" repository_id=974828434 worker_id=6
time="2025-04-30T14:49:51+02:00" level=info msg="Analyzed 3 modules" repository_id=974828434 worker_id=6
time="2025-04-30T14:49:51+02:00" level=info msg="Created TAR GZ file repositories/974828434.tar.gz" repository_id=974828434 worker_id=6
time="2025-04-30T14:49:51+02:00" level=info msg="Removed repository directory repositories/974828434" repository_id=974828434 worker_id=6
time="2025-04-30T14:49:51+02:00" level=info msg="Updated commit SHA a10c26874b6388bbcbbaab7f5b5f02df9088cc24" repository_id=974828434
time="2025-04-30T14:49:51+02:00" level=info msg="Stored module examples/default" repository_id=974828434
time="2025-04-30T14:49:51+02:00" level=info msg="Stored module examples/full" repository_id=974828434
time="2025-04-30T14:49:51+02:00" level=info msg="Stored module ." repository_id=974828434
time="2025-04-30T14:49:52+02:00" level=debug msg="Found 3 module directories" repository_id=971932504 worker_id=4
time="2025-04-30T14:49:52+02:00" level=info msg="Analyzed 3 modules" repository_id=971932504 worker_id=4
time="2025-04-30T14:49:52+02:00" level=info msg="Created TAR GZ file repositories/971932504.tar.gz" repository_id=971932504 worker_id=4
time="2025-04-30T14:49:52+02:00" level=info msg="Removed repository directory repositories/971932504" repository_id=971932504 worker_id=4
time="2025-04-30T14:49:52+02:00" level=info msg="Updated commit SHA 443141da525c2d360f00f4f0ae7e1ff8d591ee4e" repository_id=971932504
time="2025-04-30T14:49:52+02:00" level=info msg="Stored module examples/default" repository_id=971932504
time="2025-04-30T14:49:52+02:00" level=info msg="Stored module examples/full" repository_id=971932504
time="2025-04-30T14:49:52+02:00" level=info msg="Stored module ." repository_id=971932504
time="2025-04-30T14:49:52+02:00" level=debug msg="Found 1 module directories" repository_id=971773787 worker_id=3
time="2025-04-30T14:49:52+02:00" level=info msg="Analyzed 1 modules" repository_id=971773787 worker_id=3
time="2025-04-30T14:49:52+02:00" level=info msg="Created TAR GZ file repositories/971773787.tar.gz" repository_id=971773787 worker_id=3
time="2025-04-30T14:49:52+02:00" level=info msg="Removed repository directory repositories/971773787" repository_id=971773787 worker_id=3
time="2025-04-30T14:49:52+02:00" level=info msg="Updated commit SHA 54eee6e5150412ee731afd20696dcadf8f851ff6" repository_id=971773787
time="2025-04-30T14:49:52+02:00" level=info msg="Stored module ." repository_id=971773787
time="2025-04-30T14:50:08+02:00" level=debug msg="Found 1 module directories" repository_id=974931321 worker_id=7
time="2025-04-30T14:50:08+02:00" level=info msg="Analyzed 1 modules" repository_id=974931321 worker_id=7
time="2025-04-30T14:50:08+02:00" level=info msg="Created TAR GZ file repositories/974931321.tar.gz" repository_id=974931321 worker_id=7
time="2025-04-30T14:50:08+02:00" level=info msg="Removed repository directory repositories/974931321" repository_id=974931321 worker_id=7
time="2025-04-30T14:50:08+02:00" level=info msg="Updated commit SHA de272b61c755980de339933263c66652ad2cfbde" repository_id=974931321
time="2025-04-30T14:50:08+02:00" level=info msg="Stored module terraform" repository_id=974931321
time="2025-04-30T14:50:19+02:00" level=debug msg="Found 1 module directories" repository_id=925599541 worker_id=8
time="2025-04-30T14:50:19+02:00" level=warning msg="Diagnostic messages: Argument or block definition required: An argument or block definition is required here. To set an argument, use the equals sign \"=\" to introduce the argument value. (and 28 other messages)" repository_id=925599541 worker_id=8
time="2025-04-30T14:50:19+02:00" level=info msg="Analyzed 1 modules" repository_id=925599541 worker_id=8
time="2025-04-30T14:50:24+02:00" level=info msg="Created TAR GZ file repositories/925599541.tar.gz" repository_id=925599541 worker_id=8
time="2025-04-30T14:50:24+02:00" level=info msg="Removed repository directory repositories/925599541" repository_id=925599541 worker_id=8
time="2025-04-30T14:50:24+02:00" level=info msg="Updated commit SHA 6a99ef17eb222a41d52222e9f146be1e9ac76f28" repository_id=925599541
time="2025-04-30T14:50:24+02:00" level=info msg="Stored module NanGate45/tf" repository_id=925599541
time="2025-04-30T14:50:25+02:00" level=debug msg="Found 6 module directories" repository_id=970381779 worker_id=2
time="2025-04-30T14:50:25+02:00" level=info msg="Analyzed 6 modules" repository_id=970381779 worker_id=2
time="2025-04-30T14:50:25+02:00" level=info msg="Created TAR GZ file repositories/970381779.tar.gz" repository_id=970381779 worker_id=2
time="2025-04-30T14:50:25+02:00" level=info msg="Removed repository directory repositories/970381779" repository_id=970381779 worker_id=2
time="2025-04-30T14:50:25+02:00" level=info msg="Updated commit SHA b6d238f5701413c6f252c48cc918b758a5eebc55" repository_id=970381779
time="2025-04-30T14:50:25+02:00" level=info msg="Stored module ." repository_id=970381779
time="2025-04-30T14:50:25+02:00" level=info msg="Stored module modules/ec2" repository_id=970381779
time="2025-04-30T14:50:25+02:00" level=info msg="Stored module modules/iam" repository_id=970381779
time="2025-04-30T14:50:25+02:00" level=info msg="Stored module modules/s3" repository_id=970381779
time="2025-04-30T14:50:25+02:00" level=info msg="Stored module modules/security_group" repository_id=970381779
time="2025-04-30T14:50:25+02:00" level=info msg="Stored module modules/vpc" repository_id=970381779
time="2025-04-30T14:50:25+02:00" level=info msg="Processing complete."
